--
-- PostgreSQL database dump
--

-- Dumped from database version 16.3 (Debian 16.3-1.pgdg120+1)
-- Dumped by pg_dump version 16.3 (Debian 16.3-1.pgdg120+1)

SET statement_timeout = 0;
SET lock_timeout = 0;
SET idle_in_transaction_session_timeout = 0;
SET client_encoding = 'UTF8';
SET standard_conforming_strings = on;
SELECT pg_catalog.set_config('search_path', '', false);
SET check_function_bodies = false;
SET xmloption = content;
SET client_min_messages = warning;
SET row_security = off;

SET default_tablespace = '';

SET default_table_access_method = heap;

--
-- Name: alembic_version; Type: TABLE; Schema: public; Owner: mlflow_user
--

CREATE TABLE public.alembic_version (
    version_num character varying(32) NOT NULL
);


ALTER TABLE public.alembic_version OWNER TO mlflow_user;

--
-- Name: datasets; Type: TABLE; Schema: public; Owner: mlflow_user
--

CREATE TABLE public.datasets (
    dataset_uuid character varying(36) NOT NULL,
    experiment_id integer NOT NULL,
    name character varying(500) NOT NULL,
    digest character varying(36) NOT NULL,
    dataset_source_type character varying(36) NOT NULL,
    dataset_source text NOT NULL,
    dataset_schema text,
    dataset_profile text
);


ALTER TABLE public.datasets OWNER TO mlflow_user;

--
-- Name: experiment_id; Type: SEQUENCE; Schema: public; Owner: mlflow_user
--

CREATE SEQUENCE public.experiment_id
    START WITH 1
    INCREMENT BY 1
    NO MINVALUE
    NO MAXVALUE
    CACHE 1;


ALTER SEQUENCE public.experiment_id OWNER TO mlflow_user;

--
-- Name: experiment_tags; Type: TABLE; Schema: public; Owner: mlflow_user
--

CREATE TABLE public.experiment_tags (
    key character varying(250) NOT NULL,
    value character varying(5000),
    experiment_id integer NOT NULL
);


ALTER TABLE public.experiment_tags OWNER TO mlflow_user;

--
-- Name: experiments; Type: TABLE; Schema: public; Owner: mlflow_user
--

CREATE TABLE public.experiments (
    experiment_id integer DEFAULT nextval('public.experiment_id'::regclass) NOT NULL,
    name character varying(256) NOT NULL,
    artifact_location character varying(256),
    lifecycle_stage character varying(32),
    creation_time bigint,
    last_update_time bigint,
    CONSTRAINT experiments_lifecycle_stage CHECK (((lifecycle_stage)::text = ANY ((ARRAY['active'::character varying, 'deleted'::character varying])::text[])))
);


ALTER TABLE public.experiments OWNER TO mlflow_user;

--
-- Name: input_tags; Type: TABLE; Schema: public; Owner: mlflow_user
--

CREATE TABLE public.input_tags (
    input_uuid character varying(36) NOT NULL,
    name character varying(255) NOT NULL,
    value character varying(500) NOT NULL
);


ALTER TABLE public.input_tags OWNER TO mlflow_user;

--
-- Name: inputs; Type: TABLE; Schema: public; Owner: mlflow_user
--

CREATE TABLE public.inputs (
    input_uuid character varying(36) NOT NULL,
    source_type character varying(36) NOT NULL,
    source_id character varying(36) NOT NULL,
    destination_type character varying(36) NOT NULL,
    destination_id character varying(36) NOT NULL
);


ALTER TABLE public.inputs OWNER TO mlflow_user;

--
-- Name: latest_metrics; Type: TABLE; Schema: public; Owner: mlflow_user
--

CREATE TABLE public.latest_metrics (
    key character varying(250) NOT NULL,
    value double precision NOT NULL,
    "timestamp" bigint,
    step bigint NOT NULL,
    is_nan boolean NOT NULL,
    run_uuid character varying(32) NOT NULL
);


ALTER TABLE public.latest_metrics OWNER TO mlflow_user;

--
-- Name: metrics; Type: TABLE; Schema: public; Owner: mlflow_user
--

CREATE TABLE public.metrics (
    key character varying(250) NOT NULL,
    value double precision NOT NULL,
    "timestamp" bigint NOT NULL,
    run_uuid character varying(32) NOT NULL,
    step bigint DEFAULT '0'::bigint NOT NULL,
    is_nan boolean DEFAULT false NOT NULL
);


ALTER TABLE public.metrics OWNER TO mlflow_user;

--
-- Name: model_version_tags; Type: TABLE; Schema: public; Owner: mlflow_user
--

CREATE TABLE public.model_version_tags (
    key character varying(250) NOT NULL,
    value character varying(5000),
    name character varying(256) NOT NULL,
    version integer NOT NULL
);


ALTER TABLE public.model_version_tags OWNER TO mlflow_user;

--
-- Name: model_versions; Type: TABLE; Schema: public; Owner: mlflow_user
--

CREATE TABLE public.model_versions (
    name character varying(256) NOT NULL,
    version integer NOT NULL,
    creation_time bigint,
    last_updated_time bigint,
    description character varying(5000),
    user_id character varying(256),
    current_stage character varying(20),
    source character varying(500),
    run_id character varying(32),
    status character varying(20),
    status_message character varying(500),
    run_link character varying(500),
    storage_location character varying(500)
);


ALTER TABLE public.model_versions OWNER TO mlflow_user;

--
-- Name: params; Type: TABLE; Schema: public; Owner: mlflow_user
--

CREATE TABLE public.params (
    key character varying(250) NOT NULL,
    value character varying(8000) NOT NULL,
    run_uuid character varying(32) NOT NULL
);


ALTER TABLE public.params OWNER TO mlflow_user;

--
-- Name: registered_model_aliases; Type: TABLE; Schema: public; Owner: mlflow_user
--

CREATE TABLE public.registered_model_aliases (
    alias character varying(256) NOT NULL,
    version integer NOT NULL,
    name character varying(256) NOT NULL
);


ALTER TABLE public.registered_model_aliases OWNER TO mlflow_user;

--
-- Name: registered_model_tags; Type: TABLE; Schema: public; Owner: mlflow_user
--

CREATE TABLE public.registered_model_tags (
    key character varying(250) NOT NULL,
    value character varying(5000),
    name character varying(256) NOT NULL
);


ALTER TABLE public.registered_model_tags OWNER TO mlflow_user;

--
-- Name: registered_models; Type: TABLE; Schema: public; Owner: mlflow_user
--

CREATE TABLE public.registered_models (
    name character varying(256) NOT NULL,
    creation_time bigint,
    last_updated_time bigint,
    description character varying(5000)
);


ALTER TABLE public.registered_models OWNER TO mlflow_user;

--
-- Name: runs; Type: TABLE; Schema: public; Owner: mlflow_user
--

CREATE TABLE public.runs (
    run_uuid character varying(32) NOT NULL,
    name character varying(250),
    source_type character varying(20),
    source_name character varying(500),
    entry_point_name character varying(50),
    user_id character varying(256),
    status character varying(9),
    start_time bigint,
    end_time bigint,
    source_version character varying(50),
    lifecycle_stage character varying(20),
    artifact_uri character varying(200),
    experiment_id integer,
    deleted_time bigint,
    CONSTRAINT runs_lifecycle_stage CHECK (((lifecycle_stage)::text = ANY ((ARRAY['active'::character varying, 'deleted'::character varying])::text[]))),
    CONSTRAINT runs_status_check CHECK (((status)::text = ANY ((ARRAY['SCHEDULED'::character varying, 'FAILED'::character varying, 'FINISHED'::character varying, 'RUNNING'::character varying, 'KILLED'::character varying])::text[]))),
    CONSTRAINT source_type CHECK (((source_type)::text = ANY ((ARRAY['NOTEBOOK'::character varying, 'JOB'::character varying, 'LOCAL'::character varying, 'UNKNOWN'::character varying, 'PROJECT'::character varying])::text[])))
);


ALTER TABLE public.runs OWNER TO mlflow_user;

--
-- Name: tags; Type: TABLE; Schema: public; Owner: mlflow_user
--

CREATE TABLE public.tags (
    key character varying(250) NOT NULL,
    value character varying(5000),
    run_uuid character varying(32) NOT NULL
);


ALTER TABLE public.tags OWNER TO mlflow_user;

--
-- Data for Name: alembic_version; Type: TABLE DATA; Schema: public; Owner: mlflow_user
--

COPY public.alembic_version (version_num) FROM stdin;
acf3f17fdcc7
\.


--
-- Data for Name: datasets; Type: TABLE DATA; Schema: public; Owner: mlflow_user
--

COPY public.datasets (dataset_uuid, experiment_id, name, digest, dataset_source_type, dataset_source, dataset_schema, dataset_profile) FROM stdin;
\.


--
-- Data for Name: experiment_tags; Type: TABLE DATA; Schema: public; Owner: mlflow_user
--

COPY public.experiment_tags (key, value, experiment_id) FROM stdin;
\.


--
-- Data for Name: experiments; Type: TABLE DATA; Schema: public; Owner: mlflow_user
--

COPY public.experiments (experiment_id, name, artifact_location, lifecycle_stage, creation_time, last_update_time) FROM stdin;
0	Default	s3://mlflow-storage/0	active	1716055345532	1716055345532
\.


--
-- Data for Name: input_tags; Type: TABLE DATA; Schema: public; Owner: mlflow_user
--

COPY public.input_tags (input_uuid, name, value) FROM stdin;
\.


--
-- Data for Name: inputs; Type: TABLE DATA; Schema: public; Owner: mlflow_user
--

COPY public.inputs (input_uuid, source_type, source_id, destination_type, destination_id) FROM stdin;
\.


--
-- Data for Name: latest_metrics; Type: TABLE DATA; Schema: public; Owner: mlflow_user
--

COPY public.latest_metrics (key, value, "timestamp", step, is_nan, run_uuid) FROM stdin;
SMI - Power Draw	14.68	1716055503475	0	f	248fa5b269df49d9a9217aa573019315
SMI - Timestamp	1716055503.462	1716055503475	0	f	248fa5b269df49d9a9217aa573019315
SMI - GPU Util	0	1716055503475	0	f	248fa5b269df49d9a9217aa573019315
SMI - Mem Util	0	1716055503475	0	f	248fa5b269df49d9a9217aa573019315
SMI - Mem Used	0	1716055503475	0	f	248fa5b269df49d9a9217aa573019315
SMI - Performance State	0	1716055503475	0	f	248fa5b269df49d9a9217aa573019315
TOP - CPU Utilization	102	1716055965438	0	f	248fa5b269df49d9a9217aa573019315
TOP - Memory Usage GB	1.8804	1716055965438	0	f	248fa5b269df49d9a9217aa573019315
TOP - Memory Utilization	5.6	1716055965438	0	f	248fa5b269df49d9a9217aa573019315
TOP - Swap Memory GB	0.0173	1716055965460	0	f	248fa5b269df49d9a9217aa573019315
\.


--
-- Data for Name: metrics; Type: TABLE DATA; Schema: public; Owner: mlflow_user
--

COPY public.metrics (key, value, "timestamp", run_uuid, step, is_nan) FROM stdin;
SMI - Power Draw	14.68	1716055503475	248fa5b269df49d9a9217aa573019315	0	f
SMI - Timestamp	1716055503.462	1716055503475	248fa5b269df49d9a9217aa573019315	0	f
SMI - GPU Util	0	1716055503475	248fa5b269df49d9a9217aa573019315	0	f
SMI - Mem Util	0	1716055503475	248fa5b269df49d9a9217aa573019315	0	f
SMI - Mem Used	0	1716055503475	248fa5b269df49d9a9217aa573019315	0	f
SMI - Performance State	0	1716055503475	248fa5b269df49d9a9217aa573019315	0	f
TOP - CPU Utilization	0	1716055503538	248fa5b269df49d9a9217aa573019315	0	f
TOP - Memory Utilization	0	1716055503538	248fa5b269df49d9a9217aa573019315	0	f
TOP - Memory Usage GB	1.1622999999999999	1716055503538	248fa5b269df49d9a9217aa573019315	0	f
TOP - Swap Memory GB	0.0195	1716055503553	248fa5b269df49d9a9217aa573019315	0	f
TOP - CPU Utilization	160	1716055504540	248fa5b269df49d9a9217aa573019315	0	f
TOP - Memory Utilization	8.7	1716055504540	248fa5b269df49d9a9217aa573019315	0	f
TOP - Memory Usage GB	1.1622999999999999	1716055504540	248fa5b269df49d9a9217aa573019315	0	f
TOP - Swap Memory GB	0.0195	1716055504555	248fa5b269df49d9a9217aa573019315	0	f
TOP - CPU Utilization	100	1716055505542	248fa5b269df49d9a9217aa573019315	0	f
TOP - Memory Utilization	5.4	1716055505542	248fa5b269df49d9a9217aa573019315	0	f
TOP - Memory Usage GB	1.1622999999999999	1716055505542	248fa5b269df49d9a9217aa573019315	0	f
TOP - Swap Memory GB	0.0195	1716055505556	248fa5b269df49d9a9217aa573019315	0	f
TOP - CPU Utilization	104	1716055506545	248fa5b269df49d9a9217aa573019315	0	f
TOP - Memory Utilization	5.4	1716055506545	248fa5b269df49d9a9217aa573019315	0	f
TOP - Memory Usage GB	1.3941	1716055506545	248fa5b269df49d9a9217aa573019315	0	f
TOP - Swap Memory GB	0.0195	1716055506568	248fa5b269df49d9a9217aa573019315	0	f
TOP - CPU Utilization	102	1716055507546	248fa5b269df49d9a9217aa573019315	0	f
TOP - Memory Utilization	7.1000000000000005	1716055507546	248fa5b269df49d9a9217aa573019315	0	f
TOP - Memory Usage GB	1.3941	1716055507546	248fa5b269df49d9a9217aa573019315	0	f
TOP - Swap Memory GB	0.0195	1716055507567	248fa5b269df49d9a9217aa573019315	0	f
TOP - CPU Utilization	103	1716055508549	248fa5b269df49d9a9217aa573019315	0	f
TOP - Memory Utilization	5.4	1716055508549	248fa5b269df49d9a9217aa573019315	0	f
TOP - Memory Usage GB	1.3941	1716055508549	248fa5b269df49d9a9217aa573019315	0	f
TOP - Swap Memory GB	0.0195	1716055508562	248fa5b269df49d9a9217aa573019315	0	f
TOP - CPU Utilization	107	1716055509550	248fa5b269df49d9a9217aa573019315	0	f
TOP - Memory Utilization	7.5	1716055509550	248fa5b269df49d9a9217aa573019315	0	f
TOP - Memory Usage GB	1.3942	1716055509550	248fa5b269df49d9a9217aa573019315	0	f
TOP - Swap Memory GB	0.0195	1716055509564	248fa5b269df49d9a9217aa573019315	0	f
TOP - CPU Utilization	101	1716055510552	248fa5b269df49d9a9217aa573019315	0	f
TOP - Memory Utilization	5.4	1716055510552	248fa5b269df49d9a9217aa573019315	0	f
TOP - Memory Usage GB	1.3942	1716055510552	248fa5b269df49d9a9217aa573019315	0	f
TOP - Swap Memory GB	0.0195	1716055510574	248fa5b269df49d9a9217aa573019315	0	f
TOP - CPU Utilization	104	1716055511554	248fa5b269df49d9a9217aa573019315	0	f
TOP - Memory Utilization	5.4	1716055511554	248fa5b269df49d9a9217aa573019315	0	f
TOP - Memory Usage GB	1.3942	1716055511554	248fa5b269df49d9a9217aa573019315	0	f
TOP - Swap Memory GB	0.0195	1716055511574	248fa5b269df49d9a9217aa573019315	0	f
TOP - CPU Utilization	103	1716055512556	248fa5b269df49d9a9217aa573019315	0	f
TOP - Memory Utilization	7.1000000000000005	1716055512556	248fa5b269df49d9a9217aa573019315	0	f
TOP - Memory Usage GB	1.3948	1716055512556	248fa5b269df49d9a9217aa573019315	0	f
TOP - Swap Memory GB	0.0195	1716055512571	248fa5b269df49d9a9217aa573019315	0	f
TOP - CPU Utilization	104	1716055513558	248fa5b269df49d9a9217aa573019315	0	f
TOP - Memory Utilization	5.4	1716055513558	248fa5b269df49d9a9217aa573019315	0	f
TOP - Memory Usage GB	1.3948	1716055513558	248fa5b269df49d9a9217aa573019315	0	f
TOP - Swap Memory GB	0.0195	1716055513577	248fa5b269df49d9a9217aa573019315	0	f
TOP - CPU Utilization	103	1716055514560	248fa5b269df49d9a9217aa573019315	0	f
TOP - Memory Utilization	7.1000000000000005	1716055514560	248fa5b269df49d9a9217aa573019315	0	f
TOP - Memory Usage GB	1.3948	1716055514560	248fa5b269df49d9a9217aa573019315	0	f
TOP - Swap Memory GB	0.0195	1716055514580	248fa5b269df49d9a9217aa573019315	0	f
TOP - CPU Utilization	102	1716055515562	248fa5b269df49d9a9217aa573019315	0	f
TOP - Memory Utilization	5.4	1716055515562	248fa5b269df49d9a9217aa573019315	0	f
TOP - Memory Usage GB	1.3954000000000002	1716055515562	248fa5b269df49d9a9217aa573019315	0	f
TOP - Swap Memory GB	0.0195	1716055515576	248fa5b269df49d9a9217aa573019315	0	f
TOP - CPU Utilization	104	1716055516564	248fa5b269df49d9a9217aa573019315	0	f
TOP - Memory Utilization	5.4	1716055516564	248fa5b269df49d9a9217aa573019315	0	f
TOP - Memory Usage GB	1.3954000000000002	1716055516564	248fa5b269df49d9a9217aa573019315	0	f
TOP - Swap Memory GB	0.0195	1716055516584	248fa5b269df49d9a9217aa573019315	0	f
TOP - CPU Utilization	103	1716055517566	248fa5b269df49d9a9217aa573019315	0	f
TOP - Memory Utilization	7.1000000000000005	1716055517566	248fa5b269df49d9a9217aa573019315	0	f
TOP - Memory Usage GB	1.3954000000000002	1716055517566	248fa5b269df49d9a9217aa573019315	0	f
TOP - Swap Memory GB	0.0195	1716055517580	248fa5b269df49d9a9217aa573019315	0	f
TOP - Swap Memory GB	0.0195	1716055518587	248fa5b269df49d9a9217aa573019315	0	f
TOP - Swap Memory GB	0.0195	1716055519583	248fa5b269df49d9a9217aa573019315	0	f
TOP - Swap Memory GB	0.0195	1716055520592	248fa5b269df49d9a9217aa573019315	0	f
TOP - Swap Memory GB	0.0195	1716055521594	248fa5b269df49d9a9217aa573019315	0	f
TOP - Swap Memory GB	0.0195	1716055522589	248fa5b269df49d9a9217aa573019315	0	f
TOP - Swap Memory GB	0.0195	1716055523591	248fa5b269df49d9a9217aa573019315	0	f
TOP - Swap Memory GB	0.0195	1716055524606	248fa5b269df49d9a9217aa573019315	0	f
TOP - Swap Memory GB	0.0195	1716055525603	248fa5b269df49d9a9217aa573019315	0	f
TOP - Swap Memory GB	0.0195	1716055526608	248fa5b269df49d9a9217aa573019315	0	f
TOP - Swap Memory GB	0.0195	1716055527607	248fa5b269df49d9a9217aa573019315	0	f
TOP - Swap Memory GB	0.0195	1716055528602	248fa5b269df49d9a9217aa573019315	0	f
TOP - Swap Memory GB	0.0195	1716055529604	248fa5b269df49d9a9217aa573019315	0	f
TOP - Swap Memory GB	0.0195	1716055530608	248fa5b269df49d9a9217aa573019315	0	f
TOP - Swap Memory GB	0.0195	1716055531608	248fa5b269df49d9a9217aa573019315	0	f
TOP - Swap Memory GB	0.0195	1716055532620	248fa5b269df49d9a9217aa573019315	0	f
TOP - Swap Memory GB	0.0175	1716055533617	248fa5b269df49d9a9217aa573019315	0	f
TOP - Swap Memory GB	0.0175	1716055534621	248fa5b269df49d9a9217aa573019315	0	f
TOP - Swap Memory GB	0.0175	1716055535625	248fa5b269df49d9a9217aa573019315	0	f
TOP - Swap Memory GB	0.0175	1716055536617	248fa5b269df49d9a9217aa573019315	0	f
TOP - Swap Memory GB	0.0175	1716055537619	248fa5b269df49d9a9217aa573019315	0	f
TOP - Swap Memory GB	0.0175	1716055538621	248fa5b269df49d9a9217aa573019315	0	f
TOP - Swap Memory GB	0.0175	1716055539631	248fa5b269df49d9a9217aa573019315	0	f
TOP - Swap Memory GB	0.0175	1716055540626	248fa5b269df49d9a9217aa573019315	0	f
TOP - Swap Memory GB	0.0175	1716055541628	248fa5b269df49d9a9217aa573019315	0	f
TOP - Swap Memory GB	0.0173	1716055542637	248fa5b269df49d9a9217aa573019315	0	f
TOP - CPU Utilization	104	1716055844199	248fa5b269df49d9a9217aa573019315	0	f
TOP - Memory Utilization	5.8	1716055844199	248fa5b269df49d9a9217aa573019315	0	f
TOP - Memory Usage GB	1.8633	1716055844199	248fa5b269df49d9a9217aa573019315	0	f
TOP - CPU Utilization	103	1716055845201	248fa5b269df49d9a9217aa573019315	0	f
TOP - Memory Utilization	7.2	1716055845201	248fa5b269df49d9a9217aa573019315	0	f
TOP - Memory Usage GB	1.8635	1716055845201	248fa5b269df49d9a9217aa573019315	0	f
TOP - CPU Utilization	99	1716055846203	248fa5b269df49d9a9217aa573019315	0	f
TOP - Memory Utilization	2.6	1716055846203	248fa5b269df49d9a9217aa573019315	0	f
TOP - Memory Usage GB	1.8635	1716055846203	248fa5b269df49d9a9217aa573019315	0	f
TOP - CPU Utilization	104	1716055847205	248fa5b269df49d9a9217aa573019315	0	f
TOP - Memory Utilization	7.2	1716055847205	248fa5b269df49d9a9217aa573019315	0	f
TOP - Memory Usage GB	1.8635	1716055847205	248fa5b269df49d9a9217aa573019315	0	f
TOP - CPU Utilization	102	1716055848207	248fa5b269df49d9a9217aa573019315	0	f
TOP - Memory Utilization	5.5	1716055848207	248fa5b269df49d9a9217aa573019315	0	f
TOP - Memory Usage GB	1.8645999999999998	1716055848207	248fa5b269df49d9a9217aa573019315	0	f
TOP - CPU Utilization	102	1716055849209	248fa5b269df49d9a9217aa573019315	0	f
TOP - Memory Utilization	7.2	1716055849209	248fa5b269df49d9a9217aa573019315	0	f
TOP - Memory Usage GB	1.8645999999999998	1716055849209	248fa5b269df49d9a9217aa573019315	0	f
TOP - CPU Utilization	102	1716055850211	248fa5b269df49d9a9217aa573019315	0	f
TOP - Memory Utilization	5.5	1716055850211	248fa5b269df49d9a9217aa573019315	0	f
TOP - Memory Usage GB	1.8645999999999998	1716055850211	248fa5b269df49d9a9217aa573019315	0	f
TOP - CPU Utilization	101	1716055851212	248fa5b269df49d9a9217aa573019315	0	f
TOP - Memory Utilization	7.2	1716055851212	248fa5b269df49d9a9217aa573019315	0	f
TOP - Memory Usage GB	1.8662999999999998	1716055851212	248fa5b269df49d9a9217aa573019315	0	f
TOP - CPU Utilization	103	1716055852214	248fa5b269df49d9a9217aa573019315	0	f
TOP - Memory Utilization	5.5	1716055852214	248fa5b269df49d9a9217aa573019315	0	f
TOP - Memory Usage GB	1.8662999999999998	1716055852214	248fa5b269df49d9a9217aa573019315	0	f
TOP - CPU Utilization	103	1716055853216	248fa5b269df49d9a9217aa573019315	0	f
TOP - Memory Utilization	7.2	1716055853216	248fa5b269df49d9a9217aa573019315	0	f
TOP - Memory Usage GB	1.8662999999999998	1716055853216	248fa5b269df49d9a9217aa573019315	0	f
TOP - CPU Utilization	102	1716055854219	248fa5b269df49d9a9217aa573019315	0	f
TOP - Memory Utilization	5.5	1716055854219	248fa5b269df49d9a9217aa573019315	0	f
TOP - Memory Usage GB	1.8656	1716055854219	248fa5b269df49d9a9217aa573019315	0	f
TOP - CPU Utilization	103	1716055855221	248fa5b269df49d9a9217aa573019315	0	f
TOP - Memory Utilization	7.2	1716055855221	248fa5b269df49d9a9217aa573019315	0	f
TOP - Memory Usage GB	1.8656	1716055855221	248fa5b269df49d9a9217aa573019315	0	f
TOP - CPU Utilization	100	1716055856222	248fa5b269df49d9a9217aa573019315	0	f
TOP - Memory Utilization	5.5	1716055856222	248fa5b269df49d9a9217aa573019315	0	f
TOP - Memory Usage GB	1.8656	1716055856222	248fa5b269df49d9a9217aa573019315	0	f
TOP - CPU Utilization	104	1716055518568	248fa5b269df49d9a9217aa573019315	0	f
TOP - Memory Utilization	5.4	1716055518568	248fa5b269df49d9a9217aa573019315	0	f
TOP - Memory Usage GB	1.3948	1716055518568	248fa5b269df49d9a9217aa573019315	0	f
TOP - CPU Utilization	103	1716055519570	248fa5b269df49d9a9217aa573019315	0	f
TOP - Memory Utilization	7.1000000000000005	1716055519570	248fa5b269df49d9a9217aa573019315	0	f
TOP - Memory Usage GB	1.3948	1716055519570	248fa5b269df49d9a9217aa573019315	0	f
TOP - CPU Utilization	101	1716055520572	248fa5b269df49d9a9217aa573019315	0	f
TOP - Memory Utilization	5.4	1716055520572	248fa5b269df49d9a9217aa573019315	0	f
TOP - Memory Usage GB	1.3948	1716055520572	248fa5b269df49d9a9217aa573019315	0	f
TOP - CPU Utilization	105	1716055521574	248fa5b269df49d9a9217aa573019315	0	f
TOP - Memory Utilization	7.1000000000000005	1716055521574	248fa5b269df49d9a9217aa573019315	0	f
TOP - Memory Usage GB	1.3954000000000002	1716055521574	248fa5b269df49d9a9217aa573019315	0	f
TOP - CPU Utilization	103	1716055522576	248fa5b269df49d9a9217aa573019315	0	f
TOP - Memory Utilization	5.4	1716055522576	248fa5b269df49d9a9217aa573019315	0	f
TOP - Memory Usage GB	1.3954000000000002	1716055522576	248fa5b269df49d9a9217aa573019315	0	f
TOP - CPU Utilization	103	1716055523578	248fa5b269df49d9a9217aa573019315	0	f
TOP - Memory Utilization	7.1000000000000005	1716055523578	248fa5b269df49d9a9217aa573019315	0	f
TOP - Memory Usage GB	1.3954000000000002	1716055523578	248fa5b269df49d9a9217aa573019315	0	f
TOP - CPU Utilization	104	1716055524580	248fa5b269df49d9a9217aa573019315	0	f
TOP - Memory Utilization	5.4	1716055524580	248fa5b269df49d9a9217aa573019315	0	f
TOP - Memory Usage GB	1.3959000000000001	1716055524580	248fa5b269df49d9a9217aa573019315	0	f
TOP - CPU Utilization	102	1716055525582	248fa5b269df49d9a9217aa573019315	0	f
TOP - Memory Utilization	7.1000000000000005	1716055525582	248fa5b269df49d9a9217aa573019315	0	f
TOP - Memory Usage GB	1.3959000000000001	1716055525582	248fa5b269df49d9a9217aa573019315	0	f
TOP - CPU Utilization	103	1716055526584	248fa5b269df49d9a9217aa573019315	0	f
TOP - Memory Utilization	5.4	1716055526584	248fa5b269df49d9a9217aa573019315	0	f
TOP - Memory Usage GB	1.3959000000000001	1716055526584	248fa5b269df49d9a9217aa573019315	0	f
TOP - CPU Utilization	106	1716055527586	248fa5b269df49d9a9217aa573019315	0	f
TOP - Memory Utilization	7.1000000000000005	1716055527586	248fa5b269df49d9a9217aa573019315	0	f
TOP - Memory Usage GB	1.396	1716055527586	248fa5b269df49d9a9217aa573019315	0	f
TOP - CPU Utilization	104	1716055528588	248fa5b269df49d9a9217aa573019315	0	f
TOP - Memory Utilization	5.4	1716055528588	248fa5b269df49d9a9217aa573019315	0	f
TOP - Memory Usage GB	1.396	1716055528588	248fa5b269df49d9a9217aa573019315	0	f
TOP - CPU Utilization	102	1716055529590	248fa5b269df49d9a9217aa573019315	0	f
TOP - Memory Utilization	7.1000000000000005	1716055529590	248fa5b269df49d9a9217aa573019315	0	f
TOP - Memory Usage GB	1.396	1716055529590	248fa5b269df49d9a9217aa573019315	0	f
TOP - CPU Utilization	101	1716055530593	248fa5b269df49d9a9217aa573019315	0	f
TOP - Memory Utilization	7.1000000000000005	1716055530593	248fa5b269df49d9a9217aa573019315	0	f
TOP - Memory Usage GB	1.7036	1716055530593	248fa5b269df49d9a9217aa573019315	0	f
TOP - CPU Utilization	102	1716055531594	248fa5b269df49d9a9217aa573019315	0	f
TOP - Memory Utilization	5.4	1716055531594	248fa5b269df49d9a9217aa573019315	0	f
TOP - Memory Usage GB	1.7036	1716055531594	248fa5b269df49d9a9217aa573019315	0	f
TOP - CPU Utilization	102	1716055532597	248fa5b269df49d9a9217aa573019315	0	f
TOP - Memory Utilization	5.4	1716055532597	248fa5b269df49d9a9217aa573019315	0	f
TOP - Memory Usage GB	1.7036	1716055532597	248fa5b269df49d9a9217aa573019315	0	f
TOP - CPU Utilization	102	1716055533599	248fa5b269df49d9a9217aa573019315	0	f
TOP - Memory Utilization	7	1716055533599	248fa5b269df49d9a9217aa573019315	0	f
TOP - Memory Usage GB	1.9071	1716055533599	248fa5b269df49d9a9217aa573019315	0	f
TOP - CPU Utilization	103	1716055534600	248fa5b269df49d9a9217aa573019315	0	f
TOP - Memory Utilization	7	1716055534600	248fa5b269df49d9a9217aa573019315	0	f
TOP - Memory Usage GB	1.9071	1716055534600	248fa5b269df49d9a9217aa573019315	0	f
TOP - CPU Utilization	101	1716055535602	248fa5b269df49d9a9217aa573019315	0	f
TOP - Memory Utilization	5.3	1716055535602	248fa5b269df49d9a9217aa573019315	0	f
TOP - Memory Usage GB	1.9071	1716055535602	248fa5b269df49d9a9217aa573019315	0	f
TOP - CPU Utilization	102	1716055536604	248fa5b269df49d9a9217aa573019315	0	f
TOP - Memory Utilization	5.3	1716055536604	248fa5b269df49d9a9217aa573019315	0	f
TOP - Memory Usage GB	1.9109	1716055536604	248fa5b269df49d9a9217aa573019315	0	f
TOP - CPU Utilization	103	1716055537606	248fa5b269df49d9a9217aa573019315	0	f
TOP - Memory Utilization	7	1716055537606	248fa5b269df49d9a9217aa573019315	0	f
TOP - Memory Usage GB	1.9109	1716055537606	248fa5b269df49d9a9217aa573019315	0	f
TOP - CPU Utilization	101	1716055538608	248fa5b269df49d9a9217aa573019315	0	f
TOP - Memory Utilization	5.3	1716055538608	248fa5b269df49d9a9217aa573019315	0	f
TOP - Memory Usage GB	1.9109	1716055538608	248fa5b269df49d9a9217aa573019315	0	f
TOP - CPU Utilization	103	1716055539610	248fa5b269df49d9a9217aa573019315	0	f
TOP - Memory Utilization	7	1716055539610	248fa5b269df49d9a9217aa573019315	0	f
TOP - Memory Usage GB	1.9116	1716055539610	248fa5b269df49d9a9217aa573019315	0	f
TOP - CPU Utilization	100	1716055540612	248fa5b269df49d9a9217aa573019315	0	f
TOP - Memory Utilization	5.3	1716055540612	248fa5b269df49d9a9217aa573019315	0	f
TOP - Memory Usage GB	1.9116	1716055540612	248fa5b269df49d9a9217aa573019315	0	f
TOP - CPU Utilization	104	1716055541614	248fa5b269df49d9a9217aa573019315	0	f
TOP - Memory Utilization	7	1716055541614	248fa5b269df49d9a9217aa573019315	0	f
TOP - Memory Usage GB	1.9116	1716055541614	248fa5b269df49d9a9217aa573019315	0	f
TOP - CPU Utilization	101	1716055542616	248fa5b269df49d9a9217aa573019315	0	f
TOP - Memory Utilization	5.3	1716055542616	248fa5b269df49d9a9217aa573019315	0	f
TOP - Memory Usage GB	1.9133	1716055542616	248fa5b269df49d9a9217aa573019315	0	f
TOP - CPU Utilization	103	1716055543618	248fa5b269df49d9a9217aa573019315	0	f
TOP - Memory Utilization	7	1716055543618	248fa5b269df49d9a9217aa573019315	0	f
TOP - Memory Usage GB	1.9133	1716055543618	248fa5b269df49d9a9217aa573019315	0	f
TOP - Swap Memory GB	0.0173	1716055543633	248fa5b269df49d9a9217aa573019315	0	f
TOP - CPU Utilization	102	1716055544620	248fa5b269df49d9a9217aa573019315	0	f
TOP - Memory Utilization	5.3	1716055544620	248fa5b269df49d9a9217aa573019315	0	f
TOP - Memory Usage GB	1.9133	1716055544620	248fa5b269df49d9a9217aa573019315	0	f
TOP - Swap Memory GB	0.0173	1716055544643	248fa5b269df49d9a9217aa573019315	0	f
TOP - CPU Utilization	101	1716055545622	248fa5b269df49d9a9217aa573019315	0	f
TOP - Memory Utilization	7	1716055545622	248fa5b269df49d9a9217aa573019315	0	f
TOP - Memory Usage GB	1.9168	1716055545622	248fa5b269df49d9a9217aa573019315	0	f
TOP - Swap Memory GB	0.0173	1716055545646	248fa5b269df49d9a9217aa573019315	0	f
TOP - CPU Utilization	103	1716055546624	248fa5b269df49d9a9217aa573019315	0	f
TOP - Memory Utilization	5.3	1716055546624	248fa5b269df49d9a9217aa573019315	0	f
TOP - Memory Usage GB	1.9168	1716055546624	248fa5b269df49d9a9217aa573019315	0	f
TOP - Swap Memory GB	0.0173	1716055546638	248fa5b269df49d9a9217aa573019315	0	f
TOP - CPU Utilization	103	1716055547626	248fa5b269df49d9a9217aa573019315	0	f
TOP - Memory Utilization	7	1716055547626	248fa5b269df49d9a9217aa573019315	0	f
TOP - Memory Usage GB	1.9168	1716055547626	248fa5b269df49d9a9217aa573019315	0	f
TOP - Swap Memory GB	0.0173	1716055547643	248fa5b269df49d9a9217aa573019315	0	f
TOP - CPU Utilization	101	1716055548628	248fa5b269df49d9a9217aa573019315	0	f
TOP - Memory Utilization	5.3	1716055548628	248fa5b269df49d9a9217aa573019315	0	f
TOP - Memory Usage GB	1.9172	1716055548628	248fa5b269df49d9a9217aa573019315	0	f
TOP - Swap Memory GB	0.0173	1716055548644	248fa5b269df49d9a9217aa573019315	0	f
TOP - CPU Utilization	103	1716055549630	248fa5b269df49d9a9217aa573019315	0	f
TOP - Memory Utilization	7	1716055549630	248fa5b269df49d9a9217aa573019315	0	f
TOP - Memory Usage GB	1.9172	1716055549630	248fa5b269df49d9a9217aa573019315	0	f
TOP - Swap Memory GB	0.0173	1716055549644	248fa5b269df49d9a9217aa573019315	0	f
TOP - CPU Utilization	101	1716055550632	248fa5b269df49d9a9217aa573019315	0	f
TOP - Memory Utilization	5.3	1716055550632	248fa5b269df49d9a9217aa573019315	0	f
TOP - Memory Usage GB	1.9172	1716055550632	248fa5b269df49d9a9217aa573019315	0	f
TOP - Swap Memory GB	0.0173	1716055550648	248fa5b269df49d9a9217aa573019315	0	f
TOP - CPU Utilization	104	1716055551634	248fa5b269df49d9a9217aa573019315	0	f
TOP - Memory Utilization	7	1716055551634	248fa5b269df49d9a9217aa573019315	0	f
TOP - Memory Usage GB	1.9163	1716055551634	248fa5b269df49d9a9217aa573019315	0	f
TOP - Swap Memory GB	0.0173	1716055551655	248fa5b269df49d9a9217aa573019315	0	f
TOP - CPU Utilization	101	1716055552636	248fa5b269df49d9a9217aa573019315	0	f
TOP - Memory Utilization	5.3	1716055552636	248fa5b269df49d9a9217aa573019315	0	f
TOP - Memory Usage GB	1.9163	1716055552636	248fa5b269df49d9a9217aa573019315	0	f
TOP - Swap Memory GB	0.0173	1716055552650	248fa5b269df49d9a9217aa573019315	0	f
TOP - CPU Utilization	102	1716055553637	248fa5b269df49d9a9217aa573019315	0	f
TOP - Memory Utilization	5.3	1716055553637	248fa5b269df49d9a9217aa573019315	0	f
TOP - Memory Usage GB	1.9163	1716055553637	248fa5b269df49d9a9217aa573019315	0	f
TOP - Swap Memory GB	0.0173	1716055553659	248fa5b269df49d9a9217aa573019315	0	f
TOP - CPU Utilization	103	1716055554640	248fa5b269df49d9a9217aa573019315	0	f
TOP - Memory Utilization	7	1716055554640	248fa5b269df49d9a9217aa573019315	0	f
TOP - Memory Usage GB	1.8414000000000001	1716055554640	248fa5b269df49d9a9217aa573019315	0	f
TOP - Swap Memory GB	0.0173	1716055554656	248fa5b269df49d9a9217aa573019315	0	f
TOP - CPU Utilization	100	1716055555642	248fa5b269df49d9a9217aa573019315	0	f
TOP - Memory Utilization	5.3	1716055555642	248fa5b269df49d9a9217aa573019315	0	f
TOP - Memory Usage GB	1.8414000000000001	1716055555642	248fa5b269df49d9a9217aa573019315	0	f
TOP - Swap Memory GB	0.0173	1716055555655	248fa5b269df49d9a9217aa573019315	0	f
TOP - CPU Utilization	102	1716055556644	248fa5b269df49d9a9217aa573019315	0	f
TOP - Memory Utilization	5.3	1716055556644	248fa5b269df49d9a9217aa573019315	0	f
TOP - Memory Usage GB	1.8414000000000001	1716055556644	248fa5b269df49d9a9217aa573019315	0	f
TOP - CPU Utilization	103	1716055557646	248fa5b269df49d9a9217aa573019315	0	f
TOP - Memory Utilization	7	1716055557646	248fa5b269df49d9a9217aa573019315	0	f
TOP - Memory Usage GB	1.845	1716055557646	248fa5b269df49d9a9217aa573019315	0	f
TOP - CPU Utilization	102	1716055558648	248fa5b269df49d9a9217aa573019315	0	f
TOP - Memory Utilization	7	1716055558648	248fa5b269df49d9a9217aa573019315	0	f
TOP - Memory Usage GB	1.845	1716055558648	248fa5b269df49d9a9217aa573019315	0	f
TOP - CPU Utilization	103	1716055559650	248fa5b269df49d9a9217aa573019315	0	f
TOP - Memory Utilization	5.3	1716055559650	248fa5b269df49d9a9217aa573019315	0	f
TOP - Memory Usage GB	1.845	1716055559650	248fa5b269df49d9a9217aa573019315	0	f
TOP - CPU Utilization	99	1716055560652	248fa5b269df49d9a9217aa573019315	0	f
TOP - Memory Utilization	5.3	1716055560652	248fa5b269df49d9a9217aa573019315	0	f
TOP - Memory Usage GB	1.8463	1716055560652	248fa5b269df49d9a9217aa573019315	0	f
TOP - CPU Utilization	103	1716055561653	248fa5b269df49d9a9217aa573019315	0	f
TOP - Memory Utilization	7	1716055561653	248fa5b269df49d9a9217aa573019315	0	f
TOP - Memory Usage GB	1.8463	1716055561653	248fa5b269df49d9a9217aa573019315	0	f
TOP - CPU Utilization	104	1716055562655	248fa5b269df49d9a9217aa573019315	0	f
TOP - Memory Utilization	7	1716055562655	248fa5b269df49d9a9217aa573019315	0	f
TOP - Memory Usage GB	1.8463	1716055562655	248fa5b269df49d9a9217aa573019315	0	f
TOP - CPU Utilization	101	1716055563657	248fa5b269df49d9a9217aa573019315	0	f
TOP - Memory Utilization	5.3	1716055563657	248fa5b269df49d9a9217aa573019315	0	f
TOP - Memory Usage GB	1.8468	1716055563657	248fa5b269df49d9a9217aa573019315	0	f
TOP - CPU Utilization	103	1716055564659	248fa5b269df49d9a9217aa573019315	0	f
TOP - Memory Utilization	7	1716055564659	248fa5b269df49d9a9217aa573019315	0	f
TOP - Memory Usage GB	1.8468	1716055564659	248fa5b269df49d9a9217aa573019315	0	f
TOP - CPU Utilization	101	1716055565661	248fa5b269df49d9a9217aa573019315	0	f
TOP - Memory Utilization	5.3	1716055565661	248fa5b269df49d9a9217aa573019315	0	f
TOP - Memory Usage GB	1.8468	1716055565661	248fa5b269df49d9a9217aa573019315	0	f
TOP - CPU Utilization	102	1716055566663	248fa5b269df49d9a9217aa573019315	0	f
TOP - Memory Utilization	7	1716055566663	248fa5b269df49d9a9217aa573019315	0	f
TOP - Memory Usage GB	1.8457999999999999	1716055566663	248fa5b269df49d9a9217aa573019315	0	f
TOP - CPU Utilization	104	1716055567665	248fa5b269df49d9a9217aa573019315	0	f
TOP - Memory Utilization	5.3	1716055567665	248fa5b269df49d9a9217aa573019315	0	f
TOP - Memory Usage GB	1.8457999999999999	1716055567665	248fa5b269df49d9a9217aa573019315	0	f
TOP - CPU Utilization	102	1716055568668	248fa5b269df49d9a9217aa573019315	0	f
TOP - Memory Utilization	7	1716055568668	248fa5b269df49d9a9217aa573019315	0	f
TOP - Memory Usage GB	1.8457999999999999	1716055568668	248fa5b269df49d9a9217aa573019315	0	f
TOP - CPU Utilization	102	1716055569670	248fa5b269df49d9a9217aa573019315	0	f
TOP - Memory Utilization	5.3	1716055569670	248fa5b269df49d9a9217aa573019315	0	f
TOP - Memory Usage GB	1.8459	1716055569670	248fa5b269df49d9a9217aa573019315	0	f
TOP - CPU Utilization	101	1716055570672	248fa5b269df49d9a9217aa573019315	0	f
TOP - Memory Utilization	7	1716055570672	248fa5b269df49d9a9217aa573019315	0	f
TOP - Memory Usage GB	1.8459	1716055570672	248fa5b269df49d9a9217aa573019315	0	f
TOP - CPU Utilization	103	1716055571674	248fa5b269df49d9a9217aa573019315	0	f
TOP - Memory Utilization	5.3	1716055571674	248fa5b269df49d9a9217aa573019315	0	f
TOP - Memory Usage GB	1.8459	1716055571674	248fa5b269df49d9a9217aa573019315	0	f
TOP - CPU Utilization	101	1716055572676	248fa5b269df49d9a9217aa573019315	0	f
TOP - Memory Utilization	5.3	1716055572676	248fa5b269df49d9a9217aa573019315	0	f
TOP - Memory Usage GB	1.8455	1716055572676	248fa5b269df49d9a9217aa573019315	0	f
TOP - CPU Utilization	104	1716055573678	248fa5b269df49d9a9217aa573019315	0	f
TOP - Memory Utilization	7	1716055573678	248fa5b269df49d9a9217aa573019315	0	f
TOP - Memory Usage GB	1.8455	1716055573678	248fa5b269df49d9a9217aa573019315	0	f
TOP - CPU Utilization	102	1716055574679	248fa5b269df49d9a9217aa573019315	0	f
TOP - Memory Utilization	7	1716055574679	248fa5b269df49d9a9217aa573019315	0	f
TOP - Memory Usage GB	1.8455	1716055574679	248fa5b269df49d9a9217aa573019315	0	f
TOP - CPU Utilization	100	1716055575681	248fa5b269df49d9a9217aa573019315	0	f
TOP - Memory Utilization	5.3	1716055575681	248fa5b269df49d9a9217aa573019315	0	f
TOP - Memory Usage GB	1.8407	1716055575681	248fa5b269df49d9a9217aa573019315	0	f
TOP - CPU Utilization	102	1716055576683	248fa5b269df49d9a9217aa573019315	0	f
TOP - Memory Utilization	7	1716055576683	248fa5b269df49d9a9217aa573019315	0	f
TOP - Memory Usage GB	1.8407	1716055576683	248fa5b269df49d9a9217aa573019315	0	f
TOP - CPU Utilization	102	1716055577685	248fa5b269df49d9a9217aa573019315	0	f
TOP - Memory Utilization	5.3	1716055577685	248fa5b269df49d9a9217aa573019315	0	f
TOP - Swap Memory GB	0.0173	1716055556663	248fa5b269df49d9a9217aa573019315	0	f
TOP - Swap Memory GB	0.0173	1716055557659	248fa5b269df49d9a9217aa573019315	0	f
TOP - Swap Memory GB	0.0173	1716055558660	248fa5b269df49d9a9217aa573019315	0	f
TOP - Swap Memory GB	0.0173	1716055559663	248fa5b269df49d9a9217aa573019315	0	f
TOP - Swap Memory GB	0.0173	1716055560670	248fa5b269df49d9a9217aa573019315	0	f
TOP - Swap Memory GB	0.0173	1716055561669	248fa5b269df49d9a9217aa573019315	0	f
TOP - Swap Memory GB	0.0173	1716055562669	248fa5b269df49d9a9217aa573019315	0	f
TOP - Swap Memory GB	0.0173	1716055563672	248fa5b269df49d9a9217aa573019315	0	f
TOP - Swap Memory GB	0.0173	1716055564680	248fa5b269df49d9a9217aa573019315	0	f
TOP - Swap Memory GB	0.0173	1716055565689	248fa5b269df49d9a9217aa573019315	0	f
TOP - Swap Memory GB	0.0173	1716055566684	248fa5b269df49d9a9217aa573019315	0	f
TOP - Swap Memory GB	0.0173	1716055567686	248fa5b269df49d9a9217aa573019315	0	f
TOP - Swap Memory GB	0.0173	1716055568684	248fa5b269df49d9a9217aa573019315	0	f
TOP - Swap Memory GB	0.0173	1716055569691	248fa5b269df49d9a9217aa573019315	0	f
TOP - Swap Memory GB	0.0173	1716055570693	248fa5b269df49d9a9217aa573019315	0	f
TOP - Swap Memory GB	0.0173	1716055571698	248fa5b269df49d9a9217aa573019315	0	f
TOP - Swap Memory GB	0.0173	1716055572690	248fa5b269df49d9a9217aa573019315	0	f
TOP - Swap Memory GB	0.0173	1716055573701	248fa5b269df49d9a9217aa573019315	0	f
TOP - Swap Memory GB	0.0173	1716055574701	248fa5b269df49d9a9217aa573019315	0	f
TOP - Swap Memory GB	0.0173	1716055575703	248fa5b269df49d9a9217aa573019315	0	f
TOP - Swap Memory GB	0.0173	1716055576699	248fa5b269df49d9a9217aa573019315	0	f
TOP - Swap Memory GB	0.0173	1716055577703	248fa5b269df49d9a9217aa573019315	0	f
TOP - Swap Memory GB	0.0173	1716055578702	248fa5b269df49d9a9217aa573019315	0	f
TOP - Swap Memory GB	0.0173	1716055579710	248fa5b269df49d9a9217aa573019315	0	f
TOP - Swap Memory GB	0.0173	1716055580714	248fa5b269df49d9a9217aa573019315	0	f
TOP - Swap Memory GB	0.0173	1716055581706	248fa5b269df49d9a9217aa573019315	0	f
TOP - Swap Memory GB	0.0173	1716055582709	248fa5b269df49d9a9217aa573019315	0	f
TOP - Swap Memory GB	0.0173	1716055583718	248fa5b269df49d9a9217aa573019315	0	f
TOP - Swap Memory GB	0.0173	1716055584721	248fa5b269df49d9a9217aa573019315	0	f
TOP - Swap Memory GB	0.0173	1716055585723	248fa5b269df49d9a9217aa573019315	0	f
TOP - Swap Memory GB	0.0173	1716055586725	248fa5b269df49d9a9217aa573019315	0	f
TOP - Swap Memory GB	0.0173	1716055587726	248fa5b269df49d9a9217aa573019315	0	f
TOP - Swap Memory GB	0.0173	1716055588726	248fa5b269df49d9a9217aa573019315	0	f
TOP - Swap Memory GB	0.0173	1716055589722	248fa5b269df49d9a9217aa573019315	0	f
TOP - Swap Memory GB	0.0173	1716055590726	248fa5b269df49d9a9217aa573019315	0	f
TOP - Swap Memory GB	0.0173	1716055591733	248fa5b269df49d9a9217aa573019315	0	f
TOP - Swap Memory GB	0.0173	1716055592728	248fa5b269df49d9a9217aa573019315	0	f
TOP - Swap Memory GB	0.0173	1716055593737	248fa5b269df49d9a9217aa573019315	0	f
TOP - Swap Memory GB	0.0173	1716055594740	248fa5b269df49d9a9217aa573019315	0	f
TOP - Swap Memory GB	0.0173	1716055595742	248fa5b269df49d9a9217aa573019315	0	f
TOP - Swap Memory GB	0.0173	1716055596742	248fa5b269df49d9a9217aa573019315	0	f
TOP - Swap Memory GB	0.0173	1716055597740	248fa5b269df49d9a9217aa573019315	0	f
TOP - Swap Memory GB	0.0173	1716055598750	248fa5b269df49d9a9217aa573019315	0	f
TOP - Swap Memory GB	0.0173	1716055599749	248fa5b269df49d9a9217aa573019315	0	f
TOP - Swap Memory GB	0.0173	1716055600750	248fa5b269df49d9a9217aa573019315	0	f
TOP - Swap Memory GB	0.0173	1716055601754	248fa5b269df49d9a9217aa573019315	0	f
TOP - Swap Memory GB	0.0173	1716055602756	248fa5b269df49d9a9217aa573019315	0	f
TOP - Swap Memory GB	0.0173	1716055844220	248fa5b269df49d9a9217aa573019315	0	f
TOP - Swap Memory GB	0.0173	1716055845223	248fa5b269df49d9a9217aa573019315	0	f
TOP - Swap Memory GB	0.0173	1716055846224	248fa5b269df49d9a9217aa573019315	0	f
TOP - Swap Memory GB	0.0173	1716055847228	248fa5b269df49d9a9217aa573019315	0	f
TOP - Swap Memory GB	0.0173	1716055848221	248fa5b269df49d9a9217aa573019315	0	f
TOP - Swap Memory GB	0.0173	1716055849229	248fa5b269df49d9a9217aa573019315	0	f
TOP - Swap Memory GB	0.0173	1716055850232	248fa5b269df49d9a9217aa573019315	0	f
TOP - Swap Memory GB	0.0173	1716055851240	248fa5b269df49d9a9217aa573019315	0	f
TOP - Swap Memory GB	0.0173	1716055852241	248fa5b269df49d9a9217aa573019315	0	f
TOP - Swap Memory GB	0.0173	1716055853231	248fa5b269df49d9a9217aa573019315	0	f
TOP - Swap Memory GB	0.0173	1716055854241	248fa5b269df49d9a9217aa573019315	0	f
TOP - Swap Memory GB	0.0173	1716055855234	248fa5b269df49d9a9217aa573019315	0	f
TOP - Swap Memory GB	0.0173	1716055856235	248fa5b269df49d9a9217aa573019315	0	f
TOP - Swap Memory GB	0.0173	1716055857242	248fa5b269df49d9a9217aa573019315	0	f
TOP - Swap Memory GB	0.0173	1716055858248	248fa5b269df49d9a9217aa573019315	0	f
TOP - Swap Memory GB	0.0173	1716055859250	248fa5b269df49d9a9217aa573019315	0	f
TOP - Swap Memory GB	0.0173	1716055860252	248fa5b269df49d9a9217aa573019315	0	f
TOP - Swap Memory GB	0.0173	1716055861245	248fa5b269df49d9a9217aa573019315	0	f
TOP - Memory Usage GB	1.8407	1716055577685	248fa5b269df49d9a9217aa573019315	0	f
TOP - CPU Utilization	103	1716055578687	248fa5b269df49d9a9217aa573019315	0	f
TOP - Memory Utilization	7	1716055578687	248fa5b269df49d9a9217aa573019315	0	f
TOP - Memory Usage GB	1.8442	1716055578687	248fa5b269df49d9a9217aa573019315	0	f
TOP - CPU Utilization	102	1716055579689	248fa5b269df49d9a9217aa573019315	0	f
TOP - Memory Utilization	5.3	1716055579689	248fa5b269df49d9a9217aa573019315	0	f
TOP - Memory Usage GB	1.8442	1716055579689	248fa5b269df49d9a9217aa573019315	0	f
TOP - CPU Utilization	102	1716055580692	248fa5b269df49d9a9217aa573019315	0	f
TOP - Memory Utilization	7	1716055580692	248fa5b269df49d9a9217aa573019315	0	f
TOP - Memory Usage GB	1.8442	1716055580692	248fa5b269df49d9a9217aa573019315	0	f
TOP - CPU Utilization	101	1716055581694	248fa5b269df49d9a9217aa573019315	0	f
TOP - Memory Utilization	5.3	1716055581694	248fa5b269df49d9a9217aa573019315	0	f
TOP - Memory Usage GB	1.8475	1716055581694	248fa5b269df49d9a9217aa573019315	0	f
TOP - CPU Utilization	103	1716055582695	248fa5b269df49d9a9217aa573019315	0	f
TOP - Memory Utilization	7.1000000000000005	1716055582695	248fa5b269df49d9a9217aa573019315	0	f
TOP - Memory Usage GB	1.8475	1716055582695	248fa5b269df49d9a9217aa573019315	0	f
TOP - CPU Utilization	104	1716055583697	248fa5b269df49d9a9217aa573019315	0	f
TOP - Memory Utilization	7.4	1716055583697	248fa5b269df49d9a9217aa573019315	0	f
TOP - Memory Usage GB	1.8475	1716055583697	248fa5b269df49d9a9217aa573019315	0	f
TOP - CPU Utilization	101	1716055584699	248fa5b269df49d9a9217aa573019315	0	f
TOP - Memory Utilization	5.4	1716055584699	248fa5b269df49d9a9217aa573019315	0	f
TOP - Memory Usage GB	1.8469	1716055584699	248fa5b269df49d9a9217aa573019315	0	f
TOP - CPU Utilization	101	1716055585701	248fa5b269df49d9a9217aa573019315	0	f
TOP - Memory Utilization	5.4	1716055585701	248fa5b269df49d9a9217aa573019315	0	f
TOP - Memory Usage GB	1.8469	1716055585701	248fa5b269df49d9a9217aa573019315	0	f
TOP - CPU Utilization	102	1716055586702	248fa5b269df49d9a9217aa573019315	0	f
TOP - Memory Utilization	7.1000000000000005	1716055586702	248fa5b269df49d9a9217aa573019315	0	f
TOP - Memory Usage GB	1.8469	1716055586702	248fa5b269df49d9a9217aa573019315	0	f
TOP - CPU Utilization	103	1716055587704	248fa5b269df49d9a9217aa573019315	0	f
TOP - Memory Utilization	5.4	1716055587704	248fa5b269df49d9a9217aa573019315	0	f
TOP - Memory Usage GB	1.8462	1716055587704	248fa5b269df49d9a9217aa573019315	0	f
TOP - CPU Utilization	103	1716055588706	248fa5b269df49d9a9217aa573019315	0	f
TOP - Memory Utilization	7.1000000000000005	1716055588706	248fa5b269df49d9a9217aa573019315	0	f
TOP - Memory Usage GB	1.8462	1716055588706	248fa5b269df49d9a9217aa573019315	0	f
TOP - CPU Utilization	101	1716055589708	248fa5b269df49d9a9217aa573019315	0	f
TOP - Memory Utilization	5.4	1716055589708	248fa5b269df49d9a9217aa573019315	0	f
TOP - Memory Usage GB	1.8462	1716055589708	248fa5b269df49d9a9217aa573019315	0	f
TOP - CPU Utilization	103	1716055590710	248fa5b269df49d9a9217aa573019315	0	f
TOP - Memory Utilization	7.1000000000000005	1716055590710	248fa5b269df49d9a9217aa573019315	0	f
TOP - Memory Usage GB	1.8462	1716055590710	248fa5b269df49d9a9217aa573019315	0	f
TOP - CPU Utilization	100	1716055591712	248fa5b269df49d9a9217aa573019315	0	f
TOP - Memory Utilization	5.4	1716055591712	248fa5b269df49d9a9217aa573019315	0	f
TOP - Memory Usage GB	1.8462	1716055591712	248fa5b269df49d9a9217aa573019315	0	f
TOP - CPU Utilization	104	1716055592714	248fa5b269df49d9a9217aa573019315	0	f
TOP - Memory Utilization	7.1000000000000005	1716055592714	248fa5b269df49d9a9217aa573019315	0	f
TOP - Memory Usage GB	1.8462	1716055592714	248fa5b269df49d9a9217aa573019315	0	f
TOP - CPU Utilization	102	1716055593716	248fa5b269df49d9a9217aa573019315	0	f
TOP - Memory Utilization	5.4	1716055593716	248fa5b269df49d9a9217aa573019315	0	f
TOP - Memory Usage GB	1.8469	1716055593716	248fa5b269df49d9a9217aa573019315	0	f
TOP - CPU Utilization	102	1716055594718	248fa5b269df49d9a9217aa573019315	0	f
TOP - Memory Utilization	7.1000000000000005	1716055594718	248fa5b269df49d9a9217aa573019315	0	f
TOP - Memory Usage GB	1.8469	1716055594718	248fa5b269df49d9a9217aa573019315	0	f
TOP - CPU Utilization	102	1716055595720	248fa5b269df49d9a9217aa573019315	0	f
TOP - Memory Utilization	5.4	1716055595720	248fa5b269df49d9a9217aa573019315	0	f
TOP - Memory Usage GB	1.8469	1716055595720	248fa5b269df49d9a9217aa573019315	0	f
TOP - CPU Utilization	101	1716055596722	248fa5b269df49d9a9217aa573019315	0	f
TOP - Memory Utilization	7.1000000000000005	1716055596722	248fa5b269df49d9a9217aa573019315	0	f
TOP - Memory Usage GB	1.8453	1716055596722	248fa5b269df49d9a9217aa573019315	0	f
TOP - CPU Utilization	103	1716055597724	248fa5b269df49d9a9217aa573019315	0	f
TOP - Memory Utilization	5.4	1716055597724	248fa5b269df49d9a9217aa573019315	0	f
TOP - Memory Usage GB	1.8453	1716055597724	248fa5b269df49d9a9217aa573019315	0	f
TOP - CPU Utilization	103	1716055598726	248fa5b269df49d9a9217aa573019315	0	f
TOP - Memory Utilization	7.1000000000000005	1716055598726	248fa5b269df49d9a9217aa573019315	0	f
TOP - Memory Usage GB	1.8453	1716055598726	248fa5b269df49d9a9217aa573019315	0	f
TOP - CPU Utilization	101	1716055599728	248fa5b269df49d9a9217aa573019315	0	f
TOP - Memory Utilization	5.4	1716055599728	248fa5b269df49d9a9217aa573019315	0	f
TOP - Memory Usage GB	1.8495	1716055599728	248fa5b269df49d9a9217aa573019315	0	f
TOP - CPU Utilization	103	1716055600730	248fa5b269df49d9a9217aa573019315	0	f
TOP - Memory Utilization	7.1000000000000005	1716055600730	248fa5b269df49d9a9217aa573019315	0	f
TOP - Memory Usage GB	1.8495	1716055600730	248fa5b269df49d9a9217aa573019315	0	f
TOP - CPU Utilization	100	1716055601732	248fa5b269df49d9a9217aa573019315	0	f
TOP - Memory Utilization	5.4	1716055601732	248fa5b269df49d9a9217aa573019315	0	f
TOP - Memory Usage GB	1.8495	1716055601732	248fa5b269df49d9a9217aa573019315	0	f
TOP - CPU Utilization	102	1716055602732	248fa5b269df49d9a9217aa573019315	0	f
TOP - Memory Utilization	7.1000000000000005	1716055602732	248fa5b269df49d9a9217aa573019315	0	f
TOP - Memory Usage GB	1.8494000000000002	1716055602732	248fa5b269df49d9a9217aa573019315	0	f
TOP - CPU Utilization	103	1716055603734	248fa5b269df49d9a9217aa573019315	0	f
TOP - Memory Utilization	5.4	1716055603734	248fa5b269df49d9a9217aa573019315	0	f
TOP - Memory Usage GB	1.8494000000000002	1716055603734	248fa5b269df49d9a9217aa573019315	0	f
TOP - Swap Memory GB	0.0173	1716055603755	248fa5b269df49d9a9217aa573019315	0	f
TOP - CPU Utilization	101	1716055604736	248fa5b269df49d9a9217aa573019315	0	f
TOP - Memory Utilization	5.4	1716055604736	248fa5b269df49d9a9217aa573019315	0	f
TOP - Memory Usage GB	1.8494000000000002	1716055604736	248fa5b269df49d9a9217aa573019315	0	f
TOP - Swap Memory GB	0.0173	1716055604759	248fa5b269df49d9a9217aa573019315	0	f
TOP - CPU Utilization	103	1716055605738	248fa5b269df49d9a9217aa573019315	0	f
TOP - Memory Utilization	7.1000000000000005	1716055605738	248fa5b269df49d9a9217aa573019315	0	f
TOP - Memory Usage GB	1.8499	1716055605738	248fa5b269df49d9a9217aa573019315	0	f
TOP - Swap Memory GB	0.0173	1716055605760	248fa5b269df49d9a9217aa573019315	0	f
TOP - CPU Utilization	103	1716055606740	248fa5b269df49d9a9217aa573019315	0	f
TOP - Memory Utilization	7.1000000000000005	1716055606740	248fa5b269df49d9a9217aa573019315	0	f
TOP - Memory Usage GB	1.8499	1716055606740	248fa5b269df49d9a9217aa573019315	0	f
TOP - Swap Memory GB	0.0173	1716055606768	248fa5b269df49d9a9217aa573019315	0	f
TOP - CPU Utilization	101	1716055607742	248fa5b269df49d9a9217aa573019315	0	f
TOP - Memory Utilization	5.4	1716055607742	248fa5b269df49d9a9217aa573019315	0	f
TOP - Memory Usage GB	1.8499	1716055607742	248fa5b269df49d9a9217aa573019315	0	f
TOP - Swap Memory GB	0.0173	1716055607755	248fa5b269df49d9a9217aa573019315	0	f
TOP - CPU Utilization	104	1716055608744	248fa5b269df49d9a9217aa573019315	0	f
TOP - Memory Utilization	7.1000000000000005	1716055608744	248fa5b269df49d9a9217aa573019315	0	f
TOP - Memory Usage GB	1.8499	1716055608744	248fa5b269df49d9a9217aa573019315	0	f
TOP - Swap Memory GB	0.0173	1716055608758	248fa5b269df49d9a9217aa573019315	0	f
TOP - CPU Utilization	101	1716055609746	248fa5b269df49d9a9217aa573019315	0	f
TOP - Memory Utilization	5.4	1716055609746	248fa5b269df49d9a9217aa573019315	0	f
TOP - Memory Usage GB	1.8499	1716055609746	248fa5b269df49d9a9217aa573019315	0	f
TOP - Swap Memory GB	0.0173	1716055609767	248fa5b269df49d9a9217aa573019315	0	f
TOP - CPU Utilization	103	1716055610748	248fa5b269df49d9a9217aa573019315	0	f
TOP - Memory Utilization	7.1000000000000005	1716055610748	248fa5b269df49d9a9217aa573019315	0	f
TOP - Memory Usage GB	1.8499	1716055610748	248fa5b269df49d9a9217aa573019315	0	f
TOP - Swap Memory GB	0.0173	1716055610762	248fa5b269df49d9a9217aa573019315	0	f
TOP - CPU Utilization	101	1716055611750	248fa5b269df49d9a9217aa573019315	0	f
TOP - Memory Utilization	5.4	1716055611750	248fa5b269df49d9a9217aa573019315	0	f
TOP - Memory Usage GB	1.8499	1716055611750	248fa5b269df49d9a9217aa573019315	0	f
TOP - Swap Memory GB	0.0173	1716055611764	248fa5b269df49d9a9217aa573019315	0	f
TOP - CPU Utilization	101	1716055612752	248fa5b269df49d9a9217aa573019315	0	f
TOP - Memory Utilization	7.1000000000000005	1716055612752	248fa5b269df49d9a9217aa573019315	0	f
TOP - Memory Usage GB	1.8499	1716055612752	248fa5b269df49d9a9217aa573019315	0	f
TOP - Swap Memory GB	0.0173	1716055612767	248fa5b269df49d9a9217aa573019315	0	f
TOP - CPU Utilization	102	1716055613754	248fa5b269df49d9a9217aa573019315	0	f
TOP - Memory Utilization	5.4	1716055613754	248fa5b269df49d9a9217aa573019315	0	f
TOP - Memory Usage GB	1.8499	1716055613754	248fa5b269df49d9a9217aa573019315	0	f
TOP - Swap Memory GB	0.0173	1716055613778	248fa5b269df49d9a9217aa573019315	0	f
TOP - CPU Utilization	103	1716055614756	248fa5b269df49d9a9217aa573019315	0	f
TOP - Memory Utilization	7.1000000000000005	1716055614756	248fa5b269df49d9a9217aa573019315	0	f
TOP - Memory Usage GB	1.8500999999999999	1716055614756	248fa5b269df49d9a9217aa573019315	0	f
TOP - Swap Memory GB	0.0173	1716055614778	248fa5b269df49d9a9217aa573019315	0	f
TOP - CPU Utilization	103	1716055615757	248fa5b269df49d9a9217aa573019315	0	f
TOP - Memory Utilization	5.4	1716055615757	248fa5b269df49d9a9217aa573019315	0	f
TOP - Memory Usage GB	1.8500999999999999	1716055615757	248fa5b269df49d9a9217aa573019315	0	f
TOP - Swap Memory GB	0.0173	1716055615778	248fa5b269df49d9a9217aa573019315	0	f
TOP - CPU Utilization	103	1716055616759	248fa5b269df49d9a9217aa573019315	0	f
TOP - Memory Utilization	7.1000000000000005	1716055616759	248fa5b269df49d9a9217aa573019315	0	f
TOP - Memory Usage GB	1.8500999999999999	1716055616759	248fa5b269df49d9a9217aa573019315	0	f
TOP - CPU Utilization	100	1716055617761	248fa5b269df49d9a9217aa573019315	0	f
TOP - Memory Utilization	5.4	1716055617761	248fa5b269df49d9a9217aa573019315	0	f
TOP - Memory Usage GB	1.8511	1716055617761	248fa5b269df49d9a9217aa573019315	0	f
TOP - CPU Utilization	102	1716055618762	248fa5b269df49d9a9217aa573019315	0	f
TOP - Memory Utilization	7.1000000000000005	1716055618762	248fa5b269df49d9a9217aa573019315	0	f
TOP - Memory Usage GB	1.8511	1716055618762	248fa5b269df49d9a9217aa573019315	0	f
TOP - CPU Utilization	103	1716055619764	248fa5b269df49d9a9217aa573019315	0	f
TOP - Memory Utilization	5.4	1716055619764	248fa5b269df49d9a9217aa573019315	0	f
TOP - Memory Usage GB	1.8511	1716055619764	248fa5b269df49d9a9217aa573019315	0	f
TOP - CPU Utilization	102	1716055620766	248fa5b269df49d9a9217aa573019315	0	f
TOP - Memory Utilization	7.1000000000000005	1716055620766	248fa5b269df49d9a9217aa573019315	0	f
TOP - Memory Usage GB	1.8466	1716055620766	248fa5b269df49d9a9217aa573019315	0	f
TOP - CPU Utilization	102	1716055621768	248fa5b269df49d9a9217aa573019315	0	f
TOP - Memory Utilization	5.4	1716055621768	248fa5b269df49d9a9217aa573019315	0	f
TOP - Memory Usage GB	1.8466	1716055621768	248fa5b269df49d9a9217aa573019315	0	f
TOP - CPU Utilization	102	1716055622770	248fa5b269df49d9a9217aa573019315	0	f
TOP - Memory Utilization	7.1000000000000005	1716055622770	248fa5b269df49d9a9217aa573019315	0	f
TOP - Memory Usage GB	1.8466	1716055622770	248fa5b269df49d9a9217aa573019315	0	f
TOP - CPU Utilization	101	1716055623772	248fa5b269df49d9a9217aa573019315	0	f
TOP - Memory Utilization	5.4	1716055623772	248fa5b269df49d9a9217aa573019315	0	f
TOP - Memory Usage GB	1.8507	1716055623772	248fa5b269df49d9a9217aa573019315	0	f
TOP - CPU Utilization	104	1716055624774	248fa5b269df49d9a9217aa573019315	0	f
TOP - Memory Utilization	7.1000000000000005	1716055624774	248fa5b269df49d9a9217aa573019315	0	f
TOP - Memory Usage GB	1.8507	1716055624774	248fa5b269df49d9a9217aa573019315	0	f
TOP - CPU Utilization	108	1716055625776	248fa5b269df49d9a9217aa573019315	0	f
TOP - Memory Utilization	5.4	1716055625776	248fa5b269df49d9a9217aa573019315	0	f
TOP - Memory Usage GB	1.8507	1716055625776	248fa5b269df49d9a9217aa573019315	0	f
TOP - CPU Utilization	103	1716055626778	248fa5b269df49d9a9217aa573019315	0	f
TOP - Memory Utilization	7.1000000000000005	1716055626778	248fa5b269df49d9a9217aa573019315	0	f
TOP - Memory Usage GB	1.8489	1716055626778	248fa5b269df49d9a9217aa573019315	0	f
TOP - CPU Utilization	101	1716055627780	248fa5b269df49d9a9217aa573019315	0	f
TOP - Memory Utilization	5.4	1716055627780	248fa5b269df49d9a9217aa573019315	0	f
TOP - Memory Usage GB	1.8489	1716055627780	248fa5b269df49d9a9217aa573019315	0	f
TOP - CPU Utilization	102	1716055628782	248fa5b269df49d9a9217aa573019315	0	f
TOP - Memory Utilization	7.1000000000000005	1716055628782	248fa5b269df49d9a9217aa573019315	0	f
TOP - Memory Usage GB	1.8489	1716055628782	248fa5b269df49d9a9217aa573019315	0	f
TOP - CPU Utilization	101	1716055629784	248fa5b269df49d9a9217aa573019315	0	f
TOP - Memory Utilization	5.4	1716055629784	248fa5b269df49d9a9217aa573019315	0	f
TOP - Memory Usage GB	1.8479	1716055629784	248fa5b269df49d9a9217aa573019315	0	f
TOP - CPU Utilization	104	1716055630786	248fa5b269df49d9a9217aa573019315	0	f
TOP - Memory Utilization	7.1000000000000005	1716055630786	248fa5b269df49d9a9217aa573019315	0	f
TOP - Memory Usage GB	1.8479	1716055630786	248fa5b269df49d9a9217aa573019315	0	f
TOP - CPU Utilization	101	1716055631788	248fa5b269df49d9a9217aa573019315	0	f
TOP - Memory Utilization	5.4	1716055631788	248fa5b269df49d9a9217aa573019315	0	f
TOP - Memory Usage GB	1.8479	1716055631788	248fa5b269df49d9a9217aa573019315	0	f
TOP - CPU Utilization	102	1716055632790	248fa5b269df49d9a9217aa573019315	0	f
TOP - Memory Utilization	5.4	1716055632790	248fa5b269df49d9a9217aa573019315	0	f
TOP - Memory Usage GB	1.8487	1716055632790	248fa5b269df49d9a9217aa573019315	0	f
TOP - CPU Utilization	102	1716055633792	248fa5b269df49d9a9217aa573019315	0	f
TOP - Memory Utilization	7.1	1716055633792	248fa5b269df49d9a9217aa573019315	0	f
TOP - Memory Usage GB	1.8487	1716055633792	248fa5b269df49d9a9217aa573019315	0	f
TOP - CPU Utilization	102	1716055634794	248fa5b269df49d9a9217aa573019315	0	f
TOP - Memory Utilization	5.4	1716055634794	248fa5b269df49d9a9217aa573019315	0	f
TOP - Memory Usage GB	1.8487	1716055634794	248fa5b269df49d9a9217aa573019315	0	f
TOP - CPU Utilization	104	1716055635796	248fa5b269df49d9a9217aa573019315	0	f
TOP - Memory Utilization	7.1000000000000005	1716055635796	248fa5b269df49d9a9217aa573019315	0	f
TOP - Memory Usage GB	1.8495	1716055635796	248fa5b269df49d9a9217aa573019315	0	f
TOP - CPU Utilization	101	1716055636798	248fa5b269df49d9a9217aa573019315	0	f
TOP - Memory Utilization	5.4	1716055636798	248fa5b269df49d9a9217aa573019315	0	f
TOP - Memory Usage GB	1.8495	1716055636798	248fa5b269df49d9a9217aa573019315	0	f
TOP - CPU Utilization	103	1716055637800	248fa5b269df49d9a9217aa573019315	0	f
TOP - Swap Memory GB	0.0173	1716055616778	248fa5b269df49d9a9217aa573019315	0	f
TOP - Swap Memory GB	0.0173	1716055617784	248fa5b269df49d9a9217aa573019315	0	f
TOP - Swap Memory GB	0.0173	1716055618779	248fa5b269df49d9a9217aa573019315	0	f
TOP - Swap Memory GB	0.0173	1716055619779	248fa5b269df49d9a9217aa573019315	0	f
TOP - Swap Memory GB	0.0173	1716055620783	248fa5b269df49d9a9217aa573019315	0	f
TOP - Swap Memory GB	0.0173	1716055621782	248fa5b269df49d9a9217aa573019315	0	f
TOP - Swap Memory GB	0.0173	1716055622784	248fa5b269df49d9a9217aa573019315	0	f
TOP - Swap Memory GB	0.0173	1716055623857	248fa5b269df49d9a9217aa573019315	0	f
TOP - Swap Memory GB	0.0173	1716055624789	248fa5b269df49d9a9217aa573019315	0	f
TOP - Swap Memory GB	0.0173	1716055625789	248fa5b269df49d9a9217aa573019315	0	f
TOP - Swap Memory GB	0.0173	1716055626791	248fa5b269df49d9a9217aa573019315	0	f
TOP - Swap Memory GB	0.0173	1716055627793	248fa5b269df49d9a9217aa573019315	0	f
TOP - Swap Memory GB	0.0173	1716055628797	248fa5b269df49d9a9217aa573019315	0	f
TOP - Swap Memory GB	0.0173	1716055629799	248fa5b269df49d9a9217aa573019315	0	f
TOP - Swap Memory GB	0.0173	1716055630799	248fa5b269df49d9a9217aa573019315	0	f
TOP - Swap Memory GB	0.0173	1716055631805	248fa5b269df49d9a9217aa573019315	0	f
TOP - Swap Memory GB	0.0173	1716055632805	248fa5b269df49d9a9217aa573019315	0	f
TOP - Swap Memory GB	0.0173	1716055633815	248fa5b269df49d9a9217aa573019315	0	f
TOP - Swap Memory GB	0.0173	1716055634815	248fa5b269df49d9a9217aa573019315	0	f
TOP - Swap Memory GB	0.0173	1716055635818	248fa5b269df49d9a9217aa573019315	0	f
TOP - Swap Memory GB	0.0173	1716055636811	248fa5b269df49d9a9217aa573019315	0	f
TOP - Swap Memory GB	0.0173	1716055637820	248fa5b269df49d9a9217aa573019315	0	f
TOP - Swap Memory GB	0.0173	1716055638816	248fa5b269df49d9a9217aa573019315	0	f
TOP - Swap Memory GB	0.0173	1716055639819	248fa5b269df49d9a9217aa573019315	0	f
TOP - Swap Memory GB	0.0173	1716055640823	248fa5b269df49d9a9217aa573019315	0	f
TOP - Swap Memory GB	0.0173	1716055641826	248fa5b269df49d9a9217aa573019315	0	f
TOP - Swap Memory GB	0.0173	1716055642833	248fa5b269df49d9a9217aa573019315	0	f
TOP - Swap Memory GB	0.0173	1716055643834	248fa5b269df49d9a9217aa573019315	0	f
TOP - Swap Memory GB	0.0173	1716055644829	248fa5b269df49d9a9217aa573019315	0	f
TOP - Swap Memory GB	0.0173	1716055645839	248fa5b269df49d9a9217aa573019315	0	f
TOP - Swap Memory GB	0.0173	1716055646840	248fa5b269df49d9a9217aa573019315	0	f
TOP - Swap Memory GB	0.0173	1716055647839	248fa5b269df49d9a9217aa573019315	0	f
TOP - Swap Memory GB	0.0173	1716055648840	248fa5b269df49d9a9217aa573019315	0	f
TOP - Swap Memory GB	0.0173	1716055649845	248fa5b269df49d9a9217aa573019315	0	f
TOP - Swap Memory GB	0.0173	1716055650845	248fa5b269df49d9a9217aa573019315	0	f
TOP - Swap Memory GB	0.0173	1716055651851	248fa5b269df49d9a9217aa573019315	0	f
TOP - Swap Memory GB	0.0173	1716055652849	248fa5b269df49d9a9217aa573019315	0	f
TOP - Swap Memory GB	0.0173	1716055653857	248fa5b269df49d9a9217aa573019315	0	f
TOP - Swap Memory GB	0.0173	1716055654856	248fa5b269df49d9a9217aa573019315	0	f
TOP - Swap Memory GB	0.0173	1716055655850	248fa5b269df49d9a9217aa573019315	0	f
TOP - Swap Memory GB	0.0173	1716055656859	248fa5b269df49d9a9217aa573019315	0	f
TOP - Swap Memory GB	0.0173	1716055657862	248fa5b269df49d9a9217aa573019315	0	f
TOP - Swap Memory GB	0.0173	1716055658858	248fa5b269df49d9a9217aa573019315	0	f
TOP - Swap Memory GB	0.0173	1716055659858	248fa5b269df49d9a9217aa573019315	0	f
TOP - Swap Memory GB	0.0173	1716055660860	248fa5b269df49d9a9217aa573019315	0	f
TOP - Swap Memory GB	0.0173	1716055661863	248fa5b269df49d9a9217aa573019315	0	f
TOP - Swap Memory GB	0.0173	1716055662867	248fa5b269df49d9a9217aa573019315	0	f
TOP - CPU Utilization	104	1716055857224	248fa5b269df49d9a9217aa573019315	0	f
TOP - Memory Utilization	7.2	1716055857224	248fa5b269df49d9a9217aa573019315	0	f
TOP - Memory Usage GB	1.8673	1716055857224	248fa5b269df49d9a9217aa573019315	0	f
TOP - CPU Utilization	102	1716055858226	248fa5b269df49d9a9217aa573019315	0	f
TOP - Memory Utilization	5.5	1716055858226	248fa5b269df49d9a9217aa573019315	0	f
TOP - Memory Usage GB	1.8673	1716055858226	248fa5b269df49d9a9217aa573019315	0	f
TOP - CPU Utilization	103	1716055859228	248fa5b269df49d9a9217aa573019315	0	f
TOP - Memory Utilization	7.2	1716055859228	248fa5b269df49d9a9217aa573019315	0	f
TOP - Memory Usage GB	1.8673	1716055859228	248fa5b269df49d9a9217aa573019315	0	f
TOP - CPU Utilization	103	1716055860230	248fa5b269df49d9a9217aa573019315	0	f
TOP - Memory Utilization	7.2	1716055860230	248fa5b269df49d9a9217aa573019315	0	f
TOP - Memory Usage GB	1.8658	1716055860230	248fa5b269df49d9a9217aa573019315	0	f
TOP - CPU Utilization	100	1716055861232	248fa5b269df49d9a9217aa573019315	0	f
TOP - Memory Utilization	5.5	1716055861232	248fa5b269df49d9a9217aa573019315	0	f
TOP - Memory Usage GB	1.8658	1716055861232	248fa5b269df49d9a9217aa573019315	0	f
TOP - CPU Utilization	101	1716055862234	248fa5b269df49d9a9217aa573019315	0	f
TOP - Memory Utilization	7.2	1716055862234	248fa5b269df49d9a9217aa573019315	0	f
TOP - Memory Usage GB	1.8658	1716055862234	248fa5b269df49d9a9217aa573019315	0	f
TOP - Memory Utilization	7.1000000000000005	1716055637800	248fa5b269df49d9a9217aa573019315	0	f
TOP - Memory Usage GB	1.8495	1716055637800	248fa5b269df49d9a9217aa573019315	0	f
TOP - CPU Utilization	100	1716055638802	248fa5b269df49d9a9217aa573019315	0	f
TOP - Memory Utilization	5.4	1716055638802	248fa5b269df49d9a9217aa573019315	0	f
TOP - Memory Usage GB	1.85	1716055638802	248fa5b269df49d9a9217aa573019315	0	f
TOP - CPU Utilization	104	1716055639806	248fa5b269df49d9a9217aa573019315	0	f
TOP - Memory Utilization	7.1000000000000005	1716055639806	248fa5b269df49d9a9217aa573019315	0	f
TOP - Memory Usage GB	1.85	1716055639806	248fa5b269df49d9a9217aa573019315	0	f
TOP - CPU Utilization	102	1716055640807	248fa5b269df49d9a9217aa573019315	0	f
TOP - Memory Utilization	5.4	1716055640807	248fa5b269df49d9a9217aa573019315	0	f
TOP - Memory Usage GB	1.85	1716055640807	248fa5b269df49d9a9217aa573019315	0	f
TOP - CPU Utilization	101	1716055641809	248fa5b269df49d9a9217aa573019315	0	f
TOP - Memory Utilization	5.4	1716055641809	248fa5b269df49d9a9217aa573019315	0	f
TOP - Memory Usage GB	1.849	1716055641809	248fa5b269df49d9a9217aa573019315	0	f
TOP - CPU Utilization	100	1716055642811	248fa5b269df49d9a9217aa573019315	0	f
TOP - Memory Utilization	7.1000000000000005	1716055642811	248fa5b269df49d9a9217aa573019315	0	f
TOP - Memory Usage GB	1.849	1716055642811	248fa5b269df49d9a9217aa573019315	0	f
TOP - CPU Utilization	102	1716055643813	248fa5b269df49d9a9217aa573019315	0	f
TOP - Memory Utilization	5.4	1716055643813	248fa5b269df49d9a9217aa573019315	0	f
TOP - Memory Usage GB	1.849	1716055643813	248fa5b269df49d9a9217aa573019315	0	f
TOP - CPU Utilization	104	1716055644815	248fa5b269df49d9a9217aa573019315	0	f
TOP - Memory Utilization	7.1000000000000005	1716055644815	248fa5b269df49d9a9217aa573019315	0	f
TOP - Memory Usage GB	1.8522	1716055644815	248fa5b269df49d9a9217aa573019315	0	f
TOP - CPU Utilization	101	1716055645817	248fa5b269df49d9a9217aa573019315	0	f
TOP - Memory Utilization	5.4	1716055645817	248fa5b269df49d9a9217aa573019315	0	f
TOP - Memory Usage GB	1.8522	1716055645817	248fa5b269df49d9a9217aa573019315	0	f
TOP - CPU Utilization	102	1716055646819	248fa5b269df49d9a9217aa573019315	0	f
TOP - Memory Utilization	7.1000000000000005	1716055646819	248fa5b269df49d9a9217aa573019315	0	f
TOP - Memory Usage GB	1.8522	1716055646819	248fa5b269df49d9a9217aa573019315	0	f
TOP - CPU Utilization	102	1716055647821	248fa5b269df49d9a9217aa573019315	0	f
TOP - Memory Utilization	5.4	1716055647821	248fa5b269df49d9a9217aa573019315	0	f
TOP - Memory Usage GB	1.8511	1716055647821	248fa5b269df49d9a9217aa573019315	0	f
TOP - CPU Utilization	102	1716055648823	248fa5b269df49d9a9217aa573019315	0	f
TOP - Memory Utilization	7.1000000000000005	1716055648823	248fa5b269df49d9a9217aa573019315	0	f
TOP - Memory Usage GB	1.8511	1716055648823	248fa5b269df49d9a9217aa573019315	0	f
TOP - CPU Utilization	103	1716055649825	248fa5b269df49d9a9217aa573019315	0	f
TOP - Memory Utilization	5.4	1716055649825	248fa5b269df49d9a9217aa573019315	0	f
TOP - Memory Usage GB	1.8511	1716055649825	248fa5b269df49d9a9217aa573019315	0	f
TOP - CPU Utilization	103	1716055650827	248fa5b269df49d9a9217aa573019315	0	f
TOP - Memory Utilization	7.1000000000000005	1716055650827	248fa5b269df49d9a9217aa573019315	0	f
TOP - Memory Usage GB	1.8516	1716055650827	248fa5b269df49d9a9217aa573019315	0	f
TOP - CPU Utilization	101	1716055651829	248fa5b269df49d9a9217aa573019315	0	f
TOP - Memory Utilization	5.4	1716055651829	248fa5b269df49d9a9217aa573019315	0	f
TOP - Memory Usage GB	1.8516	1716055651829	248fa5b269df49d9a9217aa573019315	0	f
TOP - CPU Utilization	103	1716055652831	248fa5b269df49d9a9217aa573019315	0	f
TOP - Memory Utilization	7.1000000000000005	1716055652831	248fa5b269df49d9a9217aa573019315	0	f
TOP - Memory Usage GB	1.8516	1716055652831	248fa5b269df49d9a9217aa573019315	0	f
TOP - CPU Utilization	100	1716055653833	248fa5b269df49d9a9217aa573019315	0	f
TOP - Memory Utilization	5.4	1716055653833	248fa5b269df49d9a9217aa573019315	0	f
TOP - Memory Usage GB	1.8527	1716055653833	248fa5b269df49d9a9217aa573019315	0	f
TOP - CPU Utilization	104	1716055654834	248fa5b269df49d9a9217aa573019315	0	f
TOP - Memory Utilization	7.1000000000000005	1716055654834	248fa5b269df49d9a9217aa573019315	0	f
TOP - Memory Usage GB	1.8527	1716055654834	248fa5b269df49d9a9217aa573019315	0	f
TOP - CPU Utilization	102	1716055655836	248fa5b269df49d9a9217aa573019315	0	f
TOP - Memory Utilization	5.4	1716055655836	248fa5b269df49d9a9217aa573019315	0	f
TOP - Memory Usage GB	1.8527	1716055655836	248fa5b269df49d9a9217aa573019315	0	f
TOP - CPU Utilization	102	1716055656838	248fa5b269df49d9a9217aa573019315	0	f
TOP - Memory Utilization	7.1000000000000005	1716055656838	248fa5b269df49d9a9217aa573019315	0	f
TOP - Memory Usage GB	1.8503	1716055656838	248fa5b269df49d9a9217aa573019315	0	f
TOP - CPU Utilization	102	1716055657840	248fa5b269df49d9a9217aa573019315	0	f
TOP - Memory Utilization	5.4	1716055657840	248fa5b269df49d9a9217aa573019315	0	f
TOP - Memory Usage GB	1.8503	1716055657840	248fa5b269df49d9a9217aa573019315	0	f
TOP - CPU Utilization	101	1716055658842	248fa5b269df49d9a9217aa573019315	0	f
TOP - Memory Utilization	7.1000000000000005	1716055658842	248fa5b269df49d9a9217aa573019315	0	f
TOP - Memory Usage GB	1.8503	1716055658842	248fa5b269df49d9a9217aa573019315	0	f
TOP - CPU Utilization	103	1716055659844	248fa5b269df49d9a9217aa573019315	0	f
TOP - Memory Utilization	5.4	1716055659844	248fa5b269df49d9a9217aa573019315	0	f
TOP - Memory Usage GB	1.85	1716055659844	248fa5b269df49d9a9217aa573019315	0	f
TOP - CPU Utilization	102	1716055660846	248fa5b269df49d9a9217aa573019315	0	f
TOP - Memory Utilization	7.1000000000000005	1716055660846	248fa5b269df49d9a9217aa573019315	0	f
TOP - Memory Usage GB	1.85	1716055660846	248fa5b269df49d9a9217aa573019315	0	f
TOP - CPU Utilization	101	1716055661848	248fa5b269df49d9a9217aa573019315	0	f
TOP - Memory Utilization	5.4	1716055661848	248fa5b269df49d9a9217aa573019315	0	f
TOP - Memory Usage GB	1.85	1716055661848	248fa5b269df49d9a9217aa573019315	0	f
TOP - CPU Utilization	103	1716055662850	248fa5b269df49d9a9217aa573019315	0	f
TOP - Memory Utilization	7.1000000000000005	1716055662850	248fa5b269df49d9a9217aa573019315	0	f
TOP - Memory Usage GB	1.8505999999999998	1716055662850	248fa5b269df49d9a9217aa573019315	0	f
TOP - CPU Utilization	101	1716055663852	248fa5b269df49d9a9217aa573019315	0	f
TOP - Memory Utilization	5.4	1716055663852	248fa5b269df49d9a9217aa573019315	0	f
TOP - Memory Usage GB	1.8505999999999998	1716055663852	248fa5b269df49d9a9217aa573019315	0	f
TOP - Swap Memory GB	0.0173	1716055663864	248fa5b269df49d9a9217aa573019315	0	f
TOP - CPU Utilization	101	1716055664853	248fa5b269df49d9a9217aa573019315	0	f
TOP - Memory Utilization	5.4	1716055664853	248fa5b269df49d9a9217aa573019315	0	f
TOP - Memory Usage GB	1.8505999999999998	1716055664853	248fa5b269df49d9a9217aa573019315	0	f
TOP - Swap Memory GB	0.0173	1716055664876	248fa5b269df49d9a9217aa573019315	0	f
TOP - CPU Utilization	104	1716055665855	248fa5b269df49d9a9217aa573019315	0	f
TOP - Memory Utilization	7.1000000000000005	1716055665855	248fa5b269df49d9a9217aa573019315	0	f
TOP - Memory Usage GB	1.8508	1716055665855	248fa5b269df49d9a9217aa573019315	0	f
TOP - Swap Memory GB	0.0173	1716055665878	248fa5b269df49d9a9217aa573019315	0	f
TOP - CPU Utilization	102	1716055666857	248fa5b269df49d9a9217aa573019315	0	f
TOP - Memory Utilization	5.4	1716055666857	248fa5b269df49d9a9217aa573019315	0	f
TOP - Memory Usage GB	1.8508	1716055666857	248fa5b269df49d9a9217aa573019315	0	f
TOP - Swap Memory GB	0.0173	1716055666871	248fa5b269df49d9a9217aa573019315	0	f
TOP - CPU Utilization	103	1716055667859	248fa5b269df49d9a9217aa573019315	0	f
TOP - Memory Utilization	7.1000000000000005	1716055667859	248fa5b269df49d9a9217aa573019315	0	f
TOP - Memory Usage GB	1.8508	1716055667859	248fa5b269df49d9a9217aa573019315	0	f
TOP - Swap Memory GB	0.0173	1716055667876	248fa5b269df49d9a9217aa573019315	0	f
TOP - CPU Utilization	102	1716055668861	248fa5b269df49d9a9217aa573019315	0	f
TOP - Memory Utilization	7.1000000000000005	1716055668861	248fa5b269df49d9a9217aa573019315	0	f
TOP - Memory Usage GB	1.8511	1716055668861	248fa5b269df49d9a9217aa573019315	0	f
TOP - Swap Memory GB	0.0173	1716055668883	248fa5b269df49d9a9217aa573019315	0	f
TOP - CPU Utilization	102	1716055669863	248fa5b269df49d9a9217aa573019315	0	f
TOP - Memory Utilization	5.4	1716055669863	248fa5b269df49d9a9217aa573019315	0	f
TOP - Memory Usage GB	1.8511	1716055669863	248fa5b269df49d9a9217aa573019315	0	f
TOP - Swap Memory GB	0.0173	1716055669883	248fa5b269df49d9a9217aa573019315	0	f
TOP - CPU Utilization	103	1716055670865	248fa5b269df49d9a9217aa573019315	0	f
TOP - Memory Utilization	7.1000000000000005	1716055670865	248fa5b269df49d9a9217aa573019315	0	f
TOP - Memory Usage GB	1.8511	1716055670865	248fa5b269df49d9a9217aa573019315	0	f
TOP - Swap Memory GB	0.0173	1716055670879	248fa5b269df49d9a9217aa573019315	0	f
TOP - CPU Utilization	102	1716055671867	248fa5b269df49d9a9217aa573019315	0	f
TOP - Memory Utilization	5.4	1716055671867	248fa5b269df49d9a9217aa573019315	0	f
TOP - Memory Usage GB	1.8554000000000002	1716055671867	248fa5b269df49d9a9217aa573019315	0	f
TOP - Swap Memory GB	0.0173	1716055671880	248fa5b269df49d9a9217aa573019315	0	f
TOP - CPU Utilization	102	1716055672869	248fa5b269df49d9a9217aa573019315	0	f
TOP - Memory Utilization	7.1000000000000005	1716055672869	248fa5b269df49d9a9217aa573019315	0	f
TOP - Memory Usage GB	1.8554000000000002	1716055672869	248fa5b269df49d9a9217aa573019315	0	f
TOP - Swap Memory GB	0.0173	1716055672893	248fa5b269df49d9a9217aa573019315	0	f
TOP - CPU Utilization	102	1716055673872	248fa5b269df49d9a9217aa573019315	0	f
TOP - Memory Utilization	5.4	1716055673872	248fa5b269df49d9a9217aa573019315	0	f
TOP - Memory Usage GB	1.8554000000000002	1716055673872	248fa5b269df49d9a9217aa573019315	0	f
TOP - Swap Memory GB	0.0173	1716055673895	248fa5b269df49d9a9217aa573019315	0	f
TOP - CPU Utilization	103	1716055674875	248fa5b269df49d9a9217aa573019315	0	f
TOP - Memory Utilization	7.1000000000000005	1716055674875	248fa5b269df49d9a9217aa573019315	0	f
TOP - Memory Usage GB	1.8545999999999998	1716055674875	248fa5b269df49d9a9217aa573019315	0	f
TOP - Swap Memory GB	0.0173	1716055674888	248fa5b269df49d9a9217aa573019315	0	f
TOP - CPU Utilization	101	1716055675877	248fa5b269df49d9a9217aa573019315	0	f
TOP - Memory Utilization	5.4	1716055675877	248fa5b269df49d9a9217aa573019315	0	f
TOP - Memory Usage GB	1.8545999999999998	1716055675877	248fa5b269df49d9a9217aa573019315	0	f
TOP - Swap Memory GB	0.0173	1716055675898	248fa5b269df49d9a9217aa573019315	0	f
TOP - Swap Memory GB	0.0173	1716055676896	248fa5b269df49d9a9217aa573019315	0	f
TOP - Swap Memory GB	0.0173	1716055677894	248fa5b269df49d9a9217aa573019315	0	f
TOP - Swap Memory GB	0.0173	1716055678899	248fa5b269df49d9a9217aa573019315	0	f
TOP - Swap Memory GB	0.0173	1716055679903	248fa5b269df49d9a9217aa573019315	0	f
TOP - Swap Memory GB	0.0173	1716055680901	248fa5b269df49d9a9217aa573019315	0	f
TOP - Swap Memory GB	0.0173	1716055681910	248fa5b269df49d9a9217aa573019315	0	f
TOP - Swap Memory GB	0.0173	1716055682904	248fa5b269df49d9a9217aa573019315	0	f
TOP - Swap Memory GB	0.0173	1716055683907	248fa5b269df49d9a9217aa573019315	0	f
TOP - Swap Memory GB	0.0173	1716055684914	248fa5b269df49d9a9217aa573019315	0	f
TOP - Swap Memory GB	0.0173	1716055685917	248fa5b269df49d9a9217aa573019315	0	f
TOP - Swap Memory GB	0.0173	1716055686922	248fa5b269df49d9a9217aa573019315	0	f
TOP - Swap Memory GB	0.0173	1716055687916	248fa5b269df49d9a9217aa573019315	0	f
TOP - Swap Memory GB	0.0173	1716055688923	248fa5b269df49d9a9217aa573019315	0	f
TOP - Swap Memory GB	0.0173	1716055689926	248fa5b269df49d9a9217aa573019315	0	f
TOP - Swap Memory GB	0.0173	1716055690929	248fa5b269df49d9a9217aa573019315	0	f
TOP - Swap Memory GB	0.0173	1716055691921	248fa5b269df49d9a9217aa573019315	0	f
TOP - Swap Memory GB	0.0173	1716055692924	248fa5b269df49d9a9217aa573019315	0	f
TOP - Swap Memory GB	0.0173	1716055693926	248fa5b269df49d9a9217aa573019315	0	f
TOP - Swap Memory GB	0.0173	1716055694933	248fa5b269df49d9a9217aa573019315	0	f
TOP - Swap Memory GB	0.0173	1716055695936	248fa5b269df49d9a9217aa573019315	0	f
TOP - Swap Memory GB	0.0173	1716055696937	248fa5b269df49d9a9217aa573019315	0	f
TOP - Swap Memory GB	0.0173	1716055697932	248fa5b269df49d9a9217aa573019315	0	f
TOP - Swap Memory GB	0.0173	1716055698941	248fa5b269df49d9a9217aa573019315	0	f
TOP - Swap Memory GB	0.0173	1716055699943	248fa5b269df49d9a9217aa573019315	0	f
TOP - Swap Memory GB	0.0173	1716055700937	248fa5b269df49d9a9217aa573019315	0	f
TOP - Swap Memory GB	0.0173	1716055701947	248fa5b269df49d9a9217aa573019315	0	f
TOP - Swap Memory GB	0.0173	1716055702942	248fa5b269df49d9a9217aa573019315	0	f
TOP - Swap Memory GB	0.0173	1716055703951	248fa5b269df49d9a9217aa573019315	0	f
TOP - Swap Memory GB	0.0173	1716055704947	248fa5b269df49d9a9217aa573019315	0	f
TOP - Swap Memory GB	0.0173	1716055705957	248fa5b269df49d9a9217aa573019315	0	f
TOP - Swap Memory GB	0.0173	1716055706958	248fa5b269df49d9a9217aa573019315	0	f
TOP - Swap Memory GB	0.0173	1716055707959	248fa5b269df49d9a9217aa573019315	0	f
TOP - Swap Memory GB	0.0173	1716055708960	248fa5b269df49d9a9217aa573019315	0	f
TOP - Swap Memory GB	0.0173	1716055709964	248fa5b269df49d9a9217aa573019315	0	f
TOP - Swap Memory GB	0.0173	1716055710967	248fa5b269df49d9a9217aa573019315	0	f
TOP - Swap Memory GB	0.0173	1716055711970	248fa5b269df49d9a9217aa573019315	0	f
TOP - Swap Memory GB	0.0173	1716055712960	248fa5b269df49d9a9217aa573019315	0	f
TOP - Swap Memory GB	0.0173	1716055713973	248fa5b269df49d9a9217aa573019315	0	f
TOP - Swap Memory GB	0.0173	1716055714972	248fa5b269df49d9a9217aa573019315	0	f
TOP - Swap Memory GB	0.0173	1716055715979	248fa5b269df49d9a9217aa573019315	0	f
TOP - Swap Memory GB	0.0173	1716055716977	248fa5b269df49d9a9217aa573019315	0	f
TOP - Swap Memory GB	0.0173	1716055717970	248fa5b269df49d9a9217aa573019315	0	f
TOP - Swap Memory GB	0.0173	1716055718981	248fa5b269df49d9a9217aa573019315	0	f
TOP - Swap Memory GB	0.0173	1716055719981	248fa5b269df49d9a9217aa573019315	0	f
TOP - Swap Memory GB	0.0173	1716055720984	248fa5b269df49d9a9217aa573019315	0	f
TOP - Swap Memory GB	0.0173	1716055721985	248fa5b269df49d9a9217aa573019315	0	f
TOP - Swap Memory GB	0.0173	1716055722988	248fa5b269df49d9a9217aa573019315	0	f
TOP - Swap Memory GB	0.0173	1716055862256	248fa5b269df49d9a9217aa573019315	0	f
TOP - Swap Memory GB	0.0173	1716055863249	248fa5b269df49d9a9217aa573019315	0	f
TOP - Swap Memory GB	0.0173	1716055864260	248fa5b269df49d9a9217aa573019315	0	f
TOP - Swap Memory GB	0.0173	1716055865260	248fa5b269df49d9a9217aa573019315	0	f
TOP - Swap Memory GB	0.0173	1716055866256	248fa5b269df49d9a9217aa573019315	0	f
TOP - Swap Memory GB	0.0173	1716055867257	248fa5b269df49d9a9217aa573019315	0	f
TOP - Swap Memory GB	0.0173	1716055868258	248fa5b269df49d9a9217aa573019315	0	f
TOP - Swap Memory GB	0.0173	1716055869267	248fa5b269df49d9a9217aa573019315	0	f
TOP - Swap Memory GB	0.0173	1716055870272	248fa5b269df49d9a9217aa573019315	0	f
TOP - Swap Memory GB	0.0173	1716055871272	248fa5b269df49d9a9217aa573019315	0	f
TOP - Swap Memory GB	0.0173	1716055872266	248fa5b269df49d9a9217aa573019315	0	f
TOP - Swap Memory GB	0.0173	1716055873276	248fa5b269df49d9a9217aa573019315	0	f
TOP - Swap Memory GB	0.0173	1716055874280	248fa5b269df49d9a9217aa573019315	0	f
TOP - Swap Memory GB	0.0173	1716055875279	248fa5b269df49d9a9217aa573019315	0	f
TOP - Swap Memory GB	0.0173	1716055876283	248fa5b269df49d9a9217aa573019315	0	f
TOP - Swap Memory GB	0.0173	1716055877276	248fa5b269df49d9a9217aa573019315	0	f
TOP - Swap Memory GB	0.0173	1716055878286	248fa5b269df49d9a9217aa573019315	0	f
TOP - CPU Utilization	102	1716055676879	248fa5b269df49d9a9217aa573019315	0	f
TOP - Memory Utilization	5.4	1716055676879	248fa5b269df49d9a9217aa573019315	0	f
TOP - Memory Usage GB	1.8545999999999998	1716055676879	248fa5b269df49d9a9217aa573019315	0	f
TOP - CPU Utilization	102	1716055677881	248fa5b269df49d9a9217aa573019315	0	f
TOP - Memory Utilization	7.1000000000000005	1716055677881	248fa5b269df49d9a9217aa573019315	0	f
TOP - Memory Usage GB	1.8560999999999999	1716055677881	248fa5b269df49d9a9217aa573019315	0	f
TOP - CPU Utilization	100	1716055678883	248fa5b269df49d9a9217aa573019315	0	f
TOP - Memory Utilization	5.4	1716055678883	248fa5b269df49d9a9217aa573019315	0	f
TOP - Memory Usage GB	1.8560999999999999	1716055678883	248fa5b269df49d9a9217aa573019315	0	f
TOP - CPU Utilization	105	1716055679885	248fa5b269df49d9a9217aa573019315	0	f
TOP - Memory Utilization	7.1000000000000005	1716055679885	248fa5b269df49d9a9217aa573019315	0	f
TOP - Memory Usage GB	1.8560999999999999	1716055679885	248fa5b269df49d9a9217aa573019315	0	f
TOP - CPU Utilization	101	1716055680887	248fa5b269df49d9a9217aa573019315	0	f
TOP - Memory Utilization	5.4	1716055680887	248fa5b269df49d9a9217aa573019315	0	f
TOP - Memory Usage GB	1.8557000000000001	1716055680887	248fa5b269df49d9a9217aa573019315	0	f
TOP - CPU Utilization	103	1716055681888	248fa5b269df49d9a9217aa573019315	0	f
TOP - Memory Utilization	7.3999999999999995	1716055681888	248fa5b269df49d9a9217aa573019315	0	f
TOP - Memory Usage GB	1.8557000000000001	1716055681888	248fa5b269df49d9a9217aa573019315	0	f
TOP - CPU Utilization	102	1716055682890	248fa5b269df49d9a9217aa573019315	0	f
TOP - Memory Utilization	5.4	1716055682890	248fa5b269df49d9a9217aa573019315	0	f
TOP - Memory Usage GB	1.8557000000000001	1716055682890	248fa5b269df49d9a9217aa573019315	0	f
TOP - CPU Utilization	101	1716055683892	248fa5b269df49d9a9217aa573019315	0	f
TOP - Memory Utilization	7.1000000000000005	1716055683892	248fa5b269df49d9a9217aa573019315	0	f
TOP - Memory Usage GB	1.8549	1716055683892	248fa5b269df49d9a9217aa573019315	0	f
TOP - CPU Utilization	103	1716055684894	248fa5b269df49d9a9217aa573019315	0	f
TOP - Memory Utilization	5.4	1716055684894	248fa5b269df49d9a9217aa573019315	0	f
TOP - Memory Usage GB	1.8549	1716055684894	248fa5b269df49d9a9217aa573019315	0	f
TOP - CPU Utilization	103	1716055685896	248fa5b269df49d9a9217aa573019315	0	f
TOP - Memory Utilization	7.1000000000000005	1716055685896	248fa5b269df49d9a9217aa573019315	0	f
TOP - Memory Usage GB	1.8549	1716055685896	248fa5b269df49d9a9217aa573019315	0	f
TOP - CPU Utilization	101	1716055686898	248fa5b269df49d9a9217aa573019315	0	f
TOP - Memory Utilization	5.4	1716055686898	248fa5b269df49d9a9217aa573019315	0	f
TOP - Memory Usage GB	1.8539	1716055686898	248fa5b269df49d9a9217aa573019315	0	f
TOP - CPU Utilization	103	1716055687900	248fa5b269df49d9a9217aa573019315	0	f
TOP - Memory Utilization	7.1000000000000005	1716055687900	248fa5b269df49d9a9217aa573019315	0	f
TOP - Memory Usage GB	1.8539	1716055687900	248fa5b269df49d9a9217aa573019315	0	f
TOP - CPU Utilization	100	1716055688902	248fa5b269df49d9a9217aa573019315	0	f
TOP - Memory Utilization	5.4	1716055688902	248fa5b269df49d9a9217aa573019315	0	f
TOP - Memory Usage GB	1.8539	1716055688902	248fa5b269df49d9a9217aa573019315	0	f
TOP - CPU Utilization	103	1716055689904	248fa5b269df49d9a9217aa573019315	0	f
TOP - Memory Utilization	7.1000000000000005	1716055689904	248fa5b269df49d9a9217aa573019315	0	f
TOP - Memory Usage GB	1.8539	1716055689904	248fa5b269df49d9a9217aa573019315	0	f
TOP - CPU Utilization	102	1716055690906	248fa5b269df49d9a9217aa573019315	0	f
TOP - Memory Utilization	5.4	1716055690906	248fa5b269df49d9a9217aa573019315	0	f
TOP - Memory Usage GB	1.8539	1716055690906	248fa5b269df49d9a9217aa573019315	0	f
TOP - CPU Utilization	103	1716055691908	248fa5b269df49d9a9217aa573019315	0	f
TOP - Memory Utilization	7.1000000000000005	1716055691908	248fa5b269df49d9a9217aa573019315	0	f
TOP - Memory Usage GB	1.8539	1716055691908	248fa5b269df49d9a9217aa573019315	0	f
TOP - CPU Utilization	102	1716055692910	248fa5b269df49d9a9217aa573019315	0	f
TOP - Memory Utilization	5.4	1716055692910	248fa5b269df49d9a9217aa573019315	0	f
TOP - Memory Usage GB	1.8547	1716055692910	248fa5b269df49d9a9217aa573019315	0	f
TOP - CPU Utilization	102	1716055693912	248fa5b269df49d9a9217aa573019315	0	f
TOP - Memory Utilization	7.1000000000000005	1716055693912	248fa5b269df49d9a9217aa573019315	0	f
TOP - Memory Usage GB	1.8547	1716055693912	248fa5b269df49d9a9217aa573019315	0	f
TOP - CPU Utilization	101	1716055694912	248fa5b269df49d9a9217aa573019315	0	f
TOP - Memory Utilization	5.4	1716055694912	248fa5b269df49d9a9217aa573019315	0	f
TOP - Memory Usage GB	1.8547	1716055694912	248fa5b269df49d9a9217aa573019315	0	f
TOP - CPU Utilization	104	1716055695914	248fa5b269df49d9a9217aa573019315	0	f
TOP - Memory Utilization	7.1000000000000005	1716055695914	248fa5b269df49d9a9217aa573019315	0	f
TOP - Memory Usage GB	1.8563	1716055695914	248fa5b269df49d9a9217aa573019315	0	f
TOP - CPU Utilization	102	1716055696916	248fa5b269df49d9a9217aa573019315	0	f
TOP - Memory Utilization	7.1000000000000005	1716055696916	248fa5b269df49d9a9217aa573019315	0	f
TOP - Memory Usage GB	1.8563	1716055696916	248fa5b269df49d9a9217aa573019315	0	f
TOP - CPU Utilization	101	1716055697918	248fa5b269df49d9a9217aa573019315	0	f
TOP - Memory Utilization	5.4	1716055697918	248fa5b269df49d9a9217aa573019315	0	f
TOP - Memory Usage GB	1.8563	1716055697918	248fa5b269df49d9a9217aa573019315	0	f
TOP - CPU Utilization	102	1716055698920	248fa5b269df49d9a9217aa573019315	0	f
TOP - Memory Utilization	5.4	1716055698920	248fa5b269df49d9a9217aa573019315	0	f
TOP - Memory Usage GB	1.8576	1716055698920	248fa5b269df49d9a9217aa573019315	0	f
TOP - CPU Utilization	102	1716055699922	248fa5b269df49d9a9217aa573019315	0	f
TOP - Memory Utilization	7.1000000000000005	1716055699922	248fa5b269df49d9a9217aa573019315	0	f
TOP - Memory Usage GB	1.8576	1716055699922	248fa5b269df49d9a9217aa573019315	0	f
TOP - CPU Utilization	103	1716055700924	248fa5b269df49d9a9217aa573019315	0	f
TOP - Memory Utilization	5.4	1716055700924	248fa5b269df49d9a9217aa573019315	0	f
TOP - Memory Usage GB	1.8576	1716055700924	248fa5b269df49d9a9217aa573019315	0	f
TOP - CPU Utilization	102	1716055701926	248fa5b269df49d9a9217aa573019315	0	f
TOP - Memory Utilization	7.1000000000000005	1716055701926	248fa5b269df49d9a9217aa573019315	0	f
TOP - Memory Usage GB	1.8563	1716055701926	248fa5b269df49d9a9217aa573019315	0	f
TOP - CPU Utilization	101	1716055702928	248fa5b269df49d9a9217aa573019315	0	f
TOP - Memory Utilization	5.4	1716055702928	248fa5b269df49d9a9217aa573019315	0	f
TOP - Memory Usage GB	1.8563	1716055702928	248fa5b269df49d9a9217aa573019315	0	f
TOP - CPU Utilization	103	1716055703930	248fa5b269df49d9a9217aa573019315	0	f
TOP - Memory Utilization	7.1000000000000005	1716055703930	248fa5b269df49d9a9217aa573019315	0	f
TOP - Memory Usage GB	1.8563	1716055703930	248fa5b269df49d9a9217aa573019315	0	f
TOP - CPU Utilization	100	1716055704932	248fa5b269df49d9a9217aa573019315	0	f
TOP - Memory Utilization	5.4	1716055704932	248fa5b269df49d9a9217aa573019315	0	f
TOP - Memory Usage GB	1.8568	1716055704932	248fa5b269df49d9a9217aa573019315	0	f
TOP - CPU Utilization	104	1716055705934	248fa5b269df49d9a9217aa573019315	0	f
TOP - Memory Utilization	7.1000000000000005	1716055705934	248fa5b269df49d9a9217aa573019315	0	f
TOP - Memory Usage GB	1.8568	1716055705934	248fa5b269df49d9a9217aa573019315	0	f
TOP - CPU Utilization	101	1716055706936	248fa5b269df49d9a9217aa573019315	0	f
TOP - Memory Utilization	5.4	1716055706936	248fa5b269df49d9a9217aa573019315	0	f
TOP - Memory Usage GB	1.8568	1716055706936	248fa5b269df49d9a9217aa573019315	0	f
TOP - CPU Utilization	103	1716055707938	248fa5b269df49d9a9217aa573019315	0	f
TOP - Memory Utilization	7.1000000000000005	1716055707938	248fa5b269df49d9a9217aa573019315	0	f
TOP - Memory Usage GB	1.8531	1716055707938	248fa5b269df49d9a9217aa573019315	0	f
TOP - CPU Utilization	101	1716055708939	248fa5b269df49d9a9217aa573019315	0	f
TOP - Memory Utilization	5.4	1716055708939	248fa5b269df49d9a9217aa573019315	0	f
TOP - Memory Usage GB	1.8531	1716055708939	248fa5b269df49d9a9217aa573019315	0	f
TOP - CPU Utilization	102	1716055709941	248fa5b269df49d9a9217aa573019315	0	f
TOP - Memory Utilization	7.1000000000000005	1716055709941	248fa5b269df49d9a9217aa573019315	0	f
TOP - Memory Usage GB	1.8531	1716055709941	248fa5b269df49d9a9217aa573019315	0	f
TOP - CPU Utilization	101	1716055710944	248fa5b269df49d9a9217aa573019315	0	f
TOP - Memory Utilization	5.4	1716055710944	248fa5b269df49d9a9217aa573019315	0	f
TOP - Memory Usage GB	1.8540999999999999	1716055710944	248fa5b269df49d9a9217aa573019315	0	f
TOP - CPU Utilization	104	1716055711946	248fa5b269df49d9a9217aa573019315	0	f
TOP - Memory Utilization	7.1000000000000005	1716055711946	248fa5b269df49d9a9217aa573019315	0	f
TOP - Memory Usage GB	1.8540999999999999	1716055711946	248fa5b269df49d9a9217aa573019315	0	f
TOP - CPU Utilization	102	1716055712947	248fa5b269df49d9a9217aa573019315	0	f
TOP - Memory Utilization	5.4	1716055712947	248fa5b269df49d9a9217aa573019315	0	f
TOP - Memory Usage GB	1.8540999999999999	1716055712947	248fa5b269df49d9a9217aa573019315	0	f
TOP - CPU Utilization	103	1716055713949	248fa5b269df49d9a9217aa573019315	0	f
TOP - Memory Utilization	7.1000000000000005	1716055713949	248fa5b269df49d9a9217aa573019315	0	f
TOP - Memory Usage GB	1.8554000000000002	1716055713949	248fa5b269df49d9a9217aa573019315	0	f
TOP - CPU Utilization	100	1716055714951	248fa5b269df49d9a9217aa573019315	0	f
TOP - Memory Utilization	5.4	1716055714951	248fa5b269df49d9a9217aa573019315	0	f
TOP - Memory Usage GB	1.8554000000000002	1716055714951	248fa5b269df49d9a9217aa573019315	0	f
TOP - CPU Utilization	103	1716055715953	248fa5b269df49d9a9217aa573019315	0	f
TOP - Memory Utilization	7.1000000000000005	1716055715953	248fa5b269df49d9a9217aa573019315	0	f
TOP - Memory Usage GB	1.8554000000000002	1716055715953	248fa5b269df49d9a9217aa573019315	0	f
TOP - CPU Utilization	102	1716055716955	248fa5b269df49d9a9217aa573019315	0	f
TOP - Memory Utilization	5.5	1716055716955	248fa5b269df49d9a9217aa573019315	0	f
TOP - Memory Usage GB	1.8578	1716055716955	248fa5b269df49d9a9217aa573019315	0	f
TOP - CPU Utilization	103	1716055717957	248fa5b269df49d9a9217aa573019315	0	f
TOP - Memory Utilization	7.2	1716055717957	248fa5b269df49d9a9217aa573019315	0	f
TOP - Memory Usage GB	1.8578	1716055717957	248fa5b269df49d9a9217aa573019315	0	f
TOP - CPU Utilization	102	1716055718958	248fa5b269df49d9a9217aa573019315	0	f
TOP - Memory Utilization	5.5	1716055718958	248fa5b269df49d9a9217aa573019315	0	f
TOP - Memory Usage GB	1.8578	1716055718958	248fa5b269df49d9a9217aa573019315	0	f
TOP - CPU Utilization	103	1716055719960	248fa5b269df49d9a9217aa573019315	0	f
TOP - Memory Utilization	7.2	1716055719960	248fa5b269df49d9a9217aa573019315	0	f
TOP - Memory Usage GB	1.8578	1716055719960	248fa5b269df49d9a9217aa573019315	0	f
TOP - CPU Utilization	100	1716055720962	248fa5b269df49d9a9217aa573019315	0	f
TOP - Memory Utilization	5.5	1716055720962	248fa5b269df49d9a9217aa573019315	0	f
TOP - Memory Usage GB	1.8578	1716055720962	248fa5b269df49d9a9217aa573019315	0	f
TOP - CPU Utilization	104	1716055721964	248fa5b269df49d9a9217aa573019315	0	f
TOP - Memory Utilization	7.2	1716055721964	248fa5b269df49d9a9217aa573019315	0	f
TOP - Memory Usage GB	1.8578	1716055721964	248fa5b269df49d9a9217aa573019315	0	f
TOP - CPU Utilization	102	1716055722966	248fa5b269df49d9a9217aa573019315	0	f
TOP - Memory Utilization	5.5	1716055722966	248fa5b269df49d9a9217aa573019315	0	f
TOP - Memory Usage GB	1.8565999999999998	1716055722966	248fa5b269df49d9a9217aa573019315	0	f
TOP - CPU Utilization	102	1716055723968	248fa5b269df49d9a9217aa573019315	0	f
TOP - Memory Utilization	7.2	1716055723968	248fa5b269df49d9a9217aa573019315	0	f
TOP - Memory Usage GB	1.8565999999999998	1716055723968	248fa5b269df49d9a9217aa573019315	0	f
TOP - Swap Memory GB	0.0173	1716055723983	248fa5b269df49d9a9217aa573019315	0	f
TOP - CPU Utilization	102	1716055724970	248fa5b269df49d9a9217aa573019315	0	f
TOP - Memory Utilization	5.5	1716055724970	248fa5b269df49d9a9217aa573019315	0	f
TOP - Memory Usage GB	1.8565999999999998	1716055724970	248fa5b269df49d9a9217aa573019315	0	f
TOP - Swap Memory GB	0.0173	1716055724991	248fa5b269df49d9a9217aa573019315	0	f
TOP - CPU Utilization	101	1716055725972	248fa5b269df49d9a9217aa573019315	0	f
TOP - Memory Utilization	7.2	1716055725972	248fa5b269df49d9a9217aa573019315	0	f
TOP - Memory Usage GB	1.8576	1716055725972	248fa5b269df49d9a9217aa573019315	0	f
TOP - Swap Memory GB	0.0173	1716055725992	248fa5b269df49d9a9217aa573019315	0	f
TOP - CPU Utilization	102	1716055726973	248fa5b269df49d9a9217aa573019315	0	f
TOP - Memory Utilization	5.5	1716055726973	248fa5b269df49d9a9217aa573019315	0	f
TOP - Memory Usage GB	1.8576	1716055726973	248fa5b269df49d9a9217aa573019315	0	f
TOP - Swap Memory GB	0.0173	1716055726994	248fa5b269df49d9a9217aa573019315	0	f
TOP - CPU Utilization	103	1716055727975	248fa5b269df49d9a9217aa573019315	0	f
TOP - Memory Utilization	7.2	1716055727975	248fa5b269df49d9a9217aa573019315	0	f
TOP - Memory Usage GB	1.8576	1716055727975	248fa5b269df49d9a9217aa573019315	0	f
TOP - Swap Memory GB	0.0173	1716055727992	248fa5b269df49d9a9217aa573019315	0	f
TOP - CPU Utilization	102	1716055728977	248fa5b269df49d9a9217aa573019315	0	f
TOP - Memory Utilization	5.5	1716055728977	248fa5b269df49d9a9217aa573019315	0	f
TOP - Memory Usage GB	1.8574000000000002	1716055728977	248fa5b269df49d9a9217aa573019315	0	f
TOP - Swap Memory GB	0.0173	1716055728990	248fa5b269df49d9a9217aa573019315	0	f
TOP - CPU Utilization	103	1716055729979	248fa5b269df49d9a9217aa573019315	0	f
TOP - Memory Utilization	7.2	1716055729979	248fa5b269df49d9a9217aa573019315	0	f
TOP - Memory Usage GB	1.8574000000000002	1716055729979	248fa5b269df49d9a9217aa573019315	0	f
TOP - Swap Memory GB	0.0173	1716055729999	248fa5b269df49d9a9217aa573019315	0	f
TOP - CPU Utilization	101	1716055730981	248fa5b269df49d9a9217aa573019315	0	f
TOP - Memory Utilization	5.5	1716055730981	248fa5b269df49d9a9217aa573019315	0	f
TOP - Memory Usage GB	1.8574000000000002	1716055730981	248fa5b269df49d9a9217aa573019315	0	f
TOP - Swap Memory GB	0.0173	1716055730998	248fa5b269df49d9a9217aa573019315	0	f
TOP - CPU Utilization	104	1716055731983	248fa5b269df49d9a9217aa573019315	0	f
TOP - Memory Utilization	7.2	1716055731983	248fa5b269df49d9a9217aa573019315	0	f
TOP - Memory Usage GB	1.8562	1716055731983	248fa5b269df49d9a9217aa573019315	0	f
TOP - Swap Memory GB	0.0173	1716055732003	248fa5b269df49d9a9217aa573019315	0	f
TOP - CPU Utilization	102	1716055732984	248fa5b269df49d9a9217aa573019315	0	f
TOP - Memory Utilization	5.5	1716055732984	248fa5b269df49d9a9217aa573019315	0	f
TOP - Memory Usage GB	1.8562	1716055732984	248fa5b269df49d9a9217aa573019315	0	f
TOP - Swap Memory GB	0.0173	1716055732998	248fa5b269df49d9a9217aa573019315	0	f
TOP - CPU Utilization	104	1716055733987	248fa5b269df49d9a9217aa573019315	0	f
TOP - Memory Utilization	7.2	1716055733987	248fa5b269df49d9a9217aa573019315	0	f
TOP - Memory Usage GB	1.8562	1716055733987	248fa5b269df49d9a9217aa573019315	0	f
TOP - Swap Memory GB	0.0173	1716055734005	248fa5b269df49d9a9217aa573019315	0	f
TOP - CPU Utilization	101	1716055734989	248fa5b269df49d9a9217aa573019315	0	f
TOP - Memory Utilization	5.5	1716055734989	248fa5b269df49d9a9217aa573019315	0	f
TOP - Memory Usage GB	1.8616	1716055734989	248fa5b269df49d9a9217aa573019315	0	f
TOP - Swap Memory GB	0.0173	1716055735003	248fa5b269df49d9a9217aa573019315	0	f
TOP - CPU Utilization	103	1716055735991	248fa5b269df49d9a9217aa573019315	0	f
TOP - Memory Utilization	7.2	1716055735991	248fa5b269df49d9a9217aa573019315	0	f
TOP - Memory Usage GB	1.8616	1716055735991	248fa5b269df49d9a9217aa573019315	0	f
TOP - Swap Memory GB	0.0173	1716055736005	248fa5b269df49d9a9217aa573019315	0	f
TOP - Swap Memory GB	0.0173	1716055737007	248fa5b269df49d9a9217aa573019315	0	f
TOP - Swap Memory GB	0.0173	1716055738017	248fa5b269df49d9a9217aa573019315	0	f
TOP - Swap Memory GB	0.0173	1716055739011	248fa5b269df49d9a9217aa573019315	0	f
TOP - Swap Memory GB	0.0173	1716055740016	248fa5b269df49d9a9217aa573019315	0	f
TOP - Swap Memory GB	0.0173	1716055741019	248fa5b269df49d9a9217aa573019315	0	f
TOP - Swap Memory GB	0.0173	1716055742017	248fa5b269df49d9a9217aa573019315	0	f
TOP - Swap Memory GB	0.0173	1716055743018	248fa5b269df49d9a9217aa573019315	0	f
TOP - Swap Memory GB	0.0173	1716055744024	248fa5b269df49d9a9217aa573019315	0	f
TOP - Swap Memory GB	0.0173	1716055745026	248fa5b269df49d9a9217aa573019315	0	f
TOP - Swap Memory GB	0.0173	1716055746023	248fa5b269df49d9a9217aa573019315	0	f
TOP - Swap Memory GB	0.0173	1716055747028	248fa5b269df49d9a9217aa573019315	0	f
TOP - Swap Memory GB	0.0173	1716055748032	248fa5b269df49d9a9217aa573019315	0	f
TOP - Swap Memory GB	0.0173	1716055749033	248fa5b269df49d9a9217aa573019315	0	f
TOP - Swap Memory GB	0.0173	1716055750032	248fa5b269df49d9a9217aa573019315	0	f
TOP - Swap Memory GB	0.0173	1716055751043	248fa5b269df49d9a9217aa573019315	0	f
TOP - Swap Memory GB	0.0173	1716055752037	248fa5b269df49d9a9217aa573019315	0	f
TOP - Swap Memory GB	0.0173	1716055753046	248fa5b269df49d9a9217aa573019315	0	f
TOP - Swap Memory GB	0.0173	1716055754125	248fa5b269df49d9a9217aa573019315	0	f
TOP - Swap Memory GB	0.0173	1716055755051	248fa5b269df49d9a9217aa573019315	0	f
TOP - Swap Memory GB	0.0173	1716055756054	248fa5b269df49d9a9217aa573019315	0	f
TOP - Swap Memory GB	0.0173	1716055757055	248fa5b269df49d9a9217aa573019315	0	f
TOP - Swap Memory GB	0.0173	1716055758048	248fa5b269df49d9a9217aa573019315	0	f
TOP - Swap Memory GB	0.0173	1716055759059	248fa5b269df49d9a9217aa573019315	0	f
TOP - Swap Memory GB	0.0173	1716055760062	248fa5b269df49d9a9217aa573019315	0	f
TOP - Swap Memory GB	0.0173	1716055761055	248fa5b269df49d9a9217aa573019315	0	f
TOP - Swap Memory GB	0.0173	1716055762057	248fa5b269df49d9a9217aa573019315	0	f
TOP - Swap Memory GB	0.0173	1716055763060	248fa5b269df49d9a9217aa573019315	0	f
TOP - Swap Memory GB	0.0173	1716055764069	248fa5b269df49d9a9217aa573019315	0	f
TOP - Swap Memory GB	0.0173	1716055765064	248fa5b269df49d9a9217aa573019315	0	f
TOP - Swap Memory GB	0.0173	1716055766072	248fa5b269df49d9a9217aa573019315	0	f
TOP - Swap Memory GB	0.0173	1716055767067	248fa5b269df49d9a9217aa573019315	0	f
TOP - Swap Memory GB	0.0173	1716055768079	248fa5b269df49d9a9217aa573019315	0	f
TOP - Swap Memory GB	0.0173	1716055769081	248fa5b269df49d9a9217aa573019315	0	f
TOP - Swap Memory GB	0.0173	1716055770075	248fa5b269df49d9a9217aa573019315	0	f
TOP - Swap Memory GB	0.0173	1716055771083	248fa5b269df49d9a9217aa573019315	0	f
TOP - Swap Memory GB	0.0173	1716055772085	248fa5b269df49d9a9217aa573019315	0	f
TOP - Swap Memory GB	0.0173	1716055773078	248fa5b269df49d9a9217aa573019315	0	f
TOP - Swap Memory GB	0.0173	1716055774082	248fa5b269df49d9a9217aa573019315	0	f
TOP - Swap Memory GB	0.0173	1716055775094	248fa5b269df49d9a9217aa573019315	0	f
TOP - Swap Memory GB	0.0173	1716055776086	248fa5b269df49d9a9217aa573019315	0	f
TOP - Swap Memory GB	0.0173	1716055777086	248fa5b269df49d9a9217aa573019315	0	f
TOP - Swap Memory GB	0.0173	1716055778087	248fa5b269df49d9a9217aa573019315	0	f
TOP - Swap Memory GB	0.0173	1716055779090	248fa5b269df49d9a9217aa573019315	0	f
TOP - Swap Memory GB	0.0173	1716055780091	248fa5b269df49d9a9217aa573019315	0	f
TOP - Swap Memory GB	0.0173	1716055781101	248fa5b269df49d9a9217aa573019315	0	f
TOP - Swap Memory GB	0.0173	1716055782102	248fa5b269df49d9a9217aa573019315	0	f
TOP - Swap Memory GB	0.0173	1716055783105	248fa5b269df49d9a9217aa573019315	0	f
TOP - CPU Utilization	102	1716055863236	248fa5b269df49d9a9217aa573019315	0	f
TOP - Memory Utilization	5.6	1716055863236	248fa5b269df49d9a9217aa573019315	0	f
TOP - Memory Usage GB	1.866	1716055863236	248fa5b269df49d9a9217aa573019315	0	f
TOP - CPU Utilization	102	1716055864238	248fa5b269df49d9a9217aa573019315	0	f
TOP - Memory Utilization	7.3	1716055864238	248fa5b269df49d9a9217aa573019315	0	f
TOP - Memory Usage GB	1.866	1716055864238	248fa5b269df49d9a9217aa573019315	0	f
TOP - CPU Utilization	102	1716055865240	248fa5b269df49d9a9217aa573019315	0	f
TOP - Memory Utilization	5.6	1716055865240	248fa5b269df49d9a9217aa573019315	0	f
TOP - Memory Usage GB	1.866	1716055865240	248fa5b269df49d9a9217aa573019315	0	f
TOP - CPU Utilization	101	1716055866241	248fa5b269df49d9a9217aa573019315	0	f
TOP - Memory Utilization	7.3	1716055866241	248fa5b269df49d9a9217aa573019315	0	f
TOP - Memory Usage GB	1.8668	1716055866241	248fa5b269df49d9a9217aa573019315	0	f
TOP - CPU Utilization	102	1716055867243	248fa5b269df49d9a9217aa573019315	0	f
TOP - Memory Utilization	5.6	1716055867243	248fa5b269df49d9a9217aa573019315	0	f
TOP - Memory Usage GB	1.8668	1716055867243	248fa5b269df49d9a9217aa573019315	0	f
TOP - CPU Utilization	103	1716055868244	248fa5b269df49d9a9217aa573019315	0	f
TOP - Memory Utilization	7.3	1716055868244	248fa5b269df49d9a9217aa573019315	0	f
TOP - CPU Utilization	101	1716055736993	248fa5b269df49d9a9217aa573019315	0	f
TOP - Memory Utilization	5.5	1716055736993	248fa5b269df49d9a9217aa573019315	0	f
TOP - Memory Usage GB	1.8616	1716055736993	248fa5b269df49d9a9217aa573019315	0	f
TOP - CPU Utilization	103	1716055737995	248fa5b269df49d9a9217aa573019315	0	f
TOP - Memory Utilization	7.2	1716055737995	248fa5b269df49d9a9217aa573019315	0	f
TOP - Memory Usage GB	1.8619	1716055737995	248fa5b269df49d9a9217aa573019315	0	f
TOP - CPU Utilization	101	1716055738997	248fa5b269df49d9a9217aa573019315	0	f
TOP - Memory Utilization	5.5	1716055738997	248fa5b269df49d9a9217aa573019315	0	f
TOP - Memory Usage GB	1.8619	1716055738997	248fa5b269df49d9a9217aa573019315	0	f
TOP - CPU Utilization	102	1716055739999	248fa5b269df49d9a9217aa573019315	0	f
TOP - Memory Utilization	5.5	1716055739999	248fa5b269df49d9a9217aa573019315	0	f
TOP - Memory Usage GB	1.8619	1716055739999	248fa5b269df49d9a9217aa573019315	0	f
TOP - CPU Utilization	104	1716055741001	248fa5b269df49d9a9217aa573019315	0	f
TOP - Memory Utilization	7.2	1716055741001	248fa5b269df49d9a9217aa573019315	0	f
TOP - Memory Usage GB	1.8618	1716055741001	248fa5b269df49d9a9217aa573019315	0	f
TOP - CPU Utilization	100	1716055742003	248fa5b269df49d9a9217aa573019315	0	f
TOP - Memory Utilization	7.2	1716055742003	248fa5b269df49d9a9217aa573019315	0	f
TOP - Memory Usage GB	1.8618	1716055742003	248fa5b269df49d9a9217aa573019315	0	f
TOP - CPU Utilization	103	1716055743005	248fa5b269df49d9a9217aa573019315	0	f
TOP - Memory Utilization	5.5	1716055743005	248fa5b269df49d9a9217aa573019315	0	f
TOP - Memory Usage GB	1.8624	1716055743005	248fa5b269df49d9a9217aa573019315	0	f
TOP - CPU Utilization	101	1716055744007	248fa5b269df49d9a9217aa573019315	0	f
TOP - Memory Utilization	5.5	1716055744007	248fa5b269df49d9a9217aa573019315	0	f
TOP - Memory Usage GB	1.8624	1716055744007	248fa5b269df49d9a9217aa573019315	0	f
TOP - CPU Utilization	103	1716055745009	248fa5b269df49d9a9217aa573019315	0	f
TOP - Memory Utilization	7.2	1716055745009	248fa5b269df49d9a9217aa573019315	0	f
TOP - Memory Usage GB	1.8624	1716055745009	248fa5b269df49d9a9217aa573019315	0	f
TOP - CPU Utilization	102	1716055746010	248fa5b269df49d9a9217aa573019315	0	f
TOP - Memory Utilization	5.5	1716055746010	248fa5b269df49d9a9217aa573019315	0	f
TOP - Memory Usage GB	1.8635	1716055746010	248fa5b269df49d9a9217aa573019315	0	f
TOP - CPU Utilization	101	1716055747012	248fa5b269df49d9a9217aa573019315	0	f
TOP - Memory Utilization	7.2	1716055747012	248fa5b269df49d9a9217aa573019315	0	f
TOP - Memory Usage GB	1.8635	1716055747012	248fa5b269df49d9a9217aa573019315	0	f
TOP - CPU Utilization	103	1716055748014	248fa5b269df49d9a9217aa573019315	0	f
TOP - Memory Utilization	5.5	1716055748014	248fa5b269df49d9a9217aa573019315	0	f
TOP - Memory Usage GB	1.8635	1716055748014	248fa5b269df49d9a9217aa573019315	0	f
TOP - CPU Utilization	102	1716055749016	248fa5b269df49d9a9217aa573019315	0	f
TOP - Memory Utilization	7.2	1716055749016	248fa5b269df49d9a9217aa573019315	0	f
TOP - Memory Usage GB	1.8616	1716055749016	248fa5b269df49d9a9217aa573019315	0	f
TOP - CPU Utilization	102	1716055750018	248fa5b269df49d9a9217aa573019315	0	f
TOP - Memory Utilization	5.5	1716055750018	248fa5b269df49d9a9217aa573019315	0	f
TOP - Memory Usage GB	1.8616	1716055750018	248fa5b269df49d9a9217aa573019315	0	f
TOP - CPU Utilization	103	1716055751020	248fa5b269df49d9a9217aa573019315	0	f
TOP - Memory Utilization	7.2	1716055751020	248fa5b269df49d9a9217aa573019315	0	f
TOP - Memory Usage GB	1.8616	1716055751020	248fa5b269df49d9a9217aa573019315	0	f
TOP - CPU Utilization	100	1716055752023	248fa5b269df49d9a9217aa573019315	0	f
TOP - Memory Utilization	5.5	1716055752023	248fa5b269df49d9a9217aa573019315	0	f
TOP - Memory Usage GB	1.8596	1716055752023	248fa5b269df49d9a9217aa573019315	0	f
TOP - CPU Utilization	104	1716055753025	248fa5b269df49d9a9217aa573019315	0	f
TOP - Memory Utilization	7.2	1716055753025	248fa5b269df49d9a9217aa573019315	0	f
TOP - Memory Usage GB	1.8596	1716055753025	248fa5b269df49d9a9217aa573019315	0	f
TOP - CPU Utilization	101	1716055754028	248fa5b269df49d9a9217aa573019315	0	f
TOP - Memory Utilization	5.5	1716055754028	248fa5b269df49d9a9217aa573019315	0	f
TOP - Memory Usage GB	1.8596	1716055754028	248fa5b269df49d9a9217aa573019315	0	f
TOP - CPU Utilization	103	1716055755029	248fa5b269df49d9a9217aa573019315	0	f
TOP - Memory Utilization	7.2	1716055755029	248fa5b269df49d9a9217aa573019315	0	f
TOP - Memory Usage GB	1.8585	1716055755029	248fa5b269df49d9a9217aa573019315	0	f
TOP - CPU Utilization	107.9	1716055756032	248fa5b269df49d9a9217aa573019315	0	f
TOP - Memory Utilization	7.199999999999999	1716055756032	248fa5b269df49d9a9217aa573019315	0	f
TOP - Memory Usage GB	1.8585	1716055756032	248fa5b269df49d9a9217aa573019315	0	f
TOP - CPU Utilization	103	1716055757034	248fa5b269df49d9a9217aa573019315	0	f
TOP - Memory Utilization	7.2	1716055757034	248fa5b269df49d9a9217aa573019315	0	f
TOP - Memory Usage GB	1.8585	1716055757034	248fa5b269df49d9a9217aa573019315	0	f
TOP - CPU Utilization	102	1716055758035	248fa5b269df49d9a9217aa573019315	0	f
TOP - Memory Utilization	5.5	1716055758035	248fa5b269df49d9a9217aa573019315	0	f
TOP - Memory Usage GB	1.8597000000000001	1716055758035	248fa5b269df49d9a9217aa573019315	0	f
TOP - CPU Utilization	102	1716055759038	248fa5b269df49d9a9217aa573019315	0	f
TOP - Memory Utilization	7.2	1716055759038	248fa5b269df49d9a9217aa573019315	0	f
TOP - Memory Usage GB	1.8597000000000001	1716055759038	248fa5b269df49d9a9217aa573019315	0	f
TOP - CPU Utilization	101	1716055760040	248fa5b269df49d9a9217aa573019315	0	f
TOP - Memory Utilization	5.5	1716055760040	248fa5b269df49d9a9217aa573019315	0	f
TOP - Memory Usage GB	1.8597000000000001	1716055760040	248fa5b269df49d9a9217aa573019315	0	f
TOP - CPU Utilization	102	1716055761042	248fa5b269df49d9a9217aa573019315	0	f
TOP - Memory Utilization	7.2	1716055761042	248fa5b269df49d9a9217aa573019315	0	f
TOP - Memory Usage GB	1.8608	1716055761042	248fa5b269df49d9a9217aa573019315	0	f
TOP - CPU Utilization	103	1716055762044	248fa5b269df49d9a9217aa573019315	0	f
TOP - Memory Utilization	5.5	1716055762044	248fa5b269df49d9a9217aa573019315	0	f
TOP - Memory Usage GB	1.8608	1716055762044	248fa5b269df49d9a9217aa573019315	0	f
TOP - CPU Utilization	101	1716055763046	248fa5b269df49d9a9217aa573019315	0	f
TOP - Memory Utilization	5.5	1716055763046	248fa5b269df49d9a9217aa573019315	0	f
TOP - Memory Usage GB	1.8608	1716055763046	248fa5b269df49d9a9217aa573019315	0	f
TOP - CPU Utilization	103	1716055764048	248fa5b269df49d9a9217aa573019315	0	f
TOP - Memory Utilization	7.2	1716055764048	248fa5b269df49d9a9217aa573019315	0	f
TOP - Memory Usage GB	1.863	1716055764048	248fa5b269df49d9a9217aa573019315	0	f
TOP - CPU Utilization	103	1716055765050	248fa5b269df49d9a9217aa573019315	0	f
TOP - Memory Utilization	7.2	1716055765050	248fa5b269df49d9a9217aa573019315	0	f
TOP - Memory Usage GB	1.863	1716055765050	248fa5b269df49d9a9217aa573019315	0	f
TOP - CPU Utilization	100	1716055766052	248fa5b269df49d9a9217aa573019315	0	f
TOP - Memory Utilization	5.5	1716055766052	248fa5b269df49d9a9217aa573019315	0	f
TOP - Memory Usage GB	1.863	1716055766052	248fa5b269df49d9a9217aa573019315	0	f
TOP - CPU Utilization	102	1716055767054	248fa5b269df49d9a9217aa573019315	0	f
TOP - Memory Utilization	7.2	1716055767054	248fa5b269df49d9a9217aa573019315	0	f
TOP - Memory Usage GB	1.8611	1716055767054	248fa5b269df49d9a9217aa573019315	0	f
TOP - CPU Utilization	103	1716055768056	248fa5b269df49d9a9217aa573019315	0	f
TOP - Memory Utilization	5.5	1716055768056	248fa5b269df49d9a9217aa573019315	0	f
TOP - Memory Usage GB	1.8611	1716055768056	248fa5b269df49d9a9217aa573019315	0	f
TOP - CPU Utilization	101	1716055769057	248fa5b269df49d9a9217aa573019315	0	f
TOP - Memory Utilization	5.5	1716055769057	248fa5b269df49d9a9217aa573019315	0	f
TOP - Memory Usage GB	1.8611	1716055769057	248fa5b269df49d9a9217aa573019315	0	f
TOP - CPU Utilization	103	1716055770060	248fa5b269df49d9a9217aa573019315	0	f
TOP - Memory Utilization	7.2	1716055770060	248fa5b269df49d9a9217aa573019315	0	f
TOP - Memory Usage GB	1.8612	1716055770060	248fa5b269df49d9a9217aa573019315	0	f
TOP - CPU Utilization	102	1716055771061	248fa5b269df49d9a9217aa573019315	0	f
TOP - Memory Utilization	7.2	1716055771061	248fa5b269df49d9a9217aa573019315	0	f
TOP - Memory Usage GB	1.8612	1716055771061	248fa5b269df49d9a9217aa573019315	0	f
TOP - CPU Utilization	101	1716055772063	248fa5b269df49d9a9217aa573019315	0	f
TOP - Memory Utilization	5.5	1716055772063	248fa5b269df49d9a9217aa573019315	0	f
TOP - Memory Usage GB	1.8612	1716055772063	248fa5b269df49d9a9217aa573019315	0	f
TOP - CPU Utilization	104	1716055773065	248fa5b269df49d9a9217aa573019315	0	f
TOP - Memory Utilization	7.2	1716055773065	248fa5b269df49d9a9217aa573019315	0	f
TOP - Memory Usage GB	1.8633	1716055773065	248fa5b269df49d9a9217aa573019315	0	f
TOP - CPU Utilization	101	1716055774067	248fa5b269df49d9a9217aa573019315	0	f
TOP - Memory Utilization	5.5	1716055774067	248fa5b269df49d9a9217aa573019315	0	f
TOP - Memory Usage GB	1.8633	1716055774067	248fa5b269df49d9a9217aa573019315	0	f
TOP - CPU Utilization	101	1716055775068	248fa5b269df49d9a9217aa573019315	0	f
TOP - Memory Utilization	7.2	1716055775068	248fa5b269df49d9a9217aa573019315	0	f
TOP - Memory Usage GB	1.8633	1716055775068	248fa5b269df49d9a9217aa573019315	0	f
TOP - CPU Utilization	102	1716055776070	248fa5b269df49d9a9217aa573019315	0	f
TOP - Memory Utilization	5.5	1716055776070	248fa5b269df49d9a9217aa573019315	0	f
TOP - Memory Usage GB	1.8633	1716055776070	248fa5b269df49d9a9217aa573019315	0	f
TOP - CPU Utilization	102	1716055777072	248fa5b269df49d9a9217aa573019315	0	f
TOP - Memory Utilization	7.2	1716055777072	248fa5b269df49d9a9217aa573019315	0	f
TOP - Memory Usage GB	1.8633	1716055777072	248fa5b269df49d9a9217aa573019315	0	f
TOP - CPU Utilization	102	1716055778074	248fa5b269df49d9a9217aa573019315	0	f
TOP - Memory Utilization	5.5	1716055778074	248fa5b269df49d9a9217aa573019315	0	f
TOP - Memory Usage GB	1.8633	1716055778074	248fa5b269df49d9a9217aa573019315	0	f
TOP - CPU Utilization	104	1716055779076	248fa5b269df49d9a9217aa573019315	0	f
TOP - Memory Utilization	7.2	1716055779076	248fa5b269df49d9a9217aa573019315	0	f
TOP - Memory Usage GB	1.8657000000000001	1716055779076	248fa5b269df49d9a9217aa573019315	0	f
TOP - CPU Utilization	101	1716055780078	248fa5b269df49d9a9217aa573019315	0	f
TOP - Memory Utilization	5.5	1716055780078	248fa5b269df49d9a9217aa573019315	0	f
TOP - Memory Usage GB	1.8657000000000001	1716055780078	248fa5b269df49d9a9217aa573019315	0	f
TOP - CPU Utilization	101	1716055781080	248fa5b269df49d9a9217aa573019315	0	f
TOP - Memory Utilization	5.5	1716055781080	248fa5b269df49d9a9217aa573019315	0	f
TOP - Memory Usage GB	1.8657000000000001	1716055781080	248fa5b269df49d9a9217aa573019315	0	f
TOP - CPU Utilization	102	1716055782082	248fa5b269df49d9a9217aa573019315	0	f
TOP - Memory Utilization	7.2	1716055782082	248fa5b269df49d9a9217aa573019315	0	f
TOP - Memory Usage GB	1.865	1716055782082	248fa5b269df49d9a9217aa573019315	0	f
TOP - CPU Utilization	102	1716055783084	248fa5b269df49d9a9217aa573019315	0	f
TOP - Memory Utilization	7.2	1716055783084	248fa5b269df49d9a9217aa573019315	0	f
TOP - Memory Usage GB	1.865	1716055783084	248fa5b269df49d9a9217aa573019315	0	f
TOP - CPU Utilization	103	1716055784085	248fa5b269df49d9a9217aa573019315	0	f
TOP - Memory Utilization	5.5	1716055784085	248fa5b269df49d9a9217aa573019315	0	f
TOP - Memory Usage GB	1.865	1716055784085	248fa5b269df49d9a9217aa573019315	0	f
TOP - Swap Memory GB	0.0173	1716055784100	248fa5b269df49d9a9217aa573019315	0	f
TOP - CPU Utilization	102	1716055785087	248fa5b269df49d9a9217aa573019315	0	f
TOP - Memory Utilization	7.2	1716055785087	248fa5b269df49d9a9217aa573019315	0	f
TOP - Memory Usage GB	1.8665	1716055785087	248fa5b269df49d9a9217aa573019315	0	f
TOP - Swap Memory GB	0.0173	1716055785110	248fa5b269df49d9a9217aa573019315	0	f
TOP - CPU Utilization	101	1716055786089	248fa5b269df49d9a9217aa573019315	0	f
TOP - Memory Utilization	5.5	1716055786089	248fa5b269df49d9a9217aa573019315	0	f
TOP - Memory Usage GB	1.8665	1716055786089	248fa5b269df49d9a9217aa573019315	0	f
TOP - Swap Memory GB	0.0173	1716055786103	248fa5b269df49d9a9217aa573019315	0	f
TOP - CPU Utilization	101	1716055787091	248fa5b269df49d9a9217aa573019315	0	f
TOP - Memory Utilization	5.5	1716055787091	248fa5b269df49d9a9217aa573019315	0	f
TOP - Memory Usage GB	1.8665	1716055787091	248fa5b269df49d9a9217aa573019315	0	f
TOP - Swap Memory GB	0.0173	1716055787105	248fa5b269df49d9a9217aa573019315	0	f
TOP - CPU Utilization	102	1716055788093	248fa5b269df49d9a9217aa573019315	0	f
TOP - Memory Utilization	7.2	1716055788093	248fa5b269df49d9a9217aa573019315	0	f
TOP - Memory Usage GB	1.8675	1716055788093	248fa5b269df49d9a9217aa573019315	0	f
TOP - Swap Memory GB	0.0173	1716055788106	248fa5b269df49d9a9217aa573019315	0	f
TOP - CPU Utilization	103	1716055789095	248fa5b269df49d9a9217aa573019315	0	f
TOP - Memory Utilization	5.5	1716055789095	248fa5b269df49d9a9217aa573019315	0	f
TOP - Memory Usage GB	1.8675	1716055789095	248fa5b269df49d9a9217aa573019315	0	f
TOP - Swap Memory GB	0.0173	1716055789110	248fa5b269df49d9a9217aa573019315	0	f
TOP - CPU Utilization	102	1716055790097	248fa5b269df49d9a9217aa573019315	0	f
TOP - Memory Utilization	7.2	1716055790097	248fa5b269df49d9a9217aa573019315	0	f
TOP - Memory Usage GB	1.8675	1716055790097	248fa5b269df49d9a9217aa573019315	0	f
TOP - Swap Memory GB	0.0173	1716055790110	248fa5b269df49d9a9217aa573019315	0	f
TOP - CPU Utilization	101	1716055791099	248fa5b269df49d9a9217aa573019315	0	f
TOP - Memory Utilization	5.5	1716055791099	248fa5b269df49d9a9217aa573019315	0	f
TOP - Memory Usage GB	1.8653	1716055791099	248fa5b269df49d9a9217aa573019315	0	f
TOP - Swap Memory GB	0.0173	1716055791118	248fa5b269df49d9a9217aa573019315	0	f
TOP - CPU Utilization	103	1716055792101	248fa5b269df49d9a9217aa573019315	0	f
TOP - Memory Utilization	7.2	1716055792101	248fa5b269df49d9a9217aa573019315	0	f
TOP - Memory Usage GB	1.8653	1716055792101	248fa5b269df49d9a9217aa573019315	0	f
TOP - Swap Memory GB	0.0173	1716055792114	248fa5b269df49d9a9217aa573019315	0	f
TOP - CPU Utilization	102	1716055793103	248fa5b269df49d9a9217aa573019315	0	f
TOP - Memory Utilization	7.2	1716055793103	248fa5b269df49d9a9217aa573019315	0	f
TOP - Memory Usage GB	1.8653	1716055793103	248fa5b269df49d9a9217aa573019315	0	f
TOP - Swap Memory GB	0.0173	1716055793125	248fa5b269df49d9a9217aa573019315	0	f
TOP - CPU Utilization	103	1716055794105	248fa5b269df49d9a9217aa573019315	0	f
TOP - Memory Utilization	5.5	1716055794105	248fa5b269df49d9a9217aa573019315	0	f
TOP - Memory Usage GB	1.8658	1716055794105	248fa5b269df49d9a9217aa573019315	0	f
TOP - Swap Memory GB	0.0173	1716055794128	248fa5b269df49d9a9217aa573019315	0	f
TOP - CPU Utilization	102	1716055795106	248fa5b269df49d9a9217aa573019315	0	f
TOP - Memory Utilization	7.2	1716055795106	248fa5b269df49d9a9217aa573019315	0	f
TOP - Memory Usage GB	1.8658	1716055795106	248fa5b269df49d9a9217aa573019315	0	f
TOP - Swap Memory GB	0.0173	1716055795128	248fa5b269df49d9a9217aa573019315	0	f
TOP - CPU Utilization	102	1716055796108	248fa5b269df49d9a9217aa573019315	0	f
TOP - Memory Utilization	5.5	1716055796108	248fa5b269df49d9a9217aa573019315	0	f
TOP - Memory Usage GB	1.8658	1716055796108	248fa5b269df49d9a9217aa573019315	0	f
TOP - Swap Memory GB	0.0173	1716055796123	248fa5b269df49d9a9217aa573019315	0	f
TOP - Swap Memory GB	0.0173	1716055797124	248fa5b269df49d9a9217aa573019315	0	f
TOP - Swap Memory GB	0.0173	1716055798127	248fa5b269df49d9a9217aa573019315	0	f
TOP - Swap Memory GB	0.0173	1716055799136	248fa5b269df49d9a9217aa573019315	0	f
TOP - Swap Memory GB	0.0173	1716055800137	248fa5b269df49d9a9217aa573019315	0	f
TOP - Swap Memory GB	0.0173	1716055801132	248fa5b269df49d9a9217aa573019315	0	f
TOP - Swap Memory GB	0.0173	1716055802134	248fa5b269df49d9a9217aa573019315	0	f
TOP - Swap Memory GB	0.0173	1716055803144	248fa5b269df49d9a9217aa573019315	0	f
TOP - Swap Memory GB	0.0173	1716055804147	248fa5b269df49d9a9217aa573019315	0	f
TOP - Swap Memory GB	0.0173	1716055805148	248fa5b269df49d9a9217aa573019315	0	f
TOP - Swap Memory GB	0.0173	1716055806141	248fa5b269df49d9a9217aa573019315	0	f
TOP - Swap Memory GB	0.0173	1716055807143	248fa5b269df49d9a9217aa573019315	0	f
TOP - Swap Memory GB	0.0173	1716055808151	248fa5b269df49d9a9217aa573019315	0	f
TOP - Swap Memory GB	0.0173	1716055809153	248fa5b269df49d9a9217aa573019315	0	f
TOP - Swap Memory GB	0.0173	1716055810158	248fa5b269df49d9a9217aa573019315	0	f
TOP - Swap Memory GB	0.0173	1716055811159	248fa5b269df49d9a9217aa573019315	0	f
TOP - Swap Memory GB	0.0173	1716055812153	248fa5b269df49d9a9217aa573019315	0	f
TOP - Swap Memory GB	0.0173	1716055813165	248fa5b269df49d9a9217aa573019315	0	f
TOP - Swap Memory GB	0.0173	1716055814155	248fa5b269df49d9a9217aa573019315	0	f
TOP - Swap Memory GB	0.0173	1716055815166	248fa5b269df49d9a9217aa573019315	0	f
TOP - Swap Memory GB	0.0173	1716055816168	248fa5b269df49d9a9217aa573019315	0	f
TOP - Swap Memory GB	0.0173	1716055817163	248fa5b269df49d9a9217aa573019315	0	f
TOP - Swap Memory GB	0.0173	1716055818169	248fa5b269df49d9a9217aa573019315	0	f
TOP - Swap Memory GB	0.0173	1716055819173	248fa5b269df49d9a9217aa573019315	0	f
TOP - Swap Memory GB	0.0173	1716055820174	248fa5b269df49d9a9217aa573019315	0	f
TOP - Swap Memory GB	0.0173	1716055821179	248fa5b269df49d9a9217aa573019315	0	f
TOP - Swap Memory GB	0.0173	1716055822171	248fa5b269df49d9a9217aa573019315	0	f
TOP - Swap Memory GB	0.0173	1716055823180	248fa5b269df49d9a9217aa573019315	0	f
TOP - Swap Memory GB	0.0173	1716055824181	248fa5b269df49d9a9217aa573019315	0	f
TOP - Swap Memory GB	0.0173	1716055825183	248fa5b269df49d9a9217aa573019315	0	f
TOP - Swap Memory GB	0.0173	1716055826178	248fa5b269df49d9a9217aa573019315	0	f
TOP - Swap Memory GB	0.0173	1716055827184	248fa5b269df49d9a9217aa573019315	0	f
TOP - Swap Memory GB	0.0173	1716055828193	248fa5b269df49d9a9217aa573019315	0	f
TOP - Swap Memory GB	0.0173	1716055829193	248fa5b269df49d9a9217aa573019315	0	f
TOP - Swap Memory GB	0.0173	1716055830188	248fa5b269df49d9a9217aa573019315	0	f
TOP - Swap Memory GB	0.0173	1716055831198	248fa5b269df49d9a9217aa573019315	0	f
TOP - Swap Memory GB	0.0173	1716055832199	248fa5b269df49d9a9217aa573019315	0	f
TOP - Swap Memory GB	0.0173	1716055833199	248fa5b269df49d9a9217aa573019315	0	f
TOP - Swap Memory GB	0.0173	1716055834200	248fa5b269df49d9a9217aa573019315	0	f
TOP - Swap Memory GB	0.0173	1716055835204	248fa5b269df49d9a9217aa573019315	0	f
TOP - Swap Memory GB	0.0173	1716055836204	248fa5b269df49d9a9217aa573019315	0	f
TOP - Swap Memory GB	0.0173	1716055837199	248fa5b269df49d9a9217aa573019315	0	f
TOP - Swap Memory GB	0.0173	1716055838209	248fa5b269df49d9a9217aa573019315	0	f
TOP - Swap Memory GB	0.0173	1716055839210	248fa5b269df49d9a9217aa573019315	0	f
TOP - Swap Memory GB	0.0173	1716055840212	248fa5b269df49d9a9217aa573019315	0	f
TOP - Swap Memory GB	0.0173	1716055841214	248fa5b269df49d9a9217aa573019315	0	f
TOP - Swap Memory GB	0.0173	1716055842209	248fa5b269df49d9a9217aa573019315	0	f
TOP - Swap Memory GB	0.0173	1716055843216	248fa5b269df49d9a9217aa573019315	0	f
TOP - Memory Usage GB	1.8668	1716055868244	248fa5b269df49d9a9217aa573019315	0	f
TOP - CPU Utilization	102	1716055869246	248fa5b269df49d9a9217aa573019315	0	f
TOP - Memory Utilization	5.6	1716055869246	248fa5b269df49d9a9217aa573019315	0	f
TOP - Memory Usage GB	1.8667	1716055869246	248fa5b269df49d9a9217aa573019315	0	f
TOP - CPU Utilization	103	1716055870249	248fa5b269df49d9a9217aa573019315	0	f
TOP - Memory Utilization	7.3	1716055870249	248fa5b269df49d9a9217aa573019315	0	f
TOP - Memory Usage GB	1.8667	1716055870249	248fa5b269df49d9a9217aa573019315	0	f
TOP - CPU Utilization	101	1716055871251	248fa5b269df49d9a9217aa573019315	0	f
TOP - Memory Utilization	5.6	1716055871251	248fa5b269df49d9a9217aa573019315	0	f
TOP - Memory Usage GB	1.8667	1716055871251	248fa5b269df49d9a9217aa573019315	0	f
TOP - CPU Utilization	102	1716055872253	248fa5b269df49d9a9217aa573019315	0	f
TOP - Memory Utilization	7.3	1716055872253	248fa5b269df49d9a9217aa573019315	0	f
TOP - Memory Usage GB	1.868	1716055872253	248fa5b269df49d9a9217aa573019315	0	f
TOP - CPU Utilization	102	1716055873254	248fa5b269df49d9a9217aa573019315	0	f
TOP - Memory Utilization	5.6	1716055873254	248fa5b269df49d9a9217aa573019315	0	f
TOP - Memory Usage GB	1.868	1716055873254	248fa5b269df49d9a9217aa573019315	0	f
TOP - CPU Utilization	103	1716055874257	248fa5b269df49d9a9217aa573019315	0	f
TOP - CPU Utilization	102	1716055797110	248fa5b269df49d9a9217aa573019315	0	f
TOP - Memory Utilization	7.2	1716055797110	248fa5b269df49d9a9217aa573019315	0	f
TOP - Memory Usage GB	1.8665999999999998	1716055797110	248fa5b269df49d9a9217aa573019315	0	f
TOP - CPU Utilization	101	1716055798112	248fa5b269df49d9a9217aa573019315	0	f
TOP - Memory Utilization	5.5	1716055798112	248fa5b269df49d9a9217aa573019315	0	f
TOP - Memory Usage GB	1.8665999999999998	1716055798112	248fa5b269df49d9a9217aa573019315	0	f
TOP - CPU Utilization	103	1716055799114	248fa5b269df49d9a9217aa573019315	0	f
TOP - Memory Utilization	7.2	1716055799114	248fa5b269df49d9a9217aa573019315	0	f
TOP - Memory Usage GB	1.8665999999999998	1716055799114	248fa5b269df49d9a9217aa573019315	0	f
TOP - CPU Utilization	102	1716055800116	248fa5b269df49d9a9217aa573019315	0	f
TOP - Memory Utilization	5.5	1716055800116	248fa5b269df49d9a9217aa573019315	0	f
TOP - Memory Usage GB	1.8675	1716055800116	248fa5b269df49d9a9217aa573019315	0	f
TOP - CPU Utilization	102	1716055801118	248fa5b269df49d9a9217aa573019315	0	f
TOP - Memory Utilization	7.2	1716055801118	248fa5b269df49d9a9217aa573019315	0	f
TOP - Memory Usage GB	1.8675	1716055801118	248fa5b269df49d9a9217aa573019315	0	f
TOP - CPU Utilization	102	1716055802120	248fa5b269df49d9a9217aa573019315	0	f
TOP - Memory Utilization	5.5	1716055802120	248fa5b269df49d9a9217aa573019315	0	f
TOP - Memory Usage GB	1.8675	1716055802120	248fa5b269df49d9a9217aa573019315	0	f
TOP - CPU Utilization	101	1716055803122	248fa5b269df49d9a9217aa573019315	0	f
TOP - Memory Utilization	7.2	1716055803122	248fa5b269df49d9a9217aa573019315	0	f
TOP - Memory Usage GB	1.8655	1716055803122	248fa5b269df49d9a9217aa573019315	0	f
TOP - CPU Utilization	101	1716055804123	248fa5b269df49d9a9217aa573019315	0	f
TOP - Memory Utilization	5.5	1716055804123	248fa5b269df49d9a9217aa573019315	0	f
TOP - Memory Usage GB	1.8655	1716055804123	248fa5b269df49d9a9217aa573019315	0	f
TOP - CPU Utilization	103	1716055805125	248fa5b269df49d9a9217aa573019315	0	f
TOP - Memory Utilization	5.5	1716055805125	248fa5b269df49d9a9217aa573019315	0	f
TOP - Memory Usage GB	1.8655	1716055805125	248fa5b269df49d9a9217aa573019315	0	f
TOP - CPU Utilization	103	1716055806127	248fa5b269df49d9a9217aa573019315	0	f
TOP - Memory Utilization	7.2	1716055806127	248fa5b269df49d9a9217aa573019315	0	f
TOP - Memory Usage GB	1.8684	1716055806127	248fa5b269df49d9a9217aa573019315	0	f
TOP - CPU Utilization	102	1716055807129	248fa5b269df49d9a9217aa573019315	0	f
TOP - Memory Utilization	5.5	1716055807129	248fa5b269df49d9a9217aa573019315	0	f
TOP - Memory Usage GB	1.8684	1716055807129	248fa5b269df49d9a9217aa573019315	0	f
TOP - CPU Utilization	102	1716055808131	248fa5b269df49d9a9217aa573019315	0	f
TOP - Memory Utilization	7.2	1716055808131	248fa5b269df49d9a9217aa573019315	0	f
TOP - Memory Usage GB	1.8684	1716055808131	248fa5b269df49d9a9217aa573019315	0	f
TOP - CPU Utilization	100	1716055809133	248fa5b269df49d9a9217aa573019315	0	f
TOP - Memory Utilization	5.5	1716055809133	248fa5b269df49d9a9217aa573019315	0	f
TOP - Memory Usage GB	1.8697000000000001	1716055809133	248fa5b269df49d9a9217aa573019315	0	f
TOP - CPU Utilization	104	1716055810135	248fa5b269df49d9a9217aa573019315	0	f
TOP - Memory Utilization	7.2	1716055810135	248fa5b269df49d9a9217aa573019315	0	f
TOP - Memory Usage GB	1.8697000000000001	1716055810135	248fa5b269df49d9a9217aa573019315	0	f
TOP - CPU Utilization	101	1716055811136	248fa5b269df49d9a9217aa573019315	0	f
TOP - Memory Utilization	5.5	1716055811136	248fa5b269df49d9a9217aa573019315	0	f
TOP - Memory Usage GB	1.8697000000000001	1716055811136	248fa5b269df49d9a9217aa573019315	0	f
TOP - CPU Utilization	104	1716055812138	248fa5b269df49d9a9217aa573019315	0	f
TOP - Memory Utilization	7.2	1716055812138	248fa5b269df49d9a9217aa573019315	0	f
TOP - Memory Usage GB	1.8693	1716055812138	248fa5b269df49d9a9217aa573019315	0	f
TOP - CPU Utilization	101	1716055813140	248fa5b269df49d9a9217aa573019315	0	f
TOP - Memory Utilization	5.5	1716055813140	248fa5b269df49d9a9217aa573019315	0	f
TOP - Memory Usage GB	1.8693	1716055813140	248fa5b269df49d9a9217aa573019315	0	f
TOP - CPU Utilization	102	1716055814142	248fa5b269df49d9a9217aa573019315	0	f
TOP - Memory Utilization	7.2	1716055814142	248fa5b269df49d9a9217aa573019315	0	f
TOP - Memory Usage GB	1.8693	1716055814142	248fa5b269df49d9a9217aa573019315	0	f
TOP - CPU Utilization	102	1716055815144	248fa5b269df49d9a9217aa573019315	0	f
TOP - Memory Utilization	5.5	1716055815144	248fa5b269df49d9a9217aa573019315	0	f
TOP - Memory Usage GB	1.8676	1716055815144	248fa5b269df49d9a9217aa573019315	0	f
TOP - CPU Utilization	103	1716055816146	248fa5b269df49d9a9217aa573019315	0	f
TOP - Memory Utilization	7.2	1716055816146	248fa5b269df49d9a9217aa573019315	0	f
TOP - Memory Usage GB	1.8676	1716055816146	248fa5b269df49d9a9217aa573019315	0	f
TOP - CPU Utilization	101	1716055817147	248fa5b269df49d9a9217aa573019315	0	f
TOP - Memory Utilization	5.5	1716055817147	248fa5b269df49d9a9217aa573019315	0	f
TOP - Memory Usage GB	1.8676	1716055817147	248fa5b269df49d9a9217aa573019315	0	f
TOP - CPU Utilization	102	1716055818149	248fa5b269df49d9a9217aa573019315	0	f
TOP - Memory Utilization	5.5	1716055818149	248fa5b269df49d9a9217aa573019315	0	f
TOP - Memory Usage GB	1.8699000000000001	1716055818149	248fa5b269df49d9a9217aa573019315	0	f
TOP - CPU Utilization	102	1716055819151	248fa5b269df49d9a9217aa573019315	0	f
TOP - Memory Utilization	7.2	1716055819151	248fa5b269df49d9a9217aa573019315	0	f
TOP - Memory Usage GB	1.8699000000000001	1716055819151	248fa5b269df49d9a9217aa573019315	0	f
TOP - CPU Utilization	101	1716055820152	248fa5b269df49d9a9217aa573019315	0	f
TOP - Memory Utilization	5.5	1716055820152	248fa5b269df49d9a9217aa573019315	0	f
TOP - Memory Usage GB	1.8699000000000001	1716055820152	248fa5b269df49d9a9217aa573019315	0	f
TOP - CPU Utilization	104	1716055821154	248fa5b269df49d9a9217aa573019315	0	f
TOP - Memory Utilization	7.2	1716055821154	248fa5b269df49d9a9217aa573019315	0	f
TOP - Memory Usage GB	1.864	1716055821154	248fa5b269df49d9a9217aa573019315	0	f
TOP - CPU Utilization	101	1716055822156	248fa5b269df49d9a9217aa573019315	0	f
TOP - Memory Utilization	5.5	1716055822156	248fa5b269df49d9a9217aa573019315	0	f
TOP - Memory Usage GB	1.864	1716055822156	248fa5b269df49d9a9217aa573019315	0	f
TOP - CPU Utilization	103	1716055823158	248fa5b269df49d9a9217aa573019315	0	f
TOP - Memory Utilization	7.2	1716055823158	248fa5b269df49d9a9217aa573019315	0	f
TOP - Memory Usage GB	1.864	1716055823158	248fa5b269df49d9a9217aa573019315	0	f
TOP - CPU Utilization	102	1716055824160	248fa5b269df49d9a9217aa573019315	0	f
TOP - Memory Utilization	7.2	1716055824160	248fa5b269df49d9a9217aa573019315	0	f
TOP - Memory Usage GB	1.8651	1716055824160	248fa5b269df49d9a9217aa573019315	0	f
TOP - CPU Utilization	100	1716055825162	248fa5b269df49d9a9217aa573019315	0	f
TOP - Memory Utilization	5.5	1716055825162	248fa5b269df49d9a9217aa573019315	0	f
TOP - Memory Usage GB	1.8651	1716055825162	248fa5b269df49d9a9217aa573019315	0	f
TOP - CPU Utilization	104	1716055826164	248fa5b269df49d9a9217aa573019315	0	f
TOP - Memory Utilization	7.2	1716055826164	248fa5b269df49d9a9217aa573019315	0	f
TOP - Memory Usage GB	1.8651	1716055826164	248fa5b269df49d9a9217aa573019315	0	f
TOP - CPU Utilization	102	1716055827166	248fa5b269df49d9a9217aa573019315	0	f
TOP - Memory Utilization	5.5	1716055827166	248fa5b269df49d9a9217aa573019315	0	f
TOP - Memory Usage GB	1.8658	1716055827166	248fa5b269df49d9a9217aa573019315	0	f
TOP - CPU Utilization	103	1716055828168	248fa5b269df49d9a9217aa573019315	0	f
TOP - Memory Utilization	7.2	1716055828168	248fa5b269df49d9a9217aa573019315	0	f
TOP - Memory Usage GB	1.8658	1716055828168	248fa5b269df49d9a9217aa573019315	0	f
TOP - CPU Utilization	101	1716055829170	248fa5b269df49d9a9217aa573019315	0	f
TOP - Memory Utilization	5.5	1716055829170	248fa5b269df49d9a9217aa573019315	0	f
TOP - Memory Usage GB	1.8658	1716055829170	248fa5b269df49d9a9217aa573019315	0	f
TOP - CPU Utilization	102	1716055830172	248fa5b269df49d9a9217aa573019315	0	f
TOP - Memory Utilization	7.2	1716055830172	248fa5b269df49d9a9217aa573019315	0	f
TOP - Memory Usage GB	1.8658	1716055830172	248fa5b269df49d9a9217aa573019315	0	f
TOP - CPU Utilization	103	1716055831174	248fa5b269df49d9a9217aa573019315	0	f
TOP - Memory Utilization	5.5	1716055831174	248fa5b269df49d9a9217aa573019315	0	f
TOP - Memory Usage GB	1.8658	1716055831174	248fa5b269df49d9a9217aa573019315	0	f
TOP - CPU Utilization	102	1716055832176	248fa5b269df49d9a9217aa573019315	0	f
TOP - Memory Utilization	7.2	1716055832176	248fa5b269df49d9a9217aa573019315	0	f
TOP - Memory Usage GB	1.8658	1716055832176	248fa5b269df49d9a9217aa573019315	0	f
TOP - CPU Utilization	102	1716055833178	248fa5b269df49d9a9217aa573019315	0	f
TOP - Memory Utilization	5.5	1716055833178	248fa5b269df49d9a9217aa573019315	0	f
TOP - Memory Usage GB	1.8671	1716055833178	248fa5b269df49d9a9217aa573019315	0	f
TOP - CPU Utilization	102	1716055834180	248fa5b269df49d9a9217aa573019315	0	f
TOP - Memory Utilization	7.2	1716055834180	248fa5b269df49d9a9217aa573019315	0	f
TOP - Memory Usage GB	1.8671	1716055834180	248fa5b269df49d9a9217aa573019315	0	f
TOP - CPU Utilization	101	1716055835182	248fa5b269df49d9a9217aa573019315	0	f
TOP - Memory Utilization	5.5	1716055835182	248fa5b269df49d9a9217aa573019315	0	f
TOP - Memory Usage GB	1.8671	1716055835182	248fa5b269df49d9a9217aa573019315	0	f
TOP - CPU Utilization	103	1716055836184	248fa5b269df49d9a9217aa573019315	0	f
TOP - Memory Utilization	7.2	1716055836184	248fa5b269df49d9a9217aa573019315	0	f
TOP - Memory Usage GB	1.8673	1716055836184	248fa5b269df49d9a9217aa573019315	0	f
TOP - CPU Utilization	102	1716055837186	248fa5b269df49d9a9217aa573019315	0	f
TOP - Memory Utilization	5.5	1716055837186	248fa5b269df49d9a9217aa573019315	0	f
TOP - Memory Usage GB	1.8673	1716055837186	248fa5b269df49d9a9217aa573019315	0	f
TOP - CPU Utilization	102	1716055838188	248fa5b269df49d9a9217aa573019315	0	f
TOP - Memory Utilization	7.2	1716055838188	248fa5b269df49d9a9217aa573019315	0	f
TOP - Memory Usage GB	1.8673	1716055838188	248fa5b269df49d9a9217aa573019315	0	f
TOP - CPU Utilization	102	1716055839190	248fa5b269df49d9a9217aa573019315	0	f
TOP - Memory Utilization	5.5	1716055839190	248fa5b269df49d9a9217aa573019315	0	f
TOP - Memory Usage GB	1.868	1716055839190	248fa5b269df49d9a9217aa573019315	0	f
TOP - CPU Utilization	101	1716055840192	248fa5b269df49d9a9217aa573019315	0	f
TOP - Memory Utilization	5.5	1716055840192	248fa5b269df49d9a9217aa573019315	0	f
TOP - Memory Usage GB	1.868	1716055840192	248fa5b269df49d9a9217aa573019315	0	f
TOP - CPU Utilization	100	1716055841193	248fa5b269df49d9a9217aa573019315	0	f
TOP - Memory Utilization	7.2	1716055841193	248fa5b269df49d9a9217aa573019315	0	f
TOP - Memory Usage GB	1.868	1716055841193	248fa5b269df49d9a9217aa573019315	0	f
TOP - CPU Utilization	103	1716055842195	248fa5b269df49d9a9217aa573019315	0	f
TOP - Memory Utilization	5.5	1716055842195	248fa5b269df49d9a9217aa573019315	0	f
TOP - Memory Usage GB	1.8633	1716055842195	248fa5b269df49d9a9217aa573019315	0	f
TOP - CPU Utilization	102	1716055843197	248fa5b269df49d9a9217aa573019315	0	f
TOP - Memory Utilization	7.2	1716055843197	248fa5b269df49d9a9217aa573019315	0	f
TOP - Memory Usage GB	1.8633	1716055843197	248fa5b269df49d9a9217aa573019315	0	f
TOP - Memory Utilization	7.3	1716055874257	248fa5b269df49d9a9217aa573019315	0	f
TOP - Memory Usage GB	1.868	1716055874257	248fa5b269df49d9a9217aa573019315	0	f
TOP - CPU Utilization	102	1716055875259	248fa5b269df49d9a9217aa573019315	0	f
TOP - Memory Utilization	5.6	1716055875259	248fa5b269df49d9a9217aa573019315	0	f
TOP - Memory Usage GB	1.8714000000000002	1716055875259	248fa5b269df49d9a9217aa573019315	0	f
TOP - CPU Utilization	102	1716055876261	248fa5b269df49d9a9217aa573019315	0	f
TOP - Memory Utilization	7.3	1716055876261	248fa5b269df49d9a9217aa573019315	0	f
TOP - Memory Usage GB	1.8714000000000002	1716055876261	248fa5b269df49d9a9217aa573019315	0	f
TOP - CPU Utilization	101	1716055877263	248fa5b269df49d9a9217aa573019315	0	f
TOP - Memory Utilization	5.6	1716055877263	248fa5b269df49d9a9217aa573019315	0	f
TOP - Memory Usage GB	1.8714000000000002	1716055877263	248fa5b269df49d9a9217aa573019315	0	f
TOP - CPU Utilization	103	1716055878265	248fa5b269df49d9a9217aa573019315	0	f
TOP - Memory Utilization	7.3	1716055878265	248fa5b269df49d9a9217aa573019315	0	f
TOP - Memory Usage GB	1.8708	1716055878265	248fa5b269df49d9a9217aa573019315	0	f
TOP - CPU Utilization	102	1716055879266	248fa5b269df49d9a9217aa573019315	0	f
TOP - Memory Utilization	5.6	1716055879266	248fa5b269df49d9a9217aa573019315	0	f
TOP - Memory Usage GB	1.8708	1716055879266	248fa5b269df49d9a9217aa573019315	0	f
TOP - Swap Memory GB	0.0173	1716055879282	248fa5b269df49d9a9217aa573019315	0	f
TOP - CPU Utilization	102	1716055880268	248fa5b269df49d9a9217aa573019315	0	f
TOP - Memory Utilization	7.3	1716055880268	248fa5b269df49d9a9217aa573019315	0	f
TOP - Memory Usage GB	1.8708	1716055880268	248fa5b269df49d9a9217aa573019315	0	f
TOP - Swap Memory GB	0.0173	1716055880289	248fa5b269df49d9a9217aa573019315	0	f
TOP - CPU Utilization	102	1716055881270	248fa5b269df49d9a9217aa573019315	0	f
TOP - Memory Utilization	5.6	1716055881270	248fa5b269df49d9a9217aa573019315	0	f
TOP - Memory Usage GB	1.8731	1716055881270	248fa5b269df49d9a9217aa573019315	0	f
TOP - Swap Memory GB	0.0173	1716055881291	248fa5b269df49d9a9217aa573019315	0	f
TOP - CPU Utilization	101	1716055882272	248fa5b269df49d9a9217aa573019315	0	f
TOP - Memory Utilization	7.3	1716055882272	248fa5b269df49d9a9217aa573019315	0	f
TOP - Memory Usage GB	1.8731	1716055882272	248fa5b269df49d9a9217aa573019315	0	f
TOP - Swap Memory GB	0.0173	1716055882288	248fa5b269df49d9a9217aa573019315	0	f
TOP - CPU Utilization	103	1716055883274	248fa5b269df49d9a9217aa573019315	0	f
TOP - Memory Utilization	5.6	1716055883274	248fa5b269df49d9a9217aa573019315	0	f
TOP - Memory Usage GB	1.8731	1716055883274	248fa5b269df49d9a9217aa573019315	0	f
TOP - Swap Memory GB	0.0173	1716055883297	248fa5b269df49d9a9217aa573019315	0	f
TOP - CPU Utilization	103	1716055884276	248fa5b269df49d9a9217aa573019315	0	f
TOP - Memory Utilization	7.3	1716055884276	248fa5b269df49d9a9217aa573019315	0	f
TOP - Memory Usage GB	1.8677000000000001	1716055884276	248fa5b269df49d9a9217aa573019315	0	f
TOP - Swap Memory GB	0.0173	1716055884298	248fa5b269df49d9a9217aa573019315	0	f
TOP - CPU Utilization	102	1716055885278	248fa5b269df49d9a9217aa573019315	0	f
TOP - Memory Utilization	5.6	1716055885278	248fa5b269df49d9a9217aa573019315	0	f
TOP - Memory Usage GB	1.8677000000000001	1716055885278	248fa5b269df49d9a9217aa573019315	0	f
TOP - Swap Memory GB	0.0173	1716055885302	248fa5b269df49d9a9217aa573019315	0	f
TOP - CPU Utilization	102	1716055886280	248fa5b269df49d9a9217aa573019315	0	f
TOP - Memory Utilization	7.3	1716055886280	248fa5b269df49d9a9217aa573019315	0	f
TOP - Memory Usage GB	1.8677000000000001	1716055886280	248fa5b269df49d9a9217aa573019315	0	f
TOP - Swap Memory GB	0.0173	1716055886300	248fa5b269df49d9a9217aa573019315	0	f
TOP - CPU Utilization	101	1716055887283	248fa5b269df49d9a9217aa573019315	0	f
TOP - Memory Utilization	5.6	1716055887283	248fa5b269df49d9a9217aa573019315	0	f
TOP - Memory Usage GB	1.8689	1716055887283	248fa5b269df49d9a9217aa573019315	0	f
TOP - Swap Memory GB	0.0173	1716055887296	248fa5b269df49d9a9217aa573019315	0	f
TOP - CPU Utilization	103	1716055888285	248fa5b269df49d9a9217aa573019315	0	f
TOP - Memory Utilization	7.3	1716055888285	248fa5b269df49d9a9217aa573019315	0	f
TOP - Memory Usage GB	1.8689	1716055888285	248fa5b269df49d9a9217aa573019315	0	f
TOP - CPU Utilization	102	1716055889287	248fa5b269df49d9a9217aa573019315	0	f
TOP - Memory Utilization	5.6	1716055889287	248fa5b269df49d9a9217aa573019315	0	f
TOP - Memory Usage GB	1.8689	1716055889287	248fa5b269df49d9a9217aa573019315	0	f
TOP - CPU Utilization	101	1716055890288	248fa5b269df49d9a9217aa573019315	0	f
TOP - Memory Utilization	5.6	1716055890288	248fa5b269df49d9a9217aa573019315	0	f
TOP - Memory Usage GB	1.8722	1716055890288	248fa5b269df49d9a9217aa573019315	0	f
TOP - CPU Utilization	103	1716055891290	248fa5b269df49d9a9217aa573019315	0	f
TOP - Memory Utilization	7.3	1716055891290	248fa5b269df49d9a9217aa573019315	0	f
TOP - Memory Usage GB	1.8722	1716055891290	248fa5b269df49d9a9217aa573019315	0	f
TOP - CPU Utilization	102	1716055892292	248fa5b269df49d9a9217aa573019315	0	f
TOP - Memory Utilization	7.3	1716055892292	248fa5b269df49d9a9217aa573019315	0	f
TOP - Memory Usage GB	1.8722	1716055892292	248fa5b269df49d9a9217aa573019315	0	f
TOP - CPU Utilization	103	1716055893294	248fa5b269df49d9a9217aa573019315	0	f
TOP - Memory Utilization	7.3	1716055893294	248fa5b269df49d9a9217aa573019315	0	f
TOP - Memory Usage GB	1.8722999999999999	1716055893294	248fa5b269df49d9a9217aa573019315	0	f
TOP - CPU Utilization	102	1716055894296	248fa5b269df49d9a9217aa573019315	0	f
TOP - Memory Utilization	5.6	1716055894296	248fa5b269df49d9a9217aa573019315	0	f
TOP - Memory Usage GB	1.8722999999999999	1716055894296	248fa5b269df49d9a9217aa573019315	0	f
TOP - CPU Utilization	102	1716055895298	248fa5b269df49d9a9217aa573019315	0	f
TOP - Memory Utilization	7.3	1716055895298	248fa5b269df49d9a9217aa573019315	0	f
TOP - Memory Usage GB	1.8722999999999999	1716055895298	248fa5b269df49d9a9217aa573019315	0	f
TOP - CPU Utilization	101	1716055896300	248fa5b269df49d9a9217aa573019315	0	f
TOP - Memory Utilization	5.6	1716055896300	248fa5b269df49d9a9217aa573019315	0	f
TOP - Memory Usage GB	1.8729	1716055896300	248fa5b269df49d9a9217aa573019315	0	f
TOP - CPU Utilization	102	1716055897302	248fa5b269df49d9a9217aa573019315	0	f
TOP - Memory Utilization	7.3	1716055897302	248fa5b269df49d9a9217aa573019315	0	f
TOP - Memory Usage GB	1.8729	1716055897302	248fa5b269df49d9a9217aa573019315	0	f
TOP - CPU Utilization	102	1716055898304	248fa5b269df49d9a9217aa573019315	0	f
TOP - Memory Utilization	5.6	1716055898304	248fa5b269df49d9a9217aa573019315	0	f
TOP - Memory Usage GB	1.8729	1716055898304	248fa5b269df49d9a9217aa573019315	0	f
TOP - CPU Utilization	103	1716055899306	248fa5b269df49d9a9217aa573019315	0	f
TOP - Memory Utilization	7.3	1716055899306	248fa5b269df49d9a9217aa573019315	0	f
TOP - Memory Usage GB	1.8736	1716055899306	248fa5b269df49d9a9217aa573019315	0	f
TOP - CPU Utilization	101	1716055900308	248fa5b269df49d9a9217aa573019315	0	f
TOP - Memory Utilization	5.6	1716055900308	248fa5b269df49d9a9217aa573019315	0	f
TOP - Memory Usage GB	1.8736	1716055900308	248fa5b269df49d9a9217aa573019315	0	f
TOP - CPU Utilization	103	1716055901310	248fa5b269df49d9a9217aa573019315	0	f
TOP - Memory Utilization	7.3	1716055901310	248fa5b269df49d9a9217aa573019315	0	f
TOP - Memory Usage GB	1.8736	1716055901310	248fa5b269df49d9a9217aa573019315	0	f
TOP - CPU Utilization	101	1716055902312	248fa5b269df49d9a9217aa573019315	0	f
TOP - Memory Utilization	5.6	1716055902312	248fa5b269df49d9a9217aa573019315	0	f
TOP - Memory Usage GB	1.875	1716055902312	248fa5b269df49d9a9217aa573019315	0	f
TOP - CPU Utilization	103	1716055903314	248fa5b269df49d9a9217aa573019315	0	f
TOP - Memory Utilization	7.3	1716055903314	248fa5b269df49d9a9217aa573019315	0	f
TOP - Memory Usage GB	1.875	1716055903314	248fa5b269df49d9a9217aa573019315	0	f
TOP - Swap Memory GB	0.0173	1716055888307	248fa5b269df49d9a9217aa573019315	0	f
TOP - Swap Memory GB	0.0173	1716055889309	248fa5b269df49d9a9217aa573019315	0	f
TOP - Swap Memory GB	0.0173	1716055890305	248fa5b269df49d9a9217aa573019315	0	f
TOP - Swap Memory GB	0.0173	1716055891303	248fa5b269df49d9a9217aa573019315	0	f
TOP - Swap Memory GB	0.0173	1716055892307	248fa5b269df49d9a9217aa573019315	0	f
TOP - Swap Memory GB	0.0173	1716055893315	248fa5b269df49d9a9217aa573019315	0	f
TOP - Swap Memory GB	0.0173	1716055894317	248fa5b269df49d9a9217aa573019315	0	f
TOP - Swap Memory GB	0.0173	1716055895318	248fa5b269df49d9a9217aa573019315	0	f
TOP - Swap Memory GB	0.0173	1716055896320	248fa5b269df49d9a9217aa573019315	0	f
TOP - Swap Memory GB	0.0173	1716055897316	248fa5b269df49d9a9217aa573019315	0	f
TOP - Swap Memory GB	0.0173	1716055898330	248fa5b269df49d9a9217aa573019315	0	f
TOP - Swap Memory GB	0.0173	1716055899329	248fa5b269df49d9a9217aa573019315	0	f
TOP - Swap Memory GB	0.0173	1716055900330	248fa5b269df49d9a9217aa573019315	0	f
TOP - Swap Memory GB	0.0173	1716055901333	248fa5b269df49d9a9217aa573019315	0	f
TOP - Swap Memory GB	0.0173	1716055902326	248fa5b269df49d9a9217aa573019315	0	f
TOP - Swap Memory GB	0.0173	1716055903335	248fa5b269df49d9a9217aa573019315	0	f
TOP - CPU Utilization	101	1716055904316	248fa5b269df49d9a9217aa573019315	0	f
TOP - Memory Utilization	5.6	1716055904316	248fa5b269df49d9a9217aa573019315	0	f
TOP - Memory Usage GB	1.875	1716055904316	248fa5b269df49d9a9217aa573019315	0	f
TOP - Swap Memory GB	0.0173	1716055904337	248fa5b269df49d9a9217aa573019315	0	f
TOP - CPU Utilization	102	1716055905318	248fa5b269df49d9a9217aa573019315	0	f
TOP - Memory Utilization	7.3	1716055905318	248fa5b269df49d9a9217aa573019315	0	f
TOP - Memory Usage GB	1.8688	1716055905318	248fa5b269df49d9a9217aa573019315	0	f
TOP - Swap Memory GB	0.0173	1716055905339	248fa5b269df49d9a9217aa573019315	0	f
TOP - CPU Utilization	102	1716055906320	248fa5b269df49d9a9217aa573019315	0	f
TOP - Memory Utilization	5.6	1716055906320	248fa5b269df49d9a9217aa573019315	0	f
TOP - Memory Usage GB	1.8688	1716055906320	248fa5b269df49d9a9217aa573019315	0	f
TOP - Swap Memory GB	0.0173	1716055906343	248fa5b269df49d9a9217aa573019315	0	f
TOP - CPU Utilization	100	1716055907322	248fa5b269df49d9a9217aa573019315	0	f
TOP - Memory Utilization	5.6	1716055907322	248fa5b269df49d9a9217aa573019315	0	f
TOP - Memory Usage GB	1.8688	1716055907322	248fa5b269df49d9a9217aa573019315	0	f
TOP - Swap Memory GB	0.0173	1716055907342	248fa5b269df49d9a9217aa573019315	0	f
TOP - CPU Utilization	104	1716055908324	248fa5b269df49d9a9217aa573019315	0	f
TOP - Memory Utilization	7.3	1716055908324	248fa5b269df49d9a9217aa573019315	0	f
TOP - Memory Usage GB	1.8719000000000001	1716055908324	248fa5b269df49d9a9217aa573019315	0	f
TOP - Swap Memory GB	0.0173	1716055908336	248fa5b269df49d9a9217aa573019315	0	f
TOP - CPU Utilization	101	1716055909326	248fa5b269df49d9a9217aa573019315	0	f
TOP - Memory Utilization	5.6	1716055909326	248fa5b269df49d9a9217aa573019315	0	f
TOP - Memory Usage GB	1.8719000000000001	1716055909326	248fa5b269df49d9a9217aa573019315	0	f
TOP - Swap Memory GB	0.0173	1716055909344	248fa5b269df49d9a9217aa573019315	0	f
TOP - CPU Utilization	103	1716055910328	248fa5b269df49d9a9217aa573019315	0	f
TOP - Memory Utilization	7.3	1716055910328	248fa5b269df49d9a9217aa573019315	0	f
TOP - Memory Usage GB	1.8719000000000001	1716055910328	248fa5b269df49d9a9217aa573019315	0	f
TOP - Swap Memory GB	0.0173	1716055910350	248fa5b269df49d9a9217aa573019315	0	f
TOP - CPU Utilization	102	1716055911329	248fa5b269df49d9a9217aa573019315	0	f
TOP - Memory Utilization	5.6	1716055911329	248fa5b269df49d9a9217aa573019315	0	f
TOP - Memory Usage GB	1.872	1716055911329	248fa5b269df49d9a9217aa573019315	0	f
TOP - Swap Memory GB	0.0173	1716055911352	248fa5b269df49d9a9217aa573019315	0	f
TOP - CPU Utilization	101	1716055912332	248fa5b269df49d9a9217aa573019315	0	f
TOP - Memory Utilization	7.3	1716055912332	248fa5b269df49d9a9217aa573019315	0	f
TOP - Memory Usage GB	1.872	1716055912332	248fa5b269df49d9a9217aa573019315	0	f
TOP - Swap Memory GB	0.0173	1716055912348	248fa5b269df49d9a9217aa573019315	0	f
TOP - CPU Utilization	102	1716055913333	248fa5b269df49d9a9217aa573019315	0	f
TOP - Memory Utilization	5.6	1716055913333	248fa5b269df49d9a9217aa573019315	0	f
TOP - Memory Usage GB	1.872	1716055913333	248fa5b269df49d9a9217aa573019315	0	f
TOP - Swap Memory GB	0.0173	1716055913352	248fa5b269df49d9a9217aa573019315	0	f
TOP - CPU Utilization	104	1716055914335	248fa5b269df49d9a9217aa573019315	0	f
TOP - Memory Utilization	7.3	1716055914335	248fa5b269df49d9a9217aa573019315	0	f
TOP - Memory Usage GB	1.8751	1716055914335	248fa5b269df49d9a9217aa573019315	0	f
TOP - Swap Memory GB	0.0173	1716055914357	248fa5b269df49d9a9217aa573019315	0	f
TOP - CPU Utilization	101	1716055915337	248fa5b269df49d9a9217aa573019315	0	f
TOP - Memory Utilization	5.6	1716055915337	248fa5b269df49d9a9217aa573019315	0	f
TOP - Memory Usage GB	1.8751	1716055915337	248fa5b269df49d9a9217aa573019315	0	f
TOP - Swap Memory GB	0.0173	1716055915361	248fa5b269df49d9a9217aa573019315	0	f
TOP - CPU Utilization	103	1716055916339	248fa5b269df49d9a9217aa573019315	0	f
TOP - Memory Utilization	7.3	1716055916339	248fa5b269df49d9a9217aa573019315	0	f
TOP - Memory Usage GB	1.8751	1716055916339	248fa5b269df49d9a9217aa573019315	0	f
TOP - CPU Utilization	102	1716055917340	248fa5b269df49d9a9217aa573019315	0	f
TOP - Memory Utilization	5.6	1716055917340	248fa5b269df49d9a9217aa573019315	0	f
TOP - Memory Usage GB	1.8747	1716055917340	248fa5b269df49d9a9217aa573019315	0	f
TOP - CPU Utilization	101	1716055918342	248fa5b269df49d9a9217aa573019315	0	f
TOP - Memory Utilization	7.3	1716055918342	248fa5b269df49d9a9217aa573019315	0	f
TOP - Memory Usage GB	1.8747	1716055918342	248fa5b269df49d9a9217aa573019315	0	f
TOP - CPU Utilization	103	1716055919344	248fa5b269df49d9a9217aa573019315	0	f
TOP - Memory Utilization	5.6	1716055919344	248fa5b269df49d9a9217aa573019315	0	f
TOP - Memory Usage GB	1.8747	1716055919344	248fa5b269df49d9a9217aa573019315	0	f
TOP - CPU Utilization	102	1716055920346	248fa5b269df49d9a9217aa573019315	0	f
TOP - Memory Utilization	7.3	1716055920346	248fa5b269df49d9a9217aa573019315	0	f
TOP - Memory Usage GB	1.8752	1716055920346	248fa5b269df49d9a9217aa573019315	0	f
TOP - CPU Utilization	103	1716055921348	248fa5b269df49d9a9217aa573019315	0	f
TOP - Memory Utilization	7.3	1716055921348	248fa5b269df49d9a9217aa573019315	0	f
TOP - Memory Usage GB	1.8752	1716055921348	248fa5b269df49d9a9217aa573019315	0	f
TOP - CPU Utilization	101	1716055922350	248fa5b269df49d9a9217aa573019315	0	f
TOP - Memory Utilization	5.6	1716055922350	248fa5b269df49d9a9217aa573019315	0	f
TOP - Memory Usage GB	1.8752	1716055922350	248fa5b269df49d9a9217aa573019315	0	f
TOP - CPU Utilization	102	1716055923352	248fa5b269df49d9a9217aa573019315	0	f
TOP - Memory Utilization	7.3	1716055923352	248fa5b269df49d9a9217aa573019315	0	f
TOP - Memory Usage GB	1.8768	1716055923352	248fa5b269df49d9a9217aa573019315	0	f
TOP - CPU Utilization	102	1716055924354	248fa5b269df49d9a9217aa573019315	0	f
TOP - Memory Utilization	5.6	1716055924354	248fa5b269df49d9a9217aa573019315	0	f
TOP - Memory Usage GB	1.8768	1716055924354	248fa5b269df49d9a9217aa573019315	0	f
TOP - CPU Utilization	101	1716055925356	248fa5b269df49d9a9217aa573019315	0	f
TOP - Memory Utilization	7.3	1716055925356	248fa5b269df49d9a9217aa573019315	0	f
TOP - Memory Usage GB	1.8768	1716055925356	248fa5b269df49d9a9217aa573019315	0	f
TOP - CPU Utilization	102	1716055926358	248fa5b269df49d9a9217aa573019315	0	f
TOP - Memory Utilization	5.6	1716055926358	248fa5b269df49d9a9217aa573019315	0	f
TOP - Memory Usage GB	1.8751	1716055926358	248fa5b269df49d9a9217aa573019315	0	f
TOP - CPU Utilization	103	1716055927359	248fa5b269df49d9a9217aa573019315	0	f
TOP - Memory Utilization	7.3	1716055927359	248fa5b269df49d9a9217aa573019315	0	f
TOP - Memory Usage GB	1.8751	1716055927359	248fa5b269df49d9a9217aa573019315	0	f
TOP - CPU Utilization	100	1716055928361	248fa5b269df49d9a9217aa573019315	0	f
TOP - Memory Utilization	5.6	1716055928361	248fa5b269df49d9a9217aa573019315	0	f
TOP - Memory Usage GB	1.8751	1716055928361	248fa5b269df49d9a9217aa573019315	0	f
TOP - CPU Utilization	103	1716055929363	248fa5b269df49d9a9217aa573019315	0	f
TOP - Memory Utilization	7.3	1716055929363	248fa5b269df49d9a9217aa573019315	0	f
TOP - Memory Usage GB	1.8765999999999998	1716055929363	248fa5b269df49d9a9217aa573019315	0	f
TOP - CPU Utilization	103	1716055930365	248fa5b269df49d9a9217aa573019315	0	f
TOP - Memory Utilization	5.6	1716055930365	248fa5b269df49d9a9217aa573019315	0	f
TOP - Memory Usage GB	1.8765999999999998	1716055930365	248fa5b269df49d9a9217aa573019315	0	f
TOP - CPU Utilization	102	1716055931367	248fa5b269df49d9a9217aa573019315	0	f
TOP - Memory Utilization	7.3	1716055931367	248fa5b269df49d9a9217aa573019315	0	f
TOP - Memory Usage GB	1.8765999999999998	1716055931367	248fa5b269df49d9a9217aa573019315	0	f
TOP - CPU Utilization	101	1716055932369	248fa5b269df49d9a9217aa573019315	0	f
TOP - Memory Utilization	5.6	1716055932369	248fa5b269df49d9a9217aa573019315	0	f
TOP - Memory Usage GB	1.8773	1716055932369	248fa5b269df49d9a9217aa573019315	0	f
TOP - CPU Utilization	103	1716055933371	248fa5b269df49d9a9217aa573019315	0	f
TOP - Memory Utilization	7.3	1716055933371	248fa5b269df49d9a9217aa573019315	0	f
TOP - Memory Usage GB	1.8773	1716055933371	248fa5b269df49d9a9217aa573019315	0	f
TOP - CPU Utilization	101	1716055934373	248fa5b269df49d9a9217aa573019315	0	f
TOP - Memory Utilization	5.6	1716055934373	248fa5b269df49d9a9217aa573019315	0	f
TOP - Memory Usage GB	1.8773	1716055934373	248fa5b269df49d9a9217aa573019315	0	f
TOP - CPU Utilization	103	1716055935375	248fa5b269df49d9a9217aa573019315	0	f
TOP - Memory Utilization	5.6	1716055935375	248fa5b269df49d9a9217aa573019315	0	f
TOP - Memory Usage GB	1.8787	1716055935375	248fa5b269df49d9a9217aa573019315	0	f
TOP - CPU Utilization	103	1716055936377	248fa5b269df49d9a9217aa573019315	0	f
TOP - Memory Utilization	7.3	1716055936377	248fa5b269df49d9a9217aa573019315	0	f
TOP - Memory Usage GB	1.8787	1716055936377	248fa5b269df49d9a9217aa573019315	0	f
TOP - CPU Utilization	102	1716055937378	248fa5b269df49d9a9217aa573019315	0	f
TOP - Memory Utilization	5.6	1716055937378	248fa5b269df49d9a9217aa573019315	0	f
TOP - Swap Memory GB	0.0173	1716055916353	248fa5b269df49d9a9217aa573019315	0	f
TOP - Swap Memory GB	0.0173	1716055917353	248fa5b269df49d9a9217aa573019315	0	f
TOP - Swap Memory GB	0.0173	1716055918357	248fa5b269df49d9a9217aa573019315	0	f
TOP - Swap Memory GB	0.0173	1716055919366	248fa5b269df49d9a9217aa573019315	0	f
TOP - Swap Memory GB	0.0173	1716055920367	248fa5b269df49d9a9217aa573019315	0	f
TOP - Swap Memory GB	0.0173	1716055921364	248fa5b269df49d9a9217aa573019315	0	f
TOP - Swap Memory GB	0.0173	1716055922363	248fa5b269df49d9a9217aa573019315	0	f
TOP - Swap Memory GB	0.0173	1716055923367	248fa5b269df49d9a9217aa573019315	0	f
TOP - Swap Memory GB	0.0173	1716055924368	248fa5b269df49d9a9217aa573019315	0	f
TOP - Swap Memory GB	0.0173	1716055925371	248fa5b269df49d9a9217aa573019315	0	f
TOP - Swap Memory GB	0.0173	1716055926372	248fa5b269df49d9a9217aa573019315	0	f
TOP - Swap Memory GB	0.0173	1716055927373	248fa5b269df49d9a9217aa573019315	0	f
TOP - Swap Memory GB	0.0173	1716055928376	248fa5b269df49d9a9217aa573019315	0	f
TOP - Swap Memory GB	0.0173	1716055929379	248fa5b269df49d9a9217aa573019315	0	f
TOP - Swap Memory GB	0.0173	1716055930388	248fa5b269df49d9a9217aa573019315	0	f
TOP - Swap Memory GB	0.0173	1716055931389	248fa5b269df49d9a9217aa573019315	0	f
TOP - Swap Memory GB	0.0173	1716055932391	248fa5b269df49d9a9217aa573019315	0	f
TOP - Swap Memory GB	0.0173	1716055933393	248fa5b269df49d9a9217aa573019315	0	f
TOP - Swap Memory GB	0.0173	1716055934398	248fa5b269df49d9a9217aa573019315	0	f
TOP - Swap Memory GB	0.0173	1716055935397	248fa5b269df49d9a9217aa573019315	0	f
TOP - Swap Memory GB	0.0173	1716055936401	248fa5b269df49d9a9217aa573019315	0	f
TOP - Swap Memory GB	0.0173	1716055937392	248fa5b269df49d9a9217aa573019315	0	f
TOP - Swap Memory GB	0.0173	1716055938401	248fa5b269df49d9a9217aa573019315	0	f
TOP - Swap Memory GB	0.0173	1716055939397	248fa5b269df49d9a9217aa573019315	0	f
TOP - Swap Memory GB	0.0173	1716055940398	248fa5b269df49d9a9217aa573019315	0	f
TOP - Swap Memory GB	0.0173	1716055941408	248fa5b269df49d9a9217aa573019315	0	f
TOP - Swap Memory GB	0.0173	1716055942409	248fa5b269df49d9a9217aa573019315	0	f
TOP - Swap Memory GB	0.0173	1716055943406	248fa5b269df49d9a9217aa573019315	0	f
TOP - Swap Memory GB	0.0173	1716055944414	248fa5b269df49d9a9217aa573019315	0	f
TOP - Swap Memory GB	0.0173	1716055945419	248fa5b269df49d9a9217aa573019315	0	f
TOP - Swap Memory GB	0.0173	1716055946415	248fa5b269df49d9a9217aa573019315	0	f
TOP - Swap Memory GB	0.0173	1716055947419	248fa5b269df49d9a9217aa573019315	0	f
TOP - Swap Memory GB	0.0173	1716055948426	248fa5b269df49d9a9217aa573019315	0	f
TOP - Swap Memory GB	0.0173	1716055949427	248fa5b269df49d9a9217aa573019315	0	f
TOP - Swap Memory GB	0.0173	1716055950427	248fa5b269df49d9a9217aa573019315	0	f
TOP - Swap Memory GB	0.0173	1716055951430	248fa5b269df49d9a9217aa573019315	0	f
TOP - Swap Memory GB	0.0173	1716055952424	248fa5b269df49d9a9217aa573019315	0	f
TOP - Swap Memory GB	0.0173	1716055953428	248fa5b269df49d9a9217aa573019315	0	f
TOP - Swap Memory GB	0.0173	1716055954437	248fa5b269df49d9a9217aa573019315	0	f
TOP - Swap Memory GB	0.0173	1716055955440	248fa5b269df49d9a9217aa573019315	0	f
TOP - Swap Memory GB	0.0173	1716055956444	248fa5b269df49d9a9217aa573019315	0	f
TOP - Swap Memory GB	0.0173	1716055957446	248fa5b269df49d9a9217aa573019315	0	f
TOP - Swap Memory GB	0.0173	1716055958438	248fa5b269df49d9a9217aa573019315	0	f
TOP - Swap Memory GB	0.0173	1716055959447	248fa5b269df49d9a9217aa573019315	0	f
TOP - Swap Memory GB	0.0173	1716055960451	248fa5b269df49d9a9217aa573019315	0	f
TOP - Swap Memory GB	0.0173	1716055961453	248fa5b269df49d9a9217aa573019315	0	f
TOP - Swap Memory GB	0.0173	1716055962445	248fa5b269df49d9a9217aa573019315	0	f
TOP - Swap Memory GB	0.0173	1716055963447	248fa5b269df49d9a9217aa573019315	0	f
TOP - Memory Usage GB	1.8787	1716055937378	248fa5b269df49d9a9217aa573019315	0	f
TOP - CPU Utilization	102	1716055938380	248fa5b269df49d9a9217aa573019315	0	f
TOP - Memory Utilization	7.3	1716055938380	248fa5b269df49d9a9217aa573019315	0	f
TOP - Memory Usage GB	1.8787	1716055938380	248fa5b269df49d9a9217aa573019315	0	f
TOP - CPU Utilization	101	1716055939382	248fa5b269df49d9a9217aa573019315	0	f
TOP - Memory Utilization	5.6	1716055939382	248fa5b269df49d9a9217aa573019315	0	f
TOP - Memory Usage GB	1.8787	1716055939382	248fa5b269df49d9a9217aa573019315	0	f
TOP - CPU Utilization	103	1716055940384	248fa5b269df49d9a9217aa573019315	0	f
TOP - Memory Utilization	7.3	1716055940384	248fa5b269df49d9a9217aa573019315	0	f
TOP - Memory Usage GB	1.8787	1716055940384	248fa5b269df49d9a9217aa573019315	0	f
TOP - CPU Utilization	102	1716055941387	248fa5b269df49d9a9217aa573019315	0	f
TOP - Memory Utilization	5.6	1716055941387	248fa5b269df49d9a9217aa573019315	0	f
TOP - Memory Usage GB	1.8794000000000002	1716055941387	248fa5b269df49d9a9217aa573019315	0	f
TOP - CPU Utilization	103	1716055942388	248fa5b269df49d9a9217aa573019315	0	f
TOP - Memory Utilization	7.3	1716055942388	248fa5b269df49d9a9217aa573019315	0	f
TOP - Memory Usage GB	1.8794000000000002	1716055942388	248fa5b269df49d9a9217aa573019315	0	f
TOP - CPU Utilization	101	1716055943392	248fa5b269df49d9a9217aa573019315	0	f
TOP - Memory Utilization	5.6	1716055943392	248fa5b269df49d9a9217aa573019315	0	f
TOP - Memory Usage GB	1.8794000000000002	1716055943392	248fa5b269df49d9a9217aa573019315	0	f
TOP - CPU Utilization	103	1716055944394	248fa5b269df49d9a9217aa573019315	0	f
TOP - Memory Utilization	7.3	1716055944394	248fa5b269df49d9a9217aa573019315	0	f
TOP - Memory Usage GB	1.8791	1716055944394	248fa5b269df49d9a9217aa573019315	0	f
TOP - CPU Utilization	101	1716055945396	248fa5b269df49d9a9217aa573019315	0	f
TOP - Memory Utilization	5.6	1716055945396	248fa5b269df49d9a9217aa573019315	0	f
TOP - Memory Usage GB	1.8791	1716055945396	248fa5b269df49d9a9217aa573019315	0	f
TOP - CPU Utilization	103	1716055946399	248fa5b269df49d9a9217aa573019315	0	f
TOP - Memory Utilization	7.3	1716055946399	248fa5b269df49d9a9217aa573019315	0	f
TOP - Memory Usage GB	1.8791	1716055946399	248fa5b269df49d9a9217aa573019315	0	f
TOP - CPU Utilization	100	1716055947402	248fa5b269df49d9a9217aa573019315	0	f
TOP - Memory Utilization	5.6	1716055947402	248fa5b269df49d9a9217aa573019315	0	f
TOP - Memory Usage GB	1.877	1716055947402	248fa5b269df49d9a9217aa573019315	0	f
TOP - CPU Utilization	103	1716055948404	248fa5b269df49d9a9217aa573019315	0	f
TOP - Memory Utilization	7.3	1716055948404	248fa5b269df49d9a9217aa573019315	0	f
TOP - Memory Usage GB	1.877	1716055948404	248fa5b269df49d9a9217aa573019315	0	f
TOP - CPU Utilization	102	1716055949406	248fa5b269df49d9a9217aa573019315	0	f
TOP - Memory Utilization	5.6	1716055949406	248fa5b269df49d9a9217aa573019315	0	f
TOP - Memory Usage GB	1.877	1716055949406	248fa5b269df49d9a9217aa573019315	0	f
TOP - CPU Utilization	103	1716055950407	248fa5b269df49d9a9217aa573019315	0	f
TOP - Memory Utilization	7.3	1716055950407	248fa5b269df49d9a9217aa573019315	0	f
TOP - Memory Usage GB	1.8747	1716055950407	248fa5b269df49d9a9217aa573019315	0	f
TOP - CPU Utilization	101	1716055951409	248fa5b269df49d9a9217aa573019315	0	f
TOP - Memory Utilization	5.6	1716055951409	248fa5b269df49d9a9217aa573019315	0	f
TOP - Memory Usage GB	1.8747	1716055951409	248fa5b269df49d9a9217aa573019315	0	f
TOP - CPU Utilization	102	1716055952411	248fa5b269df49d9a9217aa573019315	0	f
TOP - Memory Utilization	7.3	1716055952411	248fa5b269df49d9a9217aa573019315	0	f
TOP - Memory Usage GB	1.8747	1716055952411	248fa5b269df49d9a9217aa573019315	0	f
TOP - CPU Utilization	101	1716055953414	248fa5b269df49d9a9217aa573019315	0	f
TOP - Memory Utilization	5.6	1716055953414	248fa5b269df49d9a9217aa573019315	0	f
TOP - Memory Usage GB	1.8744	1716055953414	248fa5b269df49d9a9217aa573019315	0	f
TOP - CPU Utilization	103	1716055954416	248fa5b269df49d9a9217aa573019315	0	f
TOP - Memory Utilization	7.3	1716055954416	248fa5b269df49d9a9217aa573019315	0	f
TOP - Memory Usage GB	1.8744	1716055954416	248fa5b269df49d9a9217aa573019315	0	f
TOP - CPU Utilization	102	1716055955418	248fa5b269df49d9a9217aa573019315	0	f
TOP - Memory Utilization	5.6	1716055955418	248fa5b269df49d9a9217aa573019315	0	f
TOP - Memory Usage GB	1.8744	1716055955418	248fa5b269df49d9a9217aa573019315	0	f
TOP - CPU Utilization	101	1716055956420	248fa5b269df49d9a9217aa573019315	0	f
TOP - Memory Utilization	5.6	1716055956420	248fa5b269df49d9a9217aa573019315	0	f
TOP - Memory Usage GB	1.8777000000000001	1716055956420	248fa5b269df49d9a9217aa573019315	0	f
TOP - CPU Utilization	102	1716055957422	248fa5b269df49d9a9217aa573019315	0	f
TOP - Memory Utilization	7.3	1716055957422	248fa5b269df49d9a9217aa573019315	0	f
TOP - Memory Usage GB	1.8777000000000001	1716055957422	248fa5b269df49d9a9217aa573019315	0	f
TOP - CPU Utilization	102	1716055958424	248fa5b269df49d9a9217aa573019315	0	f
TOP - Memory Utilization	5.6	1716055958424	248fa5b269df49d9a9217aa573019315	0	f
TOP - Memory Usage GB	1.8777000000000001	1716055958424	248fa5b269df49d9a9217aa573019315	0	f
TOP - CPU Utilization	103	1716055959426	248fa5b269df49d9a9217aa573019315	0	f
TOP - Memory Utilization	7.3	1716055959426	248fa5b269df49d9a9217aa573019315	0	f
TOP - Memory Usage GB	1.8802999999999999	1716055959426	248fa5b269df49d9a9217aa573019315	0	f
TOP - CPU Utilization	101	1716055960428	248fa5b269df49d9a9217aa573019315	0	f
TOP - Memory Utilization	5.6	1716055960428	248fa5b269df49d9a9217aa573019315	0	f
TOP - Memory Usage GB	1.8802999999999999	1716055960428	248fa5b269df49d9a9217aa573019315	0	f
TOP - CPU Utilization	103	1716055961430	248fa5b269df49d9a9217aa573019315	0	f
TOP - Memory Utilization	7.3	1716055961430	248fa5b269df49d9a9217aa573019315	0	f
TOP - Memory Usage GB	1.8802999999999999	1716055961430	248fa5b269df49d9a9217aa573019315	0	f
TOP - CPU Utilization	101	1716055962432	248fa5b269df49d9a9217aa573019315	0	f
TOP - Memory Utilization	7.3	1716055962432	248fa5b269df49d9a9217aa573019315	0	f
TOP - Memory Usage GB	1.8788	1716055962432	248fa5b269df49d9a9217aa573019315	0	f
TOP - CPU Utilization	103	1716055963434	248fa5b269df49d9a9217aa573019315	0	f
TOP - Memory Utilization	5.6	1716055963434	248fa5b269df49d9a9217aa573019315	0	f
TOP - Memory Usage GB	1.8788	1716055963434	248fa5b269df49d9a9217aa573019315	0	f
TOP - CPU Utilization	102	1716055964436	248fa5b269df49d9a9217aa573019315	0	f
TOP - Memory Utilization	7.3	1716055964436	248fa5b269df49d9a9217aa573019315	0	f
TOP - Memory Usage GB	1.8788	1716055964436	248fa5b269df49d9a9217aa573019315	0	f
TOP - Swap Memory GB	0.0173	1716055964458	248fa5b269df49d9a9217aa573019315	0	f
TOP - CPU Utilization	102	1716055965438	248fa5b269df49d9a9217aa573019315	0	f
TOP - Memory Utilization	5.6	1716055965438	248fa5b269df49d9a9217aa573019315	0	f
TOP - Memory Usage GB	1.8804	1716055965438	248fa5b269df49d9a9217aa573019315	0	f
TOP - Swap Memory GB	0.0173	1716055965460	248fa5b269df49d9a9217aa573019315	0	f
\.


--
-- Data for Name: model_version_tags; Type: TABLE DATA; Schema: public; Owner: mlflow_user
--

COPY public.model_version_tags (key, value, name, version) FROM stdin;
\.


--
-- Data for Name: model_versions; Type: TABLE DATA; Schema: public; Owner: mlflow_user
--

COPY public.model_versions (name, version, creation_time, last_updated_time, description, user_id, current_stage, source, run_id, status, status_message, run_link, storage_location) FROM stdin;
\.


--
-- Data for Name: params; Type: TABLE DATA; Schema: public; Owner: mlflow_user
--

COPY public.params (key, value, run_uuid) FROM stdin;
letter	0	f2b9706ea47948b1b6622d915120b6b7
workload	0	f2b9706ea47948b1b6622d915120b6b7
listeners	smi+top+dcgmi	f2b9706ea47948b1b6622d915120b6b7
params	'"-"'	f2b9706ea47948b1b6622d915120b6b7
file	cifar10.py	f2b9706ea47948b1b6622d915120b6b7
workload_listener	''	f2b9706ea47948b1b6622d915120b6b7
letter	0	248fa5b269df49d9a9217aa573019315
workload	0	248fa5b269df49d9a9217aa573019315
listeners	smi+top+dcgmi	248fa5b269df49d9a9217aa573019315
params	'"-"'	248fa5b269df49d9a9217aa573019315
file	cifar10.py	248fa5b269df49d9a9217aa573019315
workload_listener	''	248fa5b269df49d9a9217aa573019315
model	cifar10.py	248fa5b269df49d9a9217aa573019315
manual	False	248fa5b269df49d9a9217aa573019315
max_epoch	5	248fa5b269df49d9a9217aa573019315
max_time	172800	248fa5b269df49d9a9217aa573019315
\.


--
-- Data for Name: registered_model_aliases; Type: TABLE DATA; Schema: public; Owner: mlflow_user
--

COPY public.registered_model_aliases (alias, version, name) FROM stdin;
\.


--
-- Data for Name: registered_model_tags; Type: TABLE DATA; Schema: public; Owner: mlflow_user
--

COPY public.registered_model_tags (key, value, name) FROM stdin;
\.


--
-- Data for Name: registered_models; Type: TABLE DATA; Schema: public; Owner: mlflow_user
--

COPY public.registered_models (name, creation_time, last_updated_time, description) FROM stdin;
\.


--
-- Data for Name: runs; Type: TABLE DATA; Schema: public; Owner: mlflow_user
--

COPY public.runs (run_uuid, name, source_type, source_name, entry_point_name, user_id, status, start_time, end_time, source_version, lifecycle_stage, artifact_uri, experiment_id, deleted_time) FROM stdin;
f2b9706ea47948b1b6622d915120b6b7	painted-gnu-692	UNKNOWN			daga	FAILED	1716055364460	1716055432568		active	s3://mlflow-storage/0/f2b9706ea47948b1b6622d915120b6b7/artifacts	0	\N
248fa5b269df49d9a9217aa573019315	(0 0) masked-grouse-926	UNKNOWN			daga	FINISHED	1716055495929	1716055967088		active	s3://mlflow-storage/0/248fa5b269df49d9a9217aa573019315/artifacts	0	\N
\.


--
-- Data for Name: tags; Type: TABLE DATA; Schema: public; Owner: mlflow_user
--

COPY public.tags (key, value, run_uuid) FROM stdin;
mlflow.user	daga	f2b9706ea47948b1b6622d915120b6b7
mlflow.source.name	file:///home/daga/radt#examples/pytorch	f2b9706ea47948b1b6622d915120b6b7
mlflow.source.type	PROJECT	f2b9706ea47948b1b6622d915120b6b7
mlflow.project.entryPoint	main	f2b9706ea47948b1b6622d915120b6b7
mlflow.source.git.commit	7d2e33f2e8153fce7cd5f872f07ee41424602571	f2b9706ea47948b1b6622d915120b6b7
mlflow.source.git.repoURL	https://github.com/Resource-Aware-Data-systems-RAD/radt.git	f2b9706ea47948b1b6622d915120b6b7
mlflow.gitRepoURL	https://github.com/Resource-Aware-Data-systems-RAD/radt.git	f2b9706ea47948b1b6622d915120b6b7
mlflow.runName	painted-gnu-692	f2b9706ea47948b1b6622d915120b6b7
mlflow.project.env	conda	f2b9706ea47948b1b6622d915120b6b7
mlflow.project.backend	local	f2b9706ea47948b1b6622d915120b6b7
mlflow.user	daga	248fa5b269df49d9a9217aa573019315
mlflow.source.name	file:///home/daga/radt#examples/pytorch	248fa5b269df49d9a9217aa573019315
mlflow.source.type	PROJECT	248fa5b269df49d9a9217aa573019315
mlflow.project.entryPoint	main	248fa5b269df49d9a9217aa573019315
mlflow.source.git.commit	7d2e33f2e8153fce7cd5f872f07ee41424602571	248fa5b269df49d9a9217aa573019315
mlflow.source.git.repoURL	https://github.com/Resource-Aware-Data-systems-RAD/radt.git	248fa5b269df49d9a9217aa573019315
mlflow.gitRepoURL	https://github.com/Resource-Aware-Data-systems-RAD/radt.git	248fa5b269df49d9a9217aa573019315
mlflow.project.env	conda	248fa5b269df49d9a9217aa573019315
mlflow.project.backend	local	248fa5b269df49d9a9217aa573019315
mlflow.runName	(0 0) masked-grouse-926	248fa5b269df49d9a9217aa573019315
\.


--
-- Name: experiment_id; Type: SEQUENCE SET; Schema: public; Owner: mlflow_user
--

SELECT pg_catalog.setval('public.experiment_id', 1, false);


--
-- Name: alembic_version alembic_version_pkc; Type: CONSTRAINT; Schema: public; Owner: mlflow_user
--

ALTER TABLE ONLY public.alembic_version
    ADD CONSTRAINT alembic_version_pkc PRIMARY KEY (version_num);


--
-- Name: datasets dataset_pk; Type: CONSTRAINT; Schema: public; Owner: mlflow_user
--

ALTER TABLE ONLY public.datasets
    ADD CONSTRAINT dataset_pk PRIMARY KEY (experiment_id, name, digest);


--
-- Name: experiments experiment_pk; Type: CONSTRAINT; Schema: public; Owner: mlflow_user
--

ALTER TABLE ONLY public.experiments
    ADD CONSTRAINT experiment_pk PRIMARY KEY (experiment_id);


--
-- Name: experiment_tags experiment_tag_pk; Type: CONSTRAINT; Schema: public; Owner: mlflow_user
--

ALTER TABLE ONLY public.experiment_tags
    ADD CONSTRAINT experiment_tag_pk PRIMARY KEY (key, experiment_id);


--
-- Name: experiments experiments_name_key; Type: CONSTRAINT; Schema: public; Owner: mlflow_user
--

ALTER TABLE ONLY public.experiments
    ADD CONSTRAINT experiments_name_key UNIQUE (name);


--
-- Name: input_tags input_tags_pk; Type: CONSTRAINT; Schema: public; Owner: mlflow_user
--

ALTER TABLE ONLY public.input_tags
    ADD CONSTRAINT input_tags_pk PRIMARY KEY (input_uuid, name);


--
-- Name: inputs inputs_pk; Type: CONSTRAINT; Schema: public; Owner: mlflow_user
--

ALTER TABLE ONLY public.inputs
    ADD CONSTRAINT inputs_pk PRIMARY KEY (source_type, source_id, destination_type, destination_id);


--
-- Name: latest_metrics latest_metric_pk; Type: CONSTRAINT; Schema: public; Owner: mlflow_user
--

ALTER TABLE ONLY public.latest_metrics
    ADD CONSTRAINT latest_metric_pk PRIMARY KEY (key, run_uuid);


--
-- Name: metrics metric_pk; Type: CONSTRAINT; Schema: public; Owner: mlflow_user
--

ALTER TABLE ONLY public.metrics
    ADD CONSTRAINT metric_pk PRIMARY KEY (key, "timestamp", step, run_uuid, value, is_nan);


--
-- Name: model_versions model_version_pk; Type: CONSTRAINT; Schema: public; Owner: mlflow_user
--

ALTER TABLE ONLY public.model_versions
    ADD CONSTRAINT model_version_pk PRIMARY KEY (name, version);


--
-- Name: model_version_tags model_version_tag_pk; Type: CONSTRAINT; Schema: public; Owner: mlflow_user
--

ALTER TABLE ONLY public.model_version_tags
    ADD CONSTRAINT model_version_tag_pk PRIMARY KEY (key, name, version);


--
-- Name: params param_pk; Type: CONSTRAINT; Schema: public; Owner: mlflow_user
--

ALTER TABLE ONLY public.params
    ADD CONSTRAINT param_pk PRIMARY KEY (key, run_uuid);


--
-- Name: registered_model_aliases registered_model_alias_pk; Type: CONSTRAINT; Schema: public; Owner: mlflow_user
--

ALTER TABLE ONLY public.registered_model_aliases
    ADD CONSTRAINT registered_model_alias_pk PRIMARY KEY (name, alias);


--
-- Name: registered_models registered_model_pk; Type: CONSTRAINT; Schema: public; Owner: mlflow_user
--

ALTER TABLE ONLY public.registered_models
    ADD CONSTRAINT registered_model_pk PRIMARY KEY (name);


--
-- Name: registered_model_tags registered_model_tag_pk; Type: CONSTRAINT; Schema: public; Owner: mlflow_user
--

ALTER TABLE ONLY public.registered_model_tags
    ADD CONSTRAINT registered_model_tag_pk PRIMARY KEY (key, name);


--
-- Name: runs run_pk; Type: CONSTRAINT; Schema: public; Owner: mlflow_user
--

ALTER TABLE ONLY public.runs
    ADD CONSTRAINT run_pk PRIMARY KEY (run_uuid);


--
-- Name: tags tag_pk; Type: CONSTRAINT; Schema: public; Owner: mlflow_user
--

ALTER TABLE ONLY public.tags
    ADD CONSTRAINT tag_pk PRIMARY KEY (key, run_uuid);


--
-- Name: index_datasets_dataset_uuid; Type: INDEX; Schema: public; Owner: mlflow_user
--

CREATE INDEX index_datasets_dataset_uuid ON public.datasets USING btree (dataset_uuid);


--
-- Name: index_datasets_experiment_id_dataset_source_type; Type: INDEX; Schema: public; Owner: mlflow_user
--

CREATE INDEX index_datasets_experiment_id_dataset_source_type ON public.datasets USING btree (experiment_id, dataset_source_type);


--
-- Name: index_inputs_destination_type_destination_id_source_type; Type: INDEX; Schema: public; Owner: mlflow_user
--

CREATE INDEX index_inputs_destination_type_destination_id_source_type ON public.inputs USING btree (destination_type, destination_id, source_type);


--
-- Name: index_inputs_input_uuid; Type: INDEX; Schema: public; Owner: mlflow_user
--

CREATE INDEX index_inputs_input_uuid ON public.inputs USING btree (input_uuid);


--
-- Name: index_latest_metrics_run_uuid; Type: INDEX; Schema: public; Owner: mlflow_user
--

CREATE INDEX index_latest_metrics_run_uuid ON public.latest_metrics USING btree (run_uuid);


--
-- Name: index_metrics_run_uuid; Type: INDEX; Schema: public; Owner: mlflow_user
--

CREATE INDEX index_metrics_run_uuid ON public.metrics USING btree (run_uuid);


--
-- Name: index_params_run_uuid; Type: INDEX; Schema: public; Owner: mlflow_user
--

CREATE INDEX index_params_run_uuid ON public.params USING btree (run_uuid);


--
-- Name: index_tags_run_uuid; Type: INDEX; Schema: public; Owner: mlflow_user
--

CREATE INDEX index_tags_run_uuid ON public.tags USING btree (run_uuid);


--
-- Name: datasets datasets_experiment_id_fkey; Type: FK CONSTRAINT; Schema: public; Owner: mlflow_user
--

ALTER TABLE ONLY public.datasets
    ADD CONSTRAINT datasets_experiment_id_fkey FOREIGN KEY (experiment_id) REFERENCES public.experiments(experiment_id);


--
-- Name: experiment_tags experiment_tags_experiment_id_fkey; Type: FK CONSTRAINT; Schema: public; Owner: mlflow_user
--

ALTER TABLE ONLY public.experiment_tags
    ADD CONSTRAINT experiment_tags_experiment_id_fkey FOREIGN KEY (experiment_id) REFERENCES public.experiments(experiment_id);


--
-- Name: latest_metrics latest_metrics_run_uuid_fkey; Type: FK CONSTRAINT; Schema: public; Owner: mlflow_user
--

ALTER TABLE ONLY public.latest_metrics
    ADD CONSTRAINT latest_metrics_run_uuid_fkey FOREIGN KEY (run_uuid) REFERENCES public.runs(run_uuid);


--
-- Name: metrics metrics_run_uuid_fkey; Type: FK CONSTRAINT; Schema: public; Owner: mlflow_user
--

ALTER TABLE ONLY public.metrics
    ADD CONSTRAINT metrics_run_uuid_fkey FOREIGN KEY (run_uuid) REFERENCES public.runs(run_uuid);


--
-- Name: model_version_tags model_version_tags_name_version_fkey; Type: FK CONSTRAINT; Schema: public; Owner: mlflow_user
--

ALTER TABLE ONLY public.model_version_tags
    ADD CONSTRAINT model_version_tags_name_version_fkey FOREIGN KEY (name, version) REFERENCES public.model_versions(name, version) ON UPDATE RESTRICT;


--
-- Name: model_versions model_versions_name_fkey; Type: FK CONSTRAINT; Schema: public; Owner: mlflow_user
--

ALTER TABLE ONLY public.model_versions
    ADD CONSTRAINT model_versions_name_fkey FOREIGN KEY (name) REFERENCES public.registered_models(name) ON UPDATE RESTRICT;


--
-- Name: params params_run_uuid_fkey; Type: FK CONSTRAINT; Schema: public; Owner: mlflow_user
--

ALTER TABLE ONLY public.params
    ADD CONSTRAINT params_run_uuid_fkey FOREIGN KEY (run_uuid) REFERENCES public.runs(run_uuid);


--
-- Name: registered_model_aliases registered_model_alias_name_fkey; Type: FK CONSTRAINT; Schema: public; Owner: mlflow_user
--

ALTER TABLE ONLY public.registered_model_aliases
    ADD CONSTRAINT registered_model_alias_name_fkey FOREIGN KEY (name) REFERENCES public.registered_models(name) ON UPDATE RESTRICT ON DELETE RESTRICT;


--
-- Name: registered_model_tags registered_model_tags_name_fkey; Type: FK CONSTRAINT; Schema: public; Owner: mlflow_user
--

ALTER TABLE ONLY public.registered_model_tags
    ADD CONSTRAINT registered_model_tags_name_fkey FOREIGN KEY (name) REFERENCES public.registered_models(name) ON UPDATE RESTRICT;


--
-- Name: runs runs_experiment_id_fkey; Type: FK CONSTRAINT; Schema: public; Owner: mlflow_user
--

ALTER TABLE ONLY public.runs
    ADD CONSTRAINT runs_experiment_id_fkey FOREIGN KEY (experiment_id) REFERENCES public.experiments(experiment_id);


--
-- Name: tags tags_run_uuid_fkey; Type: FK CONSTRAINT; Schema: public; Owner: mlflow_user
--

ALTER TABLE ONLY public.tags
    ADD CONSTRAINT tags_run_uuid_fkey FOREIGN KEY (run_uuid) REFERENCES public.runs(run_uuid);


--
-- PostgreSQL database dump complete
--

