--
-- PostgreSQL database dump
--

-- Dumped from database version 16.3 (Debian 16.3-1.pgdg120+1)
-- Dumped by pg_dump version 16.3 (Debian 16.3-1.pgdg120+1)

SET statement_timeout = 0;
SET lock_timeout = 0;
SET idle_in_transaction_session_timeout = 0;
SET client_encoding = 'UTF8';
SET standard_conforming_strings = on;
SELECT pg_catalog.set_config('search_path', '', false);
SET check_function_bodies = false;
SET xmloption = content;
SET client_min_messages = warning;
SET row_security = off;

SET default_tablespace = '';

SET default_table_access_method = heap;

--
-- Name: alembic_version; Type: TABLE; Schema: public; Owner: mlflow_user
--

CREATE TABLE public.alembic_version (
    version_num character varying(32) NOT NULL
);


ALTER TABLE public.alembic_version OWNER TO mlflow_user;

--
-- Name: datasets; Type: TABLE; Schema: public; Owner: mlflow_user
--

CREATE TABLE public.datasets (
    dataset_uuid character varying(36) NOT NULL,
    experiment_id integer NOT NULL,
    name character varying(500) NOT NULL,
    digest character varying(36) NOT NULL,
    dataset_source_type character varying(36) NOT NULL,
    dataset_source text NOT NULL,
    dataset_schema text,
    dataset_profile text
);


ALTER TABLE public.datasets OWNER TO mlflow_user;

--
-- Name: experiment_id; Type: SEQUENCE; Schema: public; Owner: mlflow_user
--

CREATE SEQUENCE public.experiment_id
    START WITH 1
    INCREMENT BY 1
    NO MINVALUE
    NO MAXVALUE
    CACHE 1;


ALTER SEQUENCE public.experiment_id OWNER TO mlflow_user;

--
-- Name: experiment_tags; Type: TABLE; Schema: public; Owner: mlflow_user
--

CREATE TABLE public.experiment_tags (
    key character varying(250) NOT NULL,
    value character varying(5000),
    experiment_id integer NOT NULL
);


ALTER TABLE public.experiment_tags OWNER TO mlflow_user;

--
-- Name: experiments; Type: TABLE; Schema: public; Owner: mlflow_user
--

CREATE TABLE public.experiments (
    experiment_id integer DEFAULT nextval('public.experiment_id'::regclass) NOT NULL,
    name character varying(256) NOT NULL,
    artifact_location character varying(256),
    lifecycle_stage character varying(32),
    creation_time bigint,
    last_update_time bigint,
    CONSTRAINT experiments_lifecycle_stage CHECK (((lifecycle_stage)::text = ANY ((ARRAY['active'::character varying, 'deleted'::character varying])::text[])))
);


ALTER TABLE public.experiments OWNER TO mlflow_user;

--
-- Name: input_tags; Type: TABLE; Schema: public; Owner: mlflow_user
--

CREATE TABLE public.input_tags (
    input_uuid character varying(36) NOT NULL,
    name character varying(255) NOT NULL,
    value character varying(500) NOT NULL
);


ALTER TABLE public.input_tags OWNER TO mlflow_user;

--
-- Name: inputs; Type: TABLE; Schema: public; Owner: mlflow_user
--

CREATE TABLE public.inputs (
    input_uuid character varying(36) NOT NULL,
    source_type character varying(36) NOT NULL,
    source_id character varying(36) NOT NULL,
    destination_type character varying(36) NOT NULL,
    destination_id character varying(36) NOT NULL
);


ALTER TABLE public.inputs OWNER TO mlflow_user;

--
-- Name: latest_metrics; Type: TABLE; Schema: public; Owner: mlflow_user
--

CREATE TABLE public.latest_metrics (
    key character varying(250) NOT NULL,
    value double precision NOT NULL,
    "timestamp" bigint,
    step bigint NOT NULL,
    is_nan boolean NOT NULL,
    run_uuid character varying(32) NOT NULL
);


ALTER TABLE public.latest_metrics OWNER TO mlflow_user;

--
-- Name: metrics; Type: TABLE; Schema: public; Owner: mlflow_user
--

CREATE TABLE public.metrics (
    key character varying(250) NOT NULL,
    value double precision NOT NULL,
    "timestamp" bigint NOT NULL,
    run_uuid character varying(32) NOT NULL,
    step bigint DEFAULT '0'::bigint NOT NULL,
    is_nan boolean DEFAULT false NOT NULL
);


ALTER TABLE public.metrics OWNER TO mlflow_user;

--
-- Name: model_version_tags; Type: TABLE; Schema: public; Owner: mlflow_user
--

CREATE TABLE public.model_version_tags (
    key character varying(250) NOT NULL,
    value character varying(5000),
    name character varying(256) NOT NULL,
    version integer NOT NULL
);


ALTER TABLE public.model_version_tags OWNER TO mlflow_user;

--
-- Name: model_versions; Type: TABLE; Schema: public; Owner: mlflow_user
--

CREATE TABLE public.model_versions (
    name character varying(256) NOT NULL,
    version integer NOT NULL,
    creation_time bigint,
    last_updated_time bigint,
    description character varying(5000),
    user_id character varying(256),
    current_stage character varying(20),
    source character varying(500),
    run_id character varying(32),
    status character varying(20),
    status_message character varying(500),
    run_link character varying(500),
    storage_location character varying(500)
);


ALTER TABLE public.model_versions OWNER TO mlflow_user;

--
-- Name: params; Type: TABLE; Schema: public; Owner: mlflow_user
--

CREATE TABLE public.params (
    key character varying(250) NOT NULL,
    value character varying(8000) NOT NULL,
    run_uuid character varying(32) NOT NULL
);


ALTER TABLE public.params OWNER TO mlflow_user;

--
-- Name: registered_model_aliases; Type: TABLE; Schema: public; Owner: mlflow_user
--

CREATE TABLE public.registered_model_aliases (
    alias character varying(256) NOT NULL,
    version integer NOT NULL,
    name character varying(256) NOT NULL
);


ALTER TABLE public.registered_model_aliases OWNER TO mlflow_user;

--
-- Name: registered_model_tags; Type: TABLE; Schema: public; Owner: mlflow_user
--

CREATE TABLE public.registered_model_tags (
    key character varying(250) NOT NULL,
    value character varying(5000),
    name character varying(256) NOT NULL
);


ALTER TABLE public.registered_model_tags OWNER TO mlflow_user;

--
-- Name: registered_models; Type: TABLE; Schema: public; Owner: mlflow_user
--

CREATE TABLE public.registered_models (
    name character varying(256) NOT NULL,
    creation_time bigint,
    last_updated_time bigint,
    description character varying(5000)
);


ALTER TABLE public.registered_models OWNER TO mlflow_user;

--
-- Name: runs; Type: TABLE; Schema: public; Owner: mlflow_user
--

CREATE TABLE public.runs (
    run_uuid character varying(32) NOT NULL,
    name character varying(250),
    source_type character varying(20),
    source_name character varying(500),
    entry_point_name character varying(50),
    user_id character varying(256),
    status character varying(9),
    start_time bigint,
    end_time bigint,
    source_version character varying(50),
    lifecycle_stage character varying(20),
    artifact_uri character varying(200),
    experiment_id integer,
    deleted_time bigint,
    CONSTRAINT runs_lifecycle_stage CHECK (((lifecycle_stage)::text = ANY ((ARRAY['active'::character varying, 'deleted'::character varying])::text[]))),
    CONSTRAINT runs_status_check CHECK (((status)::text = ANY ((ARRAY['SCHEDULED'::character varying, 'FAILED'::character varying, 'FINISHED'::character varying, 'RUNNING'::character varying, 'KILLED'::character varying])::text[]))),
    CONSTRAINT source_type CHECK (((source_type)::text = ANY ((ARRAY['NOTEBOOK'::character varying, 'JOB'::character varying, 'LOCAL'::character varying, 'UNKNOWN'::character varying, 'PROJECT'::character varying])::text[])))
);


ALTER TABLE public.runs OWNER TO mlflow_user;

--
-- Name: tags; Type: TABLE; Schema: public; Owner: mlflow_user
--

CREATE TABLE public.tags (
    key character varying(250) NOT NULL,
    value character varying(5000),
    run_uuid character varying(32) NOT NULL
);


ALTER TABLE public.tags OWNER TO mlflow_user;

--
-- Data for Name: alembic_version; Type: TABLE DATA; Schema: public; Owner: mlflow_user
--

COPY public.alembic_version (version_num) FROM stdin;
acf3f17fdcc7
\.


--
-- Data for Name: datasets; Type: TABLE DATA; Schema: public; Owner: mlflow_user
--

COPY public.datasets (dataset_uuid, experiment_id, name, digest, dataset_source_type, dataset_source, dataset_schema, dataset_profile) FROM stdin;
\.


--
-- Data for Name: experiment_tags; Type: TABLE DATA; Schema: public; Owner: mlflow_user
--

COPY public.experiment_tags (key, value, experiment_id) FROM stdin;
\.


--
-- Data for Name: experiments; Type: TABLE DATA; Schema: public; Owner: mlflow_user
--

COPY public.experiments (experiment_id, name, artifact_location, lifecycle_stage, creation_time, last_update_time) FROM stdin;
0	Default	s3://mlflow-storage/0	active	1716070836879	1716070836879
\.


--
-- Data for Name: input_tags; Type: TABLE DATA; Schema: public; Owner: mlflow_user
--

COPY public.input_tags (input_uuid, name, value) FROM stdin;
\.


--
-- Data for Name: inputs; Type: TABLE DATA; Schema: public; Owner: mlflow_user
--

COPY public.inputs (input_uuid, source_type, source_id, destination_type, destination_id) FROM stdin;
\.


--
-- Data for Name: latest_metrics; Type: TABLE DATA; Schema: public; Owner: mlflow_user
--

COPY public.latest_metrics (key, value, "timestamp", step, is_nan, run_uuid) FROM stdin;
SMI - Power Draw	14.92	1716071218339	0	f	152fedec44c34c0f80f9471046167856
SMI - Timestamp	1716071218.321	1716071218339	0	f	152fedec44c34c0f80f9471046167856
SMI - GPU Util	0	1716071218339	0	f	152fedec44c34c0f80f9471046167856
SMI - Mem Util	0	1716071218339	0	f	152fedec44c34c0f80f9471046167856
SMI - Mem Used	0	1716071218339	0	f	152fedec44c34c0f80f9471046167856
SMI - Performance State	3	1716071218339	0	f	152fedec44c34c0f80f9471046167856
TOP - Memory Usage GB	1.9009	1716071988242	0	f	152fedec44c34c0f80f9471046167856
TOP - Memory Utilization	7.6000000000000005	1716071988242	0	f	152fedec44c34c0f80f9471046167856
TOP - Swap Memory GB	0.020300000000000002	1716071988262	0	f	152fedec44c34c0f80f9471046167856
TOP - CPU Utilization	104	1716071988242	0	f	152fedec44c34c0f80f9471046167856
\.


--
-- Data for Name: metrics; Type: TABLE DATA; Schema: public; Owner: mlflow_user
--

COPY public.metrics (key, value, "timestamp", run_uuid, step, is_nan) FROM stdin;
SMI - Power Draw	14.92	1716071218339	152fedec44c34c0f80f9471046167856	0	f
SMI - Timestamp	1716071218.321	1716071218339	152fedec44c34c0f80f9471046167856	0	f
SMI - GPU Util	0	1716071218339	152fedec44c34c0f80f9471046167856	0	f
SMI - Mem Util	0	1716071218339	152fedec44c34c0f80f9471046167856	0	f
SMI - Mem Used	0	1716071218339	152fedec44c34c0f80f9471046167856	0	f
SMI - Performance State	3	1716071218339	152fedec44c34c0f80f9471046167856	0	f
TOP - CPU Utilization	0	1716071218368	152fedec44c34c0f80f9471046167856	0	f
TOP - Memory Utilization	0	1716071218368	152fedec44c34c0f80f9471046167856	0	f
TOP - Memory Usage GB	1.1934	1716071218368	152fedec44c34c0f80f9471046167856	0	f
TOP - Swap Memory GB	0.0193	1716071218387	152fedec44c34c0f80f9471046167856	0	f
TOP - CPU Utilization	206.2	1716071219370	152fedec44c34c0f80f9471046167856	0	f
TOP - Memory Utilization	8.6	1716071219370	152fedec44c34c0f80f9471046167856	0	f
TOP - Memory Usage GB	1.1934	1716071219370	152fedec44c34c0f80f9471046167856	0	f
TOP - Swap Memory GB	0.0193	1716071219398	152fedec44c34c0f80f9471046167856	0	f
TOP - CPU Utilization	102	1716071220373	152fedec44c34c0f80f9471046167856	0	f
TOP - Memory Utilization	7.199999999999999	1716071220373	152fedec44c34c0f80f9471046167856	0	f
TOP - Memory Usage GB	1.1934	1716071220373	152fedec44c34c0f80f9471046167856	0	f
TOP - Swap Memory GB	0.0193	1716071220397	152fedec44c34c0f80f9471046167856	0	f
TOP - CPU Utilization	104	1716071221376	152fedec44c34c0f80f9471046167856	0	f
TOP - Memory Utilization	5.6	1716071221376	152fedec44c34c0f80f9471046167856	0	f
TOP - Memory Usage GB	1.4230999999999998	1716071221376	152fedec44c34c0f80f9471046167856	0	f
TOP - Swap Memory GB	0.0193	1716071221401	152fedec44c34c0f80f9471046167856	0	f
TOP - CPU Utilization	102	1716071222378	152fedec44c34c0f80f9471046167856	0	f
TOP - Memory Utilization	7.199999999999999	1716071222378	152fedec44c34c0f80f9471046167856	0	f
TOP - Memory Usage GB	1.4230999999999998	1716071222378	152fedec44c34c0f80f9471046167856	0	f
TOP - Swap Memory GB	0.0193	1716071222407	152fedec44c34c0f80f9471046167856	0	f
TOP - CPU Utilization	103	1716071223381	152fedec44c34c0f80f9471046167856	0	f
TOP - Memory Utilization	7.199999999999999	1716071223381	152fedec44c34c0f80f9471046167856	0	f
TOP - Memory Usage GB	1.4230999999999998	1716071223381	152fedec44c34c0f80f9471046167856	0	f
TOP - Swap Memory GB	0.0193	1716071223403	152fedec44c34c0f80f9471046167856	0	f
TOP - CPU Utilization	103	1716071224384	152fedec44c34c0f80f9471046167856	0	f
TOP - Memory Utilization	7.199999999999999	1716071224384	152fedec44c34c0f80f9471046167856	0	f
TOP - Memory Usage GB	1.423	1716071224384	152fedec44c34c0f80f9471046167856	0	f
TOP - Swap Memory GB	0.0193	1716071224416	152fedec44c34c0f80f9471046167856	0	f
TOP - CPU Utilization	103	1716071225387	152fedec44c34c0f80f9471046167856	0	f
TOP - Memory Utilization	7.199999999999999	1716071225387	152fedec44c34c0f80f9471046167856	0	f
TOP - Memory Usage GB	1.423	1716071225387	152fedec44c34c0f80f9471046167856	0	f
TOP - Swap Memory GB	0.0193	1716071225411	152fedec44c34c0f80f9471046167856	0	f
TOP - CPU Utilization	102	1716071226389	152fedec44c34c0f80f9471046167856	0	f
TOP - Memory Utilization	5.6	1716071226389	152fedec44c34c0f80f9471046167856	0	f
TOP - Memory Usage GB	1.423	1716071226389	152fedec44c34c0f80f9471046167856	0	f
TOP - Swap Memory GB	0.0193	1716071226416	152fedec44c34c0f80f9471046167856	0	f
TOP - CPU Utilization	103	1716071227392	152fedec44c34c0f80f9471046167856	0	f
TOP - Memory Utilization	5.6	1716071227392	152fedec44c34c0f80f9471046167856	0	f
TOP - Memory Usage GB	1.4228	1716071227392	152fedec44c34c0f80f9471046167856	0	f
TOP - Swap Memory GB	0.0193	1716071227414	152fedec44c34c0f80f9471046167856	0	f
TOP - CPU Utilization	102	1716071228394	152fedec44c34c0f80f9471046167856	0	f
TOP - Memory Utilization	7.199999999999999	1716071228394	152fedec44c34c0f80f9471046167856	0	f
TOP - Memory Usage GB	1.4228	1716071228394	152fedec44c34c0f80f9471046167856	0	f
TOP - Swap Memory GB	0.0193	1716071228419	152fedec44c34c0f80f9471046167856	0	f
TOP - CPU Utilization	103	1716071229397	152fedec44c34c0f80f9471046167856	0	f
TOP - Memory Utilization	7.199999999999999	1716071229397	152fedec44c34c0f80f9471046167856	0	f
TOP - Memory Usage GB	1.4228	1716071229397	152fedec44c34c0f80f9471046167856	0	f
TOP - Swap Memory GB	0.0193	1716071229422	152fedec44c34c0f80f9471046167856	0	f
TOP - CPU Utilization	102	1716071230399	152fedec44c34c0f80f9471046167856	0	f
TOP - Memory Utilization	7.199999999999999	1716071230399	152fedec44c34c0f80f9471046167856	0	f
TOP - Memory Usage GB	1.4227	1716071230399	152fedec44c34c0f80f9471046167856	0	f
TOP - Swap Memory GB	0.0193	1716071230425	152fedec44c34c0f80f9471046167856	0	f
TOP - CPU Utilization	104	1716071231402	152fedec44c34c0f80f9471046167856	0	f
TOP - Memory Utilization	5.6	1716071231402	152fedec44c34c0f80f9471046167856	0	f
TOP - Memory Usage GB	1.4227	1716071231402	152fedec44c34c0f80f9471046167856	0	f
TOP - Swap Memory GB	0.0193	1716071231428	152fedec44c34c0f80f9471046167856	0	f
TOP - CPU Utilization	103	1716071232404	152fedec44c34c0f80f9471046167856	0	f
TOP - Memory Utilization	7.199999999999999	1716071232404	152fedec44c34c0f80f9471046167856	0	f
TOP - Memory Usage GB	1.4227	1716071232404	152fedec44c34c0f80f9471046167856	0	f
TOP - Swap Memory GB	0.0193	1716071232426	152fedec44c34c0f80f9471046167856	0	f
TOP - Swap Memory GB	0.0193	1716071233438	152fedec44c34c0f80f9471046167856	0	f
TOP - Swap Memory GB	0.0193	1716071234438	152fedec44c34c0f80f9471046167856	0	f
TOP - Swap Memory GB	0.0193	1716071235435	152fedec44c34c0f80f9471046167856	0	f
TOP - Swap Memory GB	0.0193	1716071236439	152fedec44c34c0f80f9471046167856	0	f
TOP - Swap Memory GB	0.0193	1716071237435	152fedec44c34c0f80f9471046167856	0	f
TOP - Swap Memory GB	0.0193	1716071238449	152fedec44c34c0f80f9471046167856	0	f
TOP - Swap Memory GB	0.0193	1716071239454	152fedec44c34c0f80f9471046167856	0	f
TOP - Swap Memory GB	0.0193	1716071240452	152fedec44c34c0f80f9471046167856	0	f
TOP - Swap Memory GB	0.0193	1716071241455	152fedec44c34c0f80f9471046167856	0	f
TOP - Swap Memory GB	0.0193	1716071242449	152fedec44c34c0f80f9471046167856	0	f
TOP - Swap Memory GB	0.0193	1716071243459	152fedec44c34c0f80f9471046167856	0	f
TOP - CPU Utilization	101	1716071544160	152fedec44c34c0f80f9471046167856	0	f
TOP - Memory Utilization	5.7	1716071544160	152fedec44c34c0f80f9471046167856	0	f
TOP - Memory Usage GB	1.8865	1716071544160	152fedec44c34c0f80f9471046167856	0	f
TOP - CPU Utilization	105	1716071545162	152fedec44c34c0f80f9471046167856	0	f
TOP - Memory Utilization	7.4	1716071545162	152fedec44c34c0f80f9471046167856	0	f
TOP - Memory Usage GB	1.8865	1716071545162	152fedec44c34c0f80f9471046167856	0	f
TOP - CPU Utilization	102	1716071546164	152fedec44c34c0f80f9471046167856	0	f
TOP - Memory Utilization	7.4	1716071546164	152fedec44c34c0f80f9471046167856	0	f
TOP - Memory Usage GB	1.8872	1716071546164	152fedec44c34c0f80f9471046167856	0	f
TOP - CPU Utilization	103	1716071547166	152fedec44c34c0f80f9471046167856	0	f
TOP - Memory Utilization	7.4	1716071547166	152fedec44c34c0f80f9471046167856	0	f
TOP - Memory Usage GB	1.8872	1716071547166	152fedec44c34c0f80f9471046167856	0	f
TOP - CPU Utilization	100	1716071548170	152fedec44c34c0f80f9471046167856	0	f
TOP - Memory Utilization	5.7	1716071548170	152fedec44c34c0f80f9471046167856	0	f
TOP - Memory Usage GB	1.8872	1716071548170	152fedec44c34c0f80f9471046167856	0	f
TOP - CPU Utilization	102	1716071549174	152fedec44c34c0f80f9471046167856	0	f
TOP - Memory Utilization	7.4	1716071549174	152fedec44c34c0f80f9471046167856	0	f
TOP - Memory Usage GB	1.883	1716071549174	152fedec44c34c0f80f9471046167856	0	f
TOP - CPU Utilization	104	1716071550177	152fedec44c34c0f80f9471046167856	0	f
TOP - Memory Utilization	7.4	1716071550177	152fedec44c34c0f80f9471046167856	0	f
TOP - Memory Usage GB	1.883	1716071550177	152fedec44c34c0f80f9471046167856	0	f
TOP - CPU Utilization	102	1716071551179	152fedec44c34c0f80f9471046167856	0	f
TOP - Memory Utilization	7.4	1716071551179	152fedec44c34c0f80f9471046167856	0	f
TOP - Memory Usage GB	1.883	1716071551179	152fedec44c34c0f80f9471046167856	0	f
TOP - CPU Utilization	103	1716071552182	152fedec44c34c0f80f9471046167856	0	f
TOP - Memory Utilization	5.7	1716071552182	152fedec44c34c0f80f9471046167856	0	f
TOP - Memory Usage GB	1.8844	1716071552182	152fedec44c34c0f80f9471046167856	0	f
TOP - CPU Utilization	103	1716071553184	152fedec44c34c0f80f9471046167856	0	f
TOP - Memory Utilization	7.4	1716071553184	152fedec44c34c0f80f9471046167856	0	f
TOP - Memory Usage GB	1.8844	1716071553184	152fedec44c34c0f80f9471046167856	0	f
TOP - CPU Utilization	103	1716071554186	152fedec44c34c0f80f9471046167856	0	f
TOP - Memory Utilization	7.4	1716071554186	152fedec44c34c0f80f9471046167856	0	f
TOP - Memory Usage GB	1.8844	1716071554186	152fedec44c34c0f80f9471046167856	0	f
TOP - CPU Utilization	102	1716071555189	152fedec44c34c0f80f9471046167856	0	f
TOP - Memory Utilization	7.4	1716071555189	152fedec44c34c0f80f9471046167856	0	f
TOP - Memory Usage GB	1.8858	1716071555189	152fedec44c34c0f80f9471046167856	0	f
TOP - CPU Utilization	104	1716071556192	152fedec44c34c0f80f9471046167856	0	f
TOP - Memory Utilization	7.4	1716071556192	152fedec44c34c0f80f9471046167856	0	f
TOP - Memory Usage GB	1.8858	1716071556192	152fedec44c34c0f80f9471046167856	0	f
TOP - CPU Utilization	103	1716071557195	152fedec44c34c0f80f9471046167856	0	f
TOP - Memory Utilization	5.7	1716071557195	152fedec44c34c0f80f9471046167856	0	f
TOP - Memory Usage GB	1.8858	1716071557195	152fedec44c34c0f80f9471046167856	0	f
TOP - CPU Utilization	103	1716071558197	152fedec44c34c0f80f9471046167856	0	f
TOP - Memory Utilization	7.4	1716071558197	152fedec44c34c0f80f9471046167856	0	f
TOP - Memory Usage GB	1.8858	1716071558197	152fedec44c34c0f80f9471046167856	0	f
TOP - CPU Utilization	102	1716071559201	152fedec44c34c0f80f9471046167856	0	f
TOP - Memory Utilization	7.4	1716071559201	152fedec44c34c0f80f9471046167856	0	f
TOP - Memory Usage GB	1.8858	1716071559201	152fedec44c34c0f80f9471046167856	0	f
TOP - CPU Utilization	103	1716071560203	152fedec44c34c0f80f9471046167856	0	f
TOP - Memory Utilization	5.7	1716071560203	152fedec44c34c0f80f9471046167856	0	f
TOP - Memory Usage GB	1.8858	1716071560203	152fedec44c34c0f80f9471046167856	0	f
TOP - CPU Utilization	103	1716071561204	152fedec44c34c0f80f9471046167856	0	f
TOP - CPU Utilization	103	1716071233407	152fedec44c34c0f80f9471046167856	0	f
TOP - Memory Utilization	7.199999999999999	1716071233407	152fedec44c34c0f80f9471046167856	0	f
TOP - Memory Usage GB	1.4218	1716071233407	152fedec44c34c0f80f9471046167856	0	f
TOP - CPU Utilization	104	1716071234410	152fedec44c34c0f80f9471046167856	0	f
TOP - Memory Utilization	7.199999999999999	1716071234410	152fedec44c34c0f80f9471046167856	0	f
TOP - Memory Usage GB	1.4218	1716071234410	152fedec44c34c0f80f9471046167856	0	f
TOP - CPU Utilization	105	1716071235413	152fedec44c34c0f80f9471046167856	0	f
TOP - Memory Utilization	7.199999999999999	1716071235413	152fedec44c34c0f80f9471046167856	0	f
TOP - Memory Usage GB	1.4218	1716071235413	152fedec44c34c0f80f9471046167856	0	f
TOP - CPU Utilization	104	1716071236415	152fedec44c34c0f80f9471046167856	0	f
TOP - Memory Utilization	7.199999999999999	1716071236415	152fedec44c34c0f80f9471046167856	0	f
TOP - Memory Usage GB	1.4219000000000002	1716071236415	152fedec44c34c0f80f9471046167856	0	f
TOP - CPU Utilization	103	1716071237418	152fedec44c34c0f80f9471046167856	0	f
TOP - Memory Utilization	5.6	1716071237418	152fedec44c34c0f80f9471046167856	0	f
TOP - Memory Usage GB	1.4219000000000002	1716071237418	152fedec44c34c0f80f9471046167856	0	f
TOP - CPU Utilization	104	1716071238421	152fedec44c34c0f80f9471046167856	0	f
TOP - Memory Utilization	7.199999999999999	1716071238421	152fedec44c34c0f80f9471046167856	0	f
TOP - Memory Usage GB	1.4219000000000002	1716071238421	152fedec44c34c0f80f9471046167856	0	f
TOP - CPU Utilization	103	1716071239423	152fedec44c34c0f80f9471046167856	0	f
TOP - Memory Utilization	5.6	1716071239423	152fedec44c34c0f80f9471046167856	0	f
TOP - Memory Usage GB	1.4221	1716071239423	152fedec44c34c0f80f9471046167856	0	f
TOP - CPU Utilization	106	1716071240425	152fedec44c34c0f80f9471046167856	0	f
TOP - Memory Utilization	7.199999999999999	1716071240425	152fedec44c34c0f80f9471046167856	0	f
TOP - Memory Usage GB	1.4221	1716071240425	152fedec44c34c0f80f9471046167856	0	f
TOP - CPU Utilization	106	1716071241427	152fedec44c34c0f80f9471046167856	0	f
TOP - Memory Utilization	7.199999999999999	1716071241427	152fedec44c34c0f80f9471046167856	0	f
TOP - Memory Usage GB	1.4221	1716071241427	152fedec44c34c0f80f9471046167856	0	f
TOP - CPU Utilization	106	1716071242430	152fedec44c34c0f80f9471046167856	0	f
TOP - Memory Utilization	7.199999999999999	1716071242430	152fedec44c34c0f80f9471046167856	0	f
TOP - Memory Usage GB	1.4224	1716071242430	152fedec44c34c0f80f9471046167856	0	f
TOP - CPU Utilization	107	1716071243432	152fedec44c34c0f80f9471046167856	0	f
TOP - Memory Utilization	7.199999999999999	1716071243432	152fedec44c34c0f80f9471046167856	0	f
TOP - Memory Usage GB	1.4224	1716071243432	152fedec44c34c0f80f9471046167856	0	f
TOP - CPU Utilization	108	1716071244434	152fedec44c34c0f80f9471046167856	0	f
TOP - Memory Utilization	7.199999999999999	1716071244434	152fedec44c34c0f80f9471046167856	0	f
TOP - Memory Usage GB	1.4224	1716071244434	152fedec44c34c0f80f9471046167856	0	f
TOP - Swap Memory GB	0.0193	1716071244461	152fedec44c34c0f80f9471046167856	0	f
TOP - CPU Utilization	104	1716071245436	152fedec44c34c0f80f9471046167856	0	f
TOP - Memory Utilization	5.6	1716071245436	152fedec44c34c0f80f9471046167856	0	f
TOP - Memory Usage GB	1.422	1716071245436	152fedec44c34c0f80f9471046167856	0	f
TOP - Swap Memory GB	0.0193	1716071245463	152fedec44c34c0f80f9471046167856	0	f
TOP - CPU Utilization	106	1716071246439	152fedec44c34c0f80f9471046167856	0	f
TOP - Memory Utilization	7.199999999999999	1716071246439	152fedec44c34c0f80f9471046167856	0	f
TOP - Memory Usage GB	1.422	1716071246439	152fedec44c34c0f80f9471046167856	0	f
TOP - Swap Memory GB	0.0193	1716071246456	152fedec44c34c0f80f9471046167856	0	f
TOP - CPU Utilization	107	1716071247441	152fedec44c34c0f80f9471046167856	0	f
TOP - Memory Utilization	7.199999999999999	1716071247441	152fedec44c34c0f80f9471046167856	0	f
TOP - Memory Usage GB	1.422	1716071247441	152fedec44c34c0f80f9471046167856	0	f
TOP - Swap Memory GB	0.0193	1716071247465	152fedec44c34c0f80f9471046167856	0	f
TOP - CPU Utilization	106	1716071248444	152fedec44c34c0f80f9471046167856	0	f
TOP - Memory Utilization	5.6	1716071248444	152fedec44c34c0f80f9471046167856	0	f
TOP - Memory Usage GB	1.4223	1716071248444	152fedec44c34c0f80f9471046167856	0	f
TOP - Swap Memory GB	0.0193	1716071248471	152fedec44c34c0f80f9471046167856	0	f
TOP - CPU Utilization	106	1716071249447	152fedec44c34c0f80f9471046167856	0	f
TOP - Memory Utilization	7.199999999999999	1716071249447	152fedec44c34c0f80f9471046167856	0	f
TOP - Memory Usage GB	1.4223	1716071249447	152fedec44c34c0f80f9471046167856	0	f
TOP - Swap Memory GB	0.0193	1716071249473	152fedec44c34c0f80f9471046167856	0	f
TOP - CPU Utilization	105	1716071250449	152fedec44c34c0f80f9471046167856	0	f
TOP - Memory Utilization	5.6	1716071250449	152fedec44c34c0f80f9471046167856	0	f
TOP - Memory Usage GB	1.4223	1716071250449	152fedec44c34c0f80f9471046167856	0	f
TOP - Swap Memory GB	0.0193	1716071250475	152fedec44c34c0f80f9471046167856	0	f
TOP - CPU Utilization	105	1716071251452	152fedec44c34c0f80f9471046167856	0	f
TOP - Memory Utilization	7.199999999999999	1716071251452	152fedec44c34c0f80f9471046167856	0	f
TOP - Memory Usage GB	1.4217	1716071251452	152fedec44c34c0f80f9471046167856	0	f
TOP - Swap Memory GB	0.0193	1716071251478	152fedec44c34c0f80f9471046167856	0	f
TOP - Swap Memory GB	0.0193	1716071252481	152fedec44c34c0f80f9471046167856	0	f
TOP - Swap Memory GB	0.0193	1716071253487	152fedec44c34c0f80f9471046167856	0	f
TOP - Swap Memory GB	0.0193	1716071254481	152fedec44c34c0f80f9471046167856	0	f
TOP - Swap Memory GB	0.0193	1716071255489	152fedec44c34c0f80f9471046167856	0	f
TOP - Swap Memory GB	0.0193	1716071256493	152fedec44c34c0f80f9471046167856	0	f
TOP - Swap Memory GB	0.0193	1716071257493	152fedec44c34c0f80f9471046167856	0	f
TOP - Swap Memory GB	0.0193	1716071258492	152fedec44c34c0f80f9471046167856	0	f
TOP - Swap Memory GB	0.0193	1716071259492	152fedec44c34c0f80f9471046167856	0	f
TOP - Swap Memory GB	0.020300000000000002	1716071260500	152fedec44c34c0f80f9471046167856	0	f
TOP - Swap Memory GB	0.020300000000000002	1716071261500	152fedec44c34c0f80f9471046167856	0	f
TOP - Swap Memory GB	0.020300000000000002	1716071262497	152fedec44c34c0f80f9471046167856	0	f
TOP - Swap Memory GB	0.020300000000000002	1716071263510	152fedec44c34c0f80f9471046167856	0	f
TOP - Swap Memory GB	0.020300000000000002	1716071264512	152fedec44c34c0f80f9471046167856	0	f
TOP - Swap Memory GB	0.020300000000000002	1716071265513	152fedec44c34c0f80f9471046167856	0	f
TOP - Swap Memory GB	0.020300000000000002	1716071266515	152fedec44c34c0f80f9471046167856	0	f
TOP - Swap Memory GB	0.020300000000000002	1716071267506	152fedec44c34c0f80f9471046167856	0	f
TOP - Swap Memory GB	0.020300000000000002	1716071268522	152fedec44c34c0f80f9471046167856	0	f
TOP - Swap Memory GB	0.020300000000000002	1716071269522	152fedec44c34c0f80f9471046167856	0	f
TOP - Swap Memory GB	0.020300000000000002	1716071270524	152fedec44c34c0f80f9471046167856	0	f
TOP - Swap Memory GB	0.020300000000000002	1716071271526	152fedec44c34c0f80f9471046167856	0	f
TOP - Swap Memory GB	0.020300000000000002	1716071272519	152fedec44c34c0f80f9471046167856	0	f
TOP - Swap Memory GB	0.020300000000000002	1716071273532	152fedec44c34c0f80f9471046167856	0	f
TOP - Swap Memory GB	0.020300000000000002	1716071274533	152fedec44c34c0f80f9471046167856	0	f
TOP - Swap Memory GB	0.020300000000000002	1716071275534	152fedec44c34c0f80f9471046167856	0	f
TOP - Swap Memory GB	0.020300000000000002	1716071276530	152fedec44c34c0f80f9471046167856	0	f
TOP - Swap Memory GB	0.020300000000000002	1716071277540	152fedec44c34c0f80f9471046167856	0	f
TOP - Swap Memory GB	0.020300000000000002	1716071278533	152fedec44c34c0f80f9471046167856	0	f
TOP - Swap Memory GB	0.020300000000000002	1716071279537	152fedec44c34c0f80f9471046167856	0	f
TOP - Swap Memory GB	0.020300000000000002	1716071280538	152fedec44c34c0f80f9471046167856	0	f
TOP - Swap Memory GB	0.020300000000000002	1716071281549	152fedec44c34c0f80f9471046167856	0	f
TOP - Swap Memory GB	0.020300000000000002	1716071282552	152fedec44c34c0f80f9471046167856	0	f
TOP - Swap Memory GB	0.020300000000000002	1716071283550	152fedec44c34c0f80f9471046167856	0	f
TOP - Swap Memory GB	0.020300000000000002	1716071284559	152fedec44c34c0f80f9471046167856	0	f
TOP - Swap Memory GB	0.020300000000000002	1716071285559	152fedec44c34c0f80f9471046167856	0	f
TOP - Swap Memory GB	0.020300000000000002	1716071286564	152fedec44c34c0f80f9471046167856	0	f
TOP - Swap Memory GB	0.020300000000000002	1716071287554	152fedec44c34c0f80f9471046167856	0	f
TOP - Swap Memory GB	0.020300000000000002	1716071288569	152fedec44c34c0f80f9471046167856	0	f
TOP - Swap Memory GB	0.020300000000000002	1716071289570	152fedec44c34c0f80f9471046167856	0	f
TOP - Swap Memory GB	0.020300000000000002	1716071290573	152fedec44c34c0f80f9471046167856	0	f
TOP - Swap Memory GB	0.020300000000000002	1716071291570	152fedec44c34c0f80f9471046167856	0	f
TOP - Swap Memory GB	0.020300000000000002	1716071292567	152fedec44c34c0f80f9471046167856	0	f
TOP - Swap Memory GB	0.020300000000000002	1716071293579	152fedec44c34c0f80f9471046167856	0	f
TOP - Swap Memory GB	0.020300000000000002	1716071294578	152fedec44c34c0f80f9471046167856	0	f
TOP - Swap Memory GB	0.020300000000000002	1716071295582	152fedec44c34c0f80f9471046167856	0	f
TOP - Swap Memory GB	0.020300000000000002	1716071296588	152fedec44c34c0f80f9471046167856	0	f
TOP - Swap Memory GB	0.020300000000000002	1716071297578	152fedec44c34c0f80f9471046167856	0	f
TOP - Swap Memory GB	0.020300000000000002	1716071298587	152fedec44c34c0f80f9471046167856	0	f
TOP - Swap Memory GB	0.020300000000000002	1716071299592	152fedec44c34c0f80f9471046167856	0	f
TOP - Swap Memory GB	0.020300000000000002	1716071300595	152fedec44c34c0f80f9471046167856	0	f
TOP - Swap Memory GB	0.020300000000000002	1716071301595	152fedec44c34c0f80f9471046167856	0	f
TOP - Swap Memory GB	0.020300000000000002	1716071302592	152fedec44c34c0f80f9471046167856	0	f
TOP - Swap Memory GB	0.020300000000000002	1716071303608	152fedec44c34c0f80f9471046167856	0	f
TOP - Swap Memory GB	0.020300000000000002	1716071544187	152fedec44c34c0f80f9471046167856	0	f
TOP - Swap Memory GB	0.020300000000000002	1716071545186	152fedec44c34c0f80f9471046167856	0	f
TOP - Swap Memory GB	0.020300000000000002	1716071546189	152fedec44c34c0f80f9471046167856	0	f
TOP - Swap Memory GB	0.020300000000000002	1716071547191	152fedec44c34c0f80f9471046167856	0	f
TOP - Swap Memory GB	0.020300000000000002	1716071548200	152fedec44c34c0f80f9471046167856	0	f
TOP - Swap Memory GB	0.020300000000000002	1716071549200	152fedec44c34c0f80f9471046167856	0	f
TOP - Swap Memory GB	0.020300000000000002	1716071550203	152fedec44c34c0f80f9471046167856	0	f
TOP - Swap Memory GB	0.020300000000000002	1716071551203	152fedec44c34c0f80f9471046167856	0	f
TOP - Swap Memory GB	0.020300000000000002	1716071552209	152fedec44c34c0f80f9471046167856	0	f
TOP - Swap Memory GB	0.020300000000000002	1716071553201	152fedec44c34c0f80f9471046167856	0	f
TOP - Swap Memory GB	0.020300000000000002	1716071554212	152fedec44c34c0f80f9471046167856	0	f
TOP - Swap Memory GB	0.020300000000000002	1716071555216	152fedec44c34c0f80f9471046167856	0	f
TOP - CPU Utilization	108	1716071252455	152fedec44c34c0f80f9471046167856	0	f
TOP - Memory Utilization	7.199999999999999	1716071252455	152fedec44c34c0f80f9471046167856	0	f
TOP - Memory Usage GB	1.4217	1716071252455	152fedec44c34c0f80f9471046167856	0	f
TOP - CPU Utilization	107	1716071253457	152fedec44c34c0f80f9471046167856	0	f
TOP - Memory Utilization	7.199999999999999	1716071253457	152fedec44c34c0f80f9471046167856	0	f
TOP - Memory Usage GB	1.4217	1716071253457	152fedec44c34c0f80f9471046167856	0	f
TOP - CPU Utilization	105	1716071254459	152fedec44c34c0f80f9471046167856	0	f
TOP - Memory Utilization	5.6	1716071254459	152fedec44c34c0f80f9471046167856	0	f
TOP - Memory Usage GB	1.4229	1716071254459	152fedec44c34c0f80f9471046167856	0	f
TOP - CPU Utilization	102	1716071255461	152fedec44c34c0f80f9471046167856	0	f
TOP - Memory Utilization	7.199999999999999	1716071255461	152fedec44c34c0f80f9471046167856	0	f
TOP - Memory Usage GB	1.4229	1716071255461	152fedec44c34c0f80f9471046167856	0	f
TOP - CPU Utilization	103	1716071256464	152fedec44c34c0f80f9471046167856	0	f
TOP - Memory Utilization	7.199999999999999	1716071256464	152fedec44c34c0f80f9471046167856	0	f
TOP - Memory Usage GB	1.4229	1716071256464	152fedec44c34c0f80f9471046167856	0	f
TOP - CPU Utilization	104	1716071257466	152fedec44c34c0f80f9471046167856	0	f
TOP - Memory Utilization	7.199999999999999	1716071257466	152fedec44c34c0f80f9471046167856	0	f
TOP - Memory Usage GB	1.747	1716071257466	152fedec44c34c0f80f9471046167856	0	f
TOP - CPU Utilization	101	1716071258470	152fedec44c34c0f80f9471046167856	0	f
TOP - Memory Utilization	5.6	1716071258470	152fedec44c34c0f80f9471046167856	0	f
TOP - Memory Usage GB	1.747	1716071258470	152fedec44c34c0f80f9471046167856	0	f
TOP - CPU Utilization	103	1716071259472	152fedec44c34c0f80f9471046167856	0	f
TOP - Memory Utilization	7.199999999999999	1716071259472	152fedec44c34c0f80f9471046167856	0	f
TOP - Memory Usage GB	1.747	1716071259472	152fedec44c34c0f80f9471046167856	0	f
TOP - CPU Utilization	102	1716071260474	152fedec44c34c0f80f9471046167856	0	f
TOP - Memory Utilization	7.199999999999999	1716071260474	152fedec44c34c0f80f9471046167856	0	f
TOP - Memory Usage GB	1.9494	1716071260474	152fedec44c34c0f80f9471046167856	0	f
TOP - CPU Utilization	103	1716071261476	152fedec44c34c0f80f9471046167856	0	f
TOP - Memory Utilization	5.6	1716071261476	152fedec44c34c0f80f9471046167856	0	f
TOP - Memory Usage GB	1.9494	1716071261476	152fedec44c34c0f80f9471046167856	0	f
TOP - CPU Utilization	103	1716071262479	152fedec44c34c0f80f9471046167856	0	f
TOP - Memory Utilization	7.199999999999999	1716071262479	152fedec44c34c0f80f9471046167856	0	f
TOP - Memory Usage GB	1.9494	1716071262479	152fedec44c34c0f80f9471046167856	0	f
TOP - CPU Utilization	105	1716071263481	152fedec44c34c0f80f9471046167856	0	f
TOP - Memory Utilization	7.199999999999999	1716071263481	152fedec44c34c0f80f9471046167856	0	f
TOP - Memory Usage GB	1.9526	1716071263481	152fedec44c34c0f80f9471046167856	0	f
TOP - CPU Utilization	101	1716071264483	152fedec44c34c0f80f9471046167856	0	f
TOP - Memory Utilization	5.6	1716071264483	152fedec44c34c0f80f9471046167856	0	f
TOP - Memory Usage GB	1.9526	1716071264483	152fedec44c34c0f80f9471046167856	0	f
TOP - CPU Utilization	102	1716071265485	152fedec44c34c0f80f9471046167856	0	f
TOP - Memory Utilization	7.199999999999999	1716071265485	152fedec44c34c0f80f9471046167856	0	f
TOP - Memory Usage GB	1.9526	1716071265485	152fedec44c34c0f80f9471046167856	0	f
TOP - CPU Utilization	105	1716071266488	152fedec44c34c0f80f9471046167856	0	f
TOP - Memory Utilization	7.199999999999999	1716071266488	152fedec44c34c0f80f9471046167856	0	f
TOP - Memory Usage GB	1.9536	1716071266488	152fedec44c34c0f80f9471046167856	0	f
TOP - CPU Utilization	101	1716071267490	152fedec44c34c0f80f9471046167856	0	f
TOP - Memory Utilization	5.6	1716071267490	152fedec44c34c0f80f9471046167856	0	f
TOP - Memory Usage GB	1.9536	1716071267490	152fedec44c34c0f80f9471046167856	0	f
TOP - CPU Utilization	104	1716071268493	152fedec44c34c0f80f9471046167856	0	f
TOP - Memory Utilization	7.199999999999999	1716071268493	152fedec44c34c0f80f9471046167856	0	f
TOP - Memory Usage GB	1.9536	1716071268493	152fedec44c34c0f80f9471046167856	0	f
TOP - CPU Utilization	103	1716071269495	152fedec44c34c0f80f9471046167856	0	f
TOP - Memory Utilization	7.199999999999999	1716071269495	152fedec44c34c0f80f9471046167856	0	f
TOP - Memory Usage GB	1.9539000000000002	1716071269495	152fedec44c34c0f80f9471046167856	0	f
TOP - CPU Utilization	101	1716071270497	152fedec44c34c0f80f9471046167856	0	f
TOP - Memory Utilization	5.6	1716071270497	152fedec44c34c0f80f9471046167856	0	f
TOP - Memory Usage GB	1.9539000000000002	1716071270497	152fedec44c34c0f80f9471046167856	0	f
TOP - CPU Utilization	102	1716071271499	152fedec44c34c0f80f9471046167856	0	f
TOP - Memory Utilization	7.199999999999999	1716071271499	152fedec44c34c0f80f9471046167856	0	f
TOP - Memory Usage GB	1.9539000000000002	1716071271499	152fedec44c34c0f80f9471046167856	0	f
TOP - CPU Utilization	105	1716071272501	152fedec44c34c0f80f9471046167856	0	f
TOP - Memory Utilization	7.199999999999999	1716071272501	152fedec44c34c0f80f9471046167856	0	f
TOP - Memory Usage GB	1.9544000000000001	1716071272501	152fedec44c34c0f80f9471046167856	0	f
TOP - CPU Utilization	104	1716071273504	152fedec44c34c0f80f9471046167856	0	f
TOP - Memory Utilization	7.199999999999999	1716071273504	152fedec44c34c0f80f9471046167856	0	f
TOP - Memory Usage GB	1.9544000000000001	1716071273504	152fedec44c34c0f80f9471046167856	0	f
TOP - CPU Utilization	102	1716071274506	152fedec44c34c0f80f9471046167856	0	f
TOP - Memory Utilization	5.6	1716071274506	152fedec44c34c0f80f9471046167856	0	f
TOP - Memory Usage GB	1.9544000000000001	1716071274506	152fedec44c34c0f80f9471046167856	0	f
TOP - CPU Utilization	103	1716071275508	152fedec44c34c0f80f9471046167856	0	f
TOP - Memory Utilization	7.199999999999999	1716071275508	152fedec44c34c0f80f9471046167856	0	f
TOP - Memory Usage GB	1.955	1716071275508	152fedec44c34c0f80f9471046167856	0	f
TOP - CPU Utilization	104	1716071276511	152fedec44c34c0f80f9471046167856	0	f
TOP - Memory Utilization	7.199999999999999	1716071276511	152fedec44c34c0f80f9471046167856	0	f
TOP - Memory Usage GB	1.955	1716071276511	152fedec44c34c0f80f9471046167856	0	f
TOP - CPU Utilization	102	1716071277513	152fedec44c34c0f80f9471046167856	0	f
TOP - Memory Utilization	5.6	1716071277513	152fedec44c34c0f80f9471046167856	0	f
TOP - Memory Usage GB	1.955	1716071277513	152fedec44c34c0f80f9471046167856	0	f
TOP - CPU Utilization	103	1716071278516	152fedec44c34c0f80f9471046167856	0	f
TOP - Memory Utilization	7.199999999999999	1716071278516	152fedec44c34c0f80f9471046167856	0	f
TOP - Memory Usage GB	1.9576	1716071278516	152fedec44c34c0f80f9471046167856	0	f
TOP - CPU Utilization	102	1716071279518	152fedec44c34c0f80f9471046167856	0	f
TOP - Memory Utilization	7.199999999999999	1716071279518	152fedec44c34c0f80f9471046167856	0	f
TOP - Memory Usage GB	1.9576	1716071279518	152fedec44c34c0f80f9471046167856	0	f
TOP - CPU Utilization	104	1716071280521	152fedec44c34c0f80f9471046167856	0	f
TOP - Memory Utilization	7.5	1716071280521	152fedec44c34c0f80f9471046167856	0	f
TOP - Memory Usage GB	1.9576	1716071280521	152fedec44c34c0f80f9471046167856	0	f
TOP - CPU Utilization	103	1716071281524	152fedec44c34c0f80f9471046167856	0	f
TOP - Memory Utilization	7.199999999999999	1716071281524	152fedec44c34c0f80f9471046167856	0	f
TOP - Memory Usage GB	1.9574	1716071281524	152fedec44c34c0f80f9471046167856	0	f
TOP - CPU Utilization	102	1716071282526	152fedec44c34c0f80f9471046167856	0	f
TOP - Memory Utilization	5.6	1716071282526	152fedec44c34c0f80f9471046167856	0	f
TOP - Memory Usage GB	1.9574	1716071282526	152fedec44c34c0f80f9471046167856	0	f
TOP - CPU Utilization	102	1716071283529	152fedec44c34c0f80f9471046167856	0	f
TOP - Memory Utilization	7.199999999999999	1716071283529	152fedec44c34c0f80f9471046167856	0	f
TOP - Memory Usage GB	1.9574	1716071283529	152fedec44c34c0f80f9471046167856	0	f
TOP - CPU Utilization	105	1716071284531	152fedec44c34c0f80f9471046167856	0	f
TOP - Memory Utilization	7.199999999999999	1716071284531	152fedec44c34c0f80f9471046167856	0	f
TOP - Memory Usage GB	1.9583	1716071284531	152fedec44c34c0f80f9471046167856	0	f
TOP - CPU Utilization	100	1716071285533	152fedec44c34c0f80f9471046167856	0	f
TOP - Memory Utilization	5.6	1716071285533	152fedec44c34c0f80f9471046167856	0	f
TOP - Memory Usage GB	1.9583	1716071285533	152fedec44c34c0f80f9471046167856	0	f
TOP - CPU Utilization	104	1716071286535	152fedec44c34c0f80f9471046167856	0	f
TOP - Memory Utilization	7.199999999999999	1716071286535	152fedec44c34c0f80f9471046167856	0	f
TOP - Memory Usage GB	1.9583	1716071286535	152fedec44c34c0f80f9471046167856	0	f
TOP - CPU Utilization	104	1716071287537	152fedec44c34c0f80f9471046167856	0	f
TOP - Memory Utilization	7.199999999999999	1716071287537	152fedec44c34c0f80f9471046167856	0	f
TOP - Memory Usage GB	1.9574	1716071287537	152fedec44c34c0f80f9471046167856	0	f
TOP - CPU Utilization	101	1716071288539	152fedec44c34c0f80f9471046167856	0	f
TOP - Memory Utilization	5.6	1716071288539	152fedec44c34c0f80f9471046167856	0	f
TOP - Memory Usage GB	1.9574	1716071288539	152fedec44c34c0f80f9471046167856	0	f
TOP - CPU Utilization	104	1716071289541	152fedec44c34c0f80f9471046167856	0	f
TOP - Memory Utilization	5.6	1716071289541	152fedec44c34c0f80f9471046167856	0	f
TOP - Memory Usage GB	1.9574	1716071289541	152fedec44c34c0f80f9471046167856	0	f
TOP - CPU Utilization	104	1716071290544	152fedec44c34c0f80f9471046167856	0	f
TOP - Memory Utilization	7.199999999999999	1716071290544	152fedec44c34c0f80f9471046167856	0	f
TOP - Memory Usage GB	1.9574	1716071290544	152fedec44c34c0f80f9471046167856	0	f
TOP - CPU Utilization	103	1716071291547	152fedec44c34c0f80f9471046167856	0	f
TOP - Memory Utilization	5.6	1716071291547	152fedec44c34c0f80f9471046167856	0	f
TOP - Memory Usage GB	1.9574	1716071291547	152fedec44c34c0f80f9471046167856	0	f
TOP - CPU Utilization	102	1716071292549	152fedec44c34c0f80f9471046167856	0	f
TOP - Memory Utilization	7.199999999999999	1716071292549	152fedec44c34c0f80f9471046167856	0	f
TOP - Memory Usage GB	1.9574	1716071292549	152fedec44c34c0f80f9471046167856	0	f
TOP - CPU Utilization	102	1716071293551	152fedec44c34c0f80f9471046167856	0	f
TOP - Memory Utilization	5.6	1716071293551	152fedec44c34c0f80f9471046167856	0	f
TOP - Memory Usage GB	1.9483	1716071293551	152fedec44c34c0f80f9471046167856	0	f
TOP - CPU Utilization	104	1716071294554	152fedec44c34c0f80f9471046167856	0	f
TOP - Memory Utilization	7.199999999999999	1716071294554	152fedec44c34c0f80f9471046167856	0	f
TOP - Memory Usage GB	1.9483	1716071294554	152fedec44c34c0f80f9471046167856	0	f
TOP - CPU Utilization	103	1716071295556	152fedec44c34c0f80f9471046167856	0	f
TOP - Memory Utilization	7.199999999999999	1716071295556	152fedec44c34c0f80f9471046167856	0	f
TOP - Memory Usage GB	1.9483	1716071295556	152fedec44c34c0f80f9471046167856	0	f
TOP - CPU Utilization	101	1716071296558	152fedec44c34c0f80f9471046167856	0	f
TOP - Memory Utilization	5.6	1716071296558	152fedec44c34c0f80f9471046167856	0	f
TOP - Memory Usage GB	1.8773	1716071296558	152fedec44c34c0f80f9471046167856	0	f
TOP - CPU Utilization	104	1716071297561	152fedec44c34c0f80f9471046167856	0	f
TOP - Memory Utilization	7.199999999999999	1716071297561	152fedec44c34c0f80f9471046167856	0	f
TOP - Memory Usage GB	1.8773	1716071297561	152fedec44c34c0f80f9471046167856	0	f
TOP - CPU Utilization	103	1716071298563	152fedec44c34c0f80f9471046167856	0	f
TOP - Memory Utilization	7.199999999999999	1716071298563	152fedec44c34c0f80f9471046167856	0	f
TOP - Memory Usage GB	1.8773	1716071298563	152fedec44c34c0f80f9471046167856	0	f
TOP - CPU Utilization	103	1716071299565	152fedec44c34c0f80f9471046167856	0	f
TOP - Memory Utilization	7.199999999999999	1716071299565	152fedec44c34c0f80f9471046167856	0	f
TOP - Memory Usage GB	1.8778	1716071299565	152fedec44c34c0f80f9471046167856	0	f
TOP - CPU Utilization	102	1716071300567	152fedec44c34c0f80f9471046167856	0	f
TOP - Memory Utilization	5.6	1716071300567	152fedec44c34c0f80f9471046167856	0	f
TOP - Memory Usage GB	1.8778	1716071300567	152fedec44c34c0f80f9471046167856	0	f
TOP - CPU Utilization	102	1716071301572	152fedec44c34c0f80f9471046167856	0	f
TOP - Memory Utilization	7.199999999999999	1716071301572	152fedec44c34c0f80f9471046167856	0	f
TOP - Memory Usage GB	1.8778	1716071301572	152fedec44c34c0f80f9471046167856	0	f
TOP - CPU Utilization	103	1716071302574	152fedec44c34c0f80f9471046167856	0	f
TOP - Memory Utilization	5.6	1716071302574	152fedec44c34c0f80f9471046167856	0	f
TOP - Memory Usage GB	1.879	1716071302574	152fedec44c34c0f80f9471046167856	0	f
TOP - CPU Utilization	103	1716071303577	152fedec44c34c0f80f9471046167856	0	f
TOP - Memory Utilization	7.199999999999999	1716071303577	152fedec44c34c0f80f9471046167856	0	f
TOP - Memory Usage GB	1.879	1716071303577	152fedec44c34c0f80f9471046167856	0	f
TOP - CPU Utilization	101	1716071304579	152fedec44c34c0f80f9471046167856	0	f
TOP - Memory Utilization	5.6	1716071304579	152fedec44c34c0f80f9471046167856	0	f
TOP - Memory Usage GB	1.879	1716071304579	152fedec44c34c0f80f9471046167856	0	f
TOP - Swap Memory GB	0.020300000000000002	1716071304603	152fedec44c34c0f80f9471046167856	0	f
TOP - CPU Utilization	104	1716071305581	152fedec44c34c0f80f9471046167856	0	f
TOP - Memory Utilization	7.199999999999999	1716071305581	152fedec44c34c0f80f9471046167856	0	f
TOP - Memory Usage GB	1.88	1716071305581	152fedec44c34c0f80f9471046167856	0	f
TOP - Swap Memory GB	0.020300000000000002	1716071305606	152fedec44c34c0f80f9471046167856	0	f
TOP - CPU Utilization	103	1716071306584	152fedec44c34c0f80f9471046167856	0	f
TOP - Memory Utilization	7.199999999999999	1716071306584	152fedec44c34c0f80f9471046167856	0	f
TOP - Memory Usage GB	1.88	1716071306584	152fedec44c34c0f80f9471046167856	0	f
TOP - Swap Memory GB	0.020300000000000002	1716071306609	152fedec44c34c0f80f9471046167856	0	f
TOP - CPU Utilization	103	1716071307586	152fedec44c34c0f80f9471046167856	0	f
TOP - Memory Utilization	7.199999999999999	1716071307586	152fedec44c34c0f80f9471046167856	0	f
TOP - Memory Usage GB	1.88	1716071307586	152fedec44c34c0f80f9471046167856	0	f
TOP - Swap Memory GB	0.020300000000000002	1716071307611	152fedec44c34c0f80f9471046167856	0	f
TOP - CPU Utilization	101	1716071308588	152fedec44c34c0f80f9471046167856	0	f
TOP - Memory Utilization	7.199999999999999	1716071308588	152fedec44c34c0f80f9471046167856	0	f
TOP - Memory Usage GB	1.8813	1716071308588	152fedec44c34c0f80f9471046167856	0	f
TOP - Swap Memory GB	0.020300000000000002	1716071308611	152fedec44c34c0f80f9471046167856	0	f
TOP - CPU Utilization	103	1716071309591	152fedec44c34c0f80f9471046167856	0	f
TOP - Memory Utilization	5.6	1716071309591	152fedec44c34c0f80f9471046167856	0	f
TOP - Memory Usage GB	1.8813	1716071309591	152fedec44c34c0f80f9471046167856	0	f
TOP - Swap Memory GB	0.020300000000000002	1716071309617	152fedec44c34c0f80f9471046167856	0	f
TOP - CPU Utilization	103	1716071310594	152fedec44c34c0f80f9471046167856	0	f
TOP - Memory Utilization	7.199999999999999	1716071310594	152fedec44c34c0f80f9471046167856	0	f
TOP - Memory Usage GB	1.8813	1716071310594	152fedec44c34c0f80f9471046167856	0	f
TOP - Swap Memory GB	0.020300000000000002	1716071310626	152fedec44c34c0f80f9471046167856	0	f
TOP - CPU Utilization	103	1716071311595	152fedec44c34c0f80f9471046167856	0	f
TOP - Memory Utilization	7.199999999999999	1716071311595	152fedec44c34c0f80f9471046167856	0	f
TOP - Memory Usage GB	1.8827	1716071311595	152fedec44c34c0f80f9471046167856	0	f
TOP - Swap Memory GB	0.020300000000000002	1716071311624	152fedec44c34c0f80f9471046167856	0	f
TOP - CPU Utilization	104	1716071312597	152fedec44c34c0f80f9471046167856	0	f
TOP - Memory Utilization	7.199999999999999	1716071312597	152fedec44c34c0f80f9471046167856	0	f
TOP - Memory Usage GB	1.8827	1716071312597	152fedec44c34c0f80f9471046167856	0	f
TOP - Swap Memory GB	0.020300000000000002	1716071312624	152fedec44c34c0f80f9471046167856	0	f
TOP - CPU Utilization	103	1716071313600	152fedec44c34c0f80f9471046167856	0	f
TOP - Memory Utilization	7.199999999999999	1716071313600	152fedec44c34c0f80f9471046167856	0	f
TOP - Memory Usage GB	1.8827	1716071313600	152fedec44c34c0f80f9471046167856	0	f
TOP - CPU Utilization	103	1716071314602	152fedec44c34c0f80f9471046167856	0	f
TOP - Memory Utilization	5.6	1716071314602	152fedec44c34c0f80f9471046167856	0	f
TOP - Memory Usage GB	1.8822	1716071314602	152fedec44c34c0f80f9471046167856	0	f
TOP - CPU Utilization	103	1716071315604	152fedec44c34c0f80f9471046167856	0	f
TOP - Memory Utilization	7.199999999999999	1716071315604	152fedec44c34c0f80f9471046167856	0	f
TOP - Memory Usage GB	1.8822	1716071315604	152fedec44c34c0f80f9471046167856	0	f
TOP - CPU Utilization	102	1716071316606	152fedec44c34c0f80f9471046167856	0	f
TOP - Memory Utilization	5.6	1716071316606	152fedec44c34c0f80f9471046167856	0	f
TOP - Memory Usage GB	1.8822	1716071316606	152fedec44c34c0f80f9471046167856	0	f
TOP - CPU Utilization	102	1716071317609	152fedec44c34c0f80f9471046167856	0	f
TOP - Memory Utilization	7.199999999999999	1716071317609	152fedec44c34c0f80f9471046167856	0	f
TOP - Memory Usage GB	1.8804	1716071317609	152fedec44c34c0f80f9471046167856	0	f
TOP - CPU Utilization	104	1716071318611	152fedec44c34c0f80f9471046167856	0	f
TOP - Memory Utilization	7.199999999999999	1716071318611	152fedec44c34c0f80f9471046167856	0	f
TOP - Memory Usage GB	1.8804	1716071318611	152fedec44c34c0f80f9471046167856	0	f
TOP - CPU Utilization	103	1716071319614	152fedec44c34c0f80f9471046167856	0	f
TOP - Memory Utilization	7.199999999999999	1716071319614	152fedec44c34c0f80f9471046167856	0	f
TOP - Memory Usage GB	1.8804	1716071319614	152fedec44c34c0f80f9471046167856	0	f
TOP - CPU Utilization	103	1716071320616	152fedec44c34c0f80f9471046167856	0	f
TOP - Memory Utilization	5.6	1716071320616	152fedec44c34c0f80f9471046167856	0	f
TOP - Memory Usage GB	1.8827	1716071320616	152fedec44c34c0f80f9471046167856	0	f
TOP - CPU Utilization	102	1716071321619	152fedec44c34c0f80f9471046167856	0	f
TOP - Memory Utilization	7.199999999999999	1716071321619	152fedec44c34c0f80f9471046167856	0	f
TOP - Memory Usage GB	1.8827	1716071321619	152fedec44c34c0f80f9471046167856	0	f
TOP - CPU Utilization	104	1716071322621	152fedec44c34c0f80f9471046167856	0	f
TOP - Memory Utilization	5.6	1716071322621	152fedec44c34c0f80f9471046167856	0	f
TOP - Memory Usage GB	1.8827	1716071322621	152fedec44c34c0f80f9471046167856	0	f
TOP - CPU Utilization	103	1716071323624	152fedec44c34c0f80f9471046167856	0	f
TOP - Memory Utilization	7.199999999999999	1716071323624	152fedec44c34c0f80f9471046167856	0	f
TOP - Memory Usage GB	1.8805999999999998	1716071323624	152fedec44c34c0f80f9471046167856	0	f
TOP - CPU Utilization	104	1716071324626	152fedec44c34c0f80f9471046167856	0	f
TOP - Memory Utilization	7.199999999999999	1716071324626	152fedec44c34c0f80f9471046167856	0	f
TOP - Memory Usage GB	1.8805999999999998	1716071324626	152fedec44c34c0f80f9471046167856	0	f
TOP - CPU Utilization	101	1716071325628	152fedec44c34c0f80f9471046167856	0	f
TOP - Memory Utilization	7.199999999999999	1716071325628	152fedec44c34c0f80f9471046167856	0	f
TOP - Memory Usage GB	1.8805999999999998	1716071325628	152fedec44c34c0f80f9471046167856	0	f
TOP - CPU Utilization	104	1716071326630	152fedec44c34c0f80f9471046167856	0	f
TOP - Memory Utilization	7.199999999999999	1716071326630	152fedec44c34c0f80f9471046167856	0	f
TOP - Memory Usage GB	1.8798	1716071326630	152fedec44c34c0f80f9471046167856	0	f
TOP - CPU Utilization	102	1716071327634	152fedec44c34c0f80f9471046167856	0	f
TOP - Memory Utilization	5.6	1716071327634	152fedec44c34c0f80f9471046167856	0	f
TOP - Memory Usage GB	1.8798	1716071327634	152fedec44c34c0f80f9471046167856	0	f
TOP - CPU Utilization	103	1716071328636	152fedec44c34c0f80f9471046167856	0	f
TOP - Memory Utilization	7.199999999999999	1716071328636	152fedec44c34c0f80f9471046167856	0	f
TOP - Memory Usage GB	1.8798	1716071328636	152fedec44c34c0f80f9471046167856	0	f
TOP - CPU Utilization	103	1716071329638	152fedec44c34c0f80f9471046167856	0	f
TOP - Memory Utilization	7.199999999999999	1716071329638	152fedec44c34c0f80f9471046167856	0	f
TOP - Memory Usage GB	1.8734000000000002	1716071329638	152fedec44c34c0f80f9471046167856	0	f
TOP - CPU Utilization	103	1716071330641	152fedec44c34c0f80f9471046167856	0	f
TOP - Memory Utilization	5.6	1716071330641	152fedec44c34c0f80f9471046167856	0	f
TOP - Memory Usage GB	1.8734000000000002	1716071330641	152fedec44c34c0f80f9471046167856	0	f
TOP - CPU Utilization	103	1716071331643	152fedec44c34c0f80f9471046167856	0	f
TOP - Memory Utilization	7.199999999999999	1716071331643	152fedec44c34c0f80f9471046167856	0	f
TOP - Memory Usage GB	1.8734000000000002	1716071331643	152fedec44c34c0f80f9471046167856	0	f
TOP - CPU Utilization	102	1716071332645	152fedec44c34c0f80f9471046167856	0	f
TOP - Memory Utilization	5.6	1716071332645	152fedec44c34c0f80f9471046167856	0	f
TOP - Memory Usage GB	1.8760999999999999	1716071332645	152fedec44c34c0f80f9471046167856	0	f
TOP - CPU Utilization	103	1716071333648	152fedec44c34c0f80f9471046167856	0	f
TOP - Memory Utilization	7.199999999999999	1716071333648	152fedec44c34c0f80f9471046167856	0	f
TOP - Memory Usage GB	1.8760999999999999	1716071333648	152fedec44c34c0f80f9471046167856	0	f
TOP - CPU Utilization	103	1716071334651	152fedec44c34c0f80f9471046167856	0	f
TOP - Swap Memory GB	0.020300000000000002	1716071313618	152fedec44c34c0f80f9471046167856	0	f
TOP - Swap Memory GB	0.020300000000000002	1716071314627	152fedec44c34c0f80f9471046167856	0	f
TOP - Swap Memory GB	0.020300000000000002	1716071315629	152fedec44c34c0f80f9471046167856	0	f
TOP - Swap Memory GB	0.020300000000000002	1716071316631	152fedec44c34c0f80f9471046167856	0	f
TOP - Swap Memory GB	0.020300000000000002	1716071317636	152fedec44c34c0f80f9471046167856	0	f
TOP - Swap Memory GB	0.020300000000000002	1716071318635	152fedec44c34c0f80f9471046167856	0	f
TOP - Swap Memory GB	0.020300000000000002	1716071319639	152fedec44c34c0f80f9471046167856	0	f
TOP - Swap Memory GB	0.020300000000000002	1716071320643	152fedec44c34c0f80f9471046167856	0	f
TOP - Swap Memory GB	0.020300000000000002	1716071321650	152fedec44c34c0f80f9471046167856	0	f
TOP - Swap Memory GB	0.020300000000000002	1716071322648	152fedec44c34c0f80f9471046167856	0	f
TOP - Swap Memory GB	0.020300000000000002	1716071323641	152fedec44c34c0f80f9471046167856	0	f
TOP - Swap Memory GB	0.020300000000000002	1716071324654	152fedec44c34c0f80f9471046167856	0	f
TOP - Swap Memory GB	0.020300000000000002	1716071325657	152fedec44c34c0f80f9471046167856	0	f
TOP - Swap Memory GB	0.020300000000000002	1716071326661	152fedec44c34c0f80f9471046167856	0	f
TOP - Swap Memory GB	0.020300000000000002	1716071327663	152fedec44c34c0f80f9471046167856	0	f
TOP - Swap Memory GB	0.020300000000000002	1716071328653	152fedec44c34c0f80f9471046167856	0	f
TOP - Swap Memory GB	0.020300000000000002	1716071329659	152fedec44c34c0f80f9471046167856	0	f
TOP - Swap Memory GB	0.020300000000000002	1716071330668	152fedec44c34c0f80f9471046167856	0	f
TOP - Swap Memory GB	0.020300000000000002	1716071331670	152fedec44c34c0f80f9471046167856	0	f
TOP - Swap Memory GB	0.020300000000000002	1716071332671	152fedec44c34c0f80f9471046167856	0	f
TOP - Swap Memory GB	0.020300000000000002	1716071333679	152fedec44c34c0f80f9471046167856	0	f
TOP - Swap Memory GB	0.020300000000000002	1716071334686	152fedec44c34c0f80f9471046167856	0	f
TOP - Swap Memory GB	0.020300000000000002	1716071335680	152fedec44c34c0f80f9471046167856	0	f
TOP - Swap Memory GB	0.020300000000000002	1716071336681	152fedec44c34c0f80f9471046167856	0	f
TOP - Swap Memory GB	0.020300000000000002	1716071337687	152fedec44c34c0f80f9471046167856	0	f
TOP - Swap Memory GB	0.020300000000000002	1716071338756	152fedec44c34c0f80f9471046167856	0	f
TOP - Swap Memory GB	0.020300000000000002	1716071339688	152fedec44c34c0f80f9471046167856	0	f
TOP - Swap Memory GB	0.020300000000000002	1716071340692	152fedec44c34c0f80f9471046167856	0	f
TOP - Swap Memory GB	0.020300000000000002	1716071341692	152fedec44c34c0f80f9471046167856	0	f
TOP - Swap Memory GB	0.020300000000000002	1716071342695	152fedec44c34c0f80f9471046167856	0	f
TOP - Swap Memory GB	0.020300000000000002	1716071343701	152fedec44c34c0f80f9471046167856	0	f
TOP - Swap Memory GB	0.020300000000000002	1716071344700	152fedec44c34c0f80f9471046167856	0	f
TOP - Swap Memory GB	0.020300000000000002	1716071345696	152fedec44c34c0f80f9471046167856	0	f
TOP - Swap Memory GB	0.020300000000000002	1716071346702	152fedec44c34c0f80f9471046167856	0	f
TOP - Swap Memory GB	0.020300000000000002	1716071347707	152fedec44c34c0f80f9471046167856	0	f
TOP - Swap Memory GB	0.020300000000000002	1716071348713	152fedec44c34c0f80f9471046167856	0	f
TOP - Swap Memory GB	0.020300000000000002	1716071349715	152fedec44c34c0f80f9471046167856	0	f
TOP - Swap Memory GB	0.020300000000000002	1716071350722	152fedec44c34c0f80f9471046167856	0	f
TOP - Swap Memory GB	0.020300000000000002	1716071351719	152fedec44c34c0f80f9471046167856	0	f
TOP - Swap Memory GB	0.020300000000000002	1716071352713	152fedec44c34c0f80f9471046167856	0	f
TOP - Swap Memory GB	0.020300000000000002	1716071353726	152fedec44c34c0f80f9471046167856	0	f
TOP - Swap Memory GB	0.020300000000000002	1716071354727	152fedec44c34c0f80f9471046167856	0	f
TOP - Swap Memory GB	0.020300000000000002	1716071355728	152fedec44c34c0f80f9471046167856	0	f
TOP - Swap Memory GB	0.020300000000000002	1716071356731	152fedec44c34c0f80f9471046167856	0	f
TOP - Swap Memory GB	0.020300000000000002	1716071357724	152fedec44c34c0f80f9471046167856	0	f
TOP - Swap Memory GB	0.020300000000000002	1716071358736	152fedec44c34c0f80f9471046167856	0	f
TOP - Swap Memory GB	0.020300000000000002	1716071359738	152fedec44c34c0f80f9471046167856	0	f
TOP - Swap Memory GB	0.020300000000000002	1716071360740	152fedec44c34c0f80f9471046167856	0	f
TOP - Swap Memory GB	0.020300000000000002	1716071361740	152fedec44c34c0f80f9471046167856	0	f
TOP - Swap Memory GB	0.020300000000000002	1716071362737	152fedec44c34c0f80f9471046167856	0	f
TOP - Swap Memory GB	0.020300000000000002	1716071363747	152fedec44c34c0f80f9471046167856	0	f
TOP - Swap Memory GB	0.020300000000000002	1716071556219	152fedec44c34c0f80f9471046167856	0	f
TOP - Swap Memory GB	0.020300000000000002	1716071557222	152fedec44c34c0f80f9471046167856	0	f
TOP - Swap Memory GB	0.020300000000000002	1716071558222	152fedec44c34c0f80f9471046167856	0	f
TOP - Swap Memory GB	0.020300000000000002	1716071559225	152fedec44c34c0f80f9471046167856	0	f
TOP - Swap Memory GB	0.020300000000000002	1716071560229	152fedec44c34c0f80f9471046167856	0	f
TOP - Swap Memory GB	0.020300000000000002	1716071561226	152fedec44c34c0f80f9471046167856	0	f
TOP - Swap Memory GB	0.020300000000000002	1716071562230	152fedec44c34c0f80f9471046167856	0	f
TOP - Swap Memory GB	0.020300000000000002	1716071563227	152fedec44c34c0f80f9471046167856	0	f
TOP - Swap Memory GB	0.020300000000000002	1716071564239	152fedec44c34c0f80f9471046167856	0	f
TOP - Swap Memory GB	0.020300000000000002	1716071565238	152fedec44c34c0f80f9471046167856	0	f
TOP - Swap Memory GB	0.020300000000000002	1716071566242	152fedec44c34c0f80f9471046167856	0	f
TOP - Swap Memory GB	0.020300000000000002	1716071567245	152fedec44c34c0f80f9471046167856	0	f
TOP - Swap Memory GB	0.020300000000000002	1716071568241	152fedec44c34c0f80f9471046167856	0	f
TOP - Swap Memory GB	0.020300000000000002	1716071569247	152fedec44c34c0f80f9471046167856	0	f
TOP - Memory Utilization	7.199999999999999	1716071334651	152fedec44c34c0f80f9471046167856	0	f
TOP - Memory Usage GB	1.8760999999999999	1716071334651	152fedec44c34c0f80f9471046167856	0	f
TOP - CPU Utilization	106	1716071335653	152fedec44c34c0f80f9471046167856	0	f
TOP - Memory Utilization	7.199999999999999	1716071335653	152fedec44c34c0f80f9471046167856	0	f
TOP - Memory Usage GB	1.8785999999999998	1716071335653	152fedec44c34c0f80f9471046167856	0	f
TOP - CPU Utilization	102	1716071336655	152fedec44c34c0f80f9471046167856	0	f
TOP - Memory Utilization	5.6	1716071336655	152fedec44c34c0f80f9471046167856	0	f
TOP - Memory Usage GB	1.8785999999999998	1716071336655	152fedec44c34c0f80f9471046167856	0	f
TOP - CPU Utilization	103	1716071337657	152fedec44c34c0f80f9471046167856	0	f
TOP - Memory Utilization	7.199999999999999	1716071337657	152fedec44c34c0f80f9471046167856	0	f
TOP - Memory Usage GB	1.8785999999999998	1716071337657	152fedec44c34c0f80f9471046167856	0	f
TOP - CPU Utilization	102	1716071338659	152fedec44c34c0f80f9471046167856	0	f
TOP - Memory Utilization	7.199999999999999	1716071338659	152fedec44c34c0f80f9471046167856	0	f
TOP - Memory Usage GB	1.8782	1716071338659	152fedec44c34c0f80f9471046167856	0	f
TOP - CPU Utilization	103	1716071339661	152fedec44c34c0f80f9471046167856	0	f
TOP - Memory Utilization	5.6	1716071339661	152fedec44c34c0f80f9471046167856	0	f
TOP - Memory Usage GB	1.8782	1716071339661	152fedec44c34c0f80f9471046167856	0	f
TOP - CPU Utilization	111	1716071340664	152fedec44c34c0f80f9471046167856	0	f
TOP - Memory Utilization	7.199999999999999	1716071340664	152fedec44c34c0f80f9471046167856	0	f
TOP - Memory Usage GB	1.8782	1716071340664	152fedec44c34c0f80f9471046167856	0	f
TOP - CPU Utilization	103	1716071341666	152fedec44c34c0f80f9471046167856	0	f
TOP - Memory Utilization	7.199999999999999	1716071341666	152fedec44c34c0f80f9471046167856	0	f
TOP - Memory Usage GB	1.8757000000000001	1716071341666	152fedec44c34c0f80f9471046167856	0	f
TOP - CPU Utilization	102	1716071342669	152fedec44c34c0f80f9471046167856	0	f
TOP - Memory Utilization	7.199999999999999	1716071342669	152fedec44c34c0f80f9471046167856	0	f
TOP - Memory Usage GB	1.8757000000000001	1716071342669	152fedec44c34c0f80f9471046167856	0	f
TOP - CPU Utilization	104	1716071343673	152fedec44c34c0f80f9471046167856	0	f
TOP - Memory Utilization	5.6	1716071343673	152fedec44c34c0f80f9471046167856	0	f
TOP - Memory Usage GB	1.8757000000000001	1716071343673	152fedec44c34c0f80f9471046167856	0	f
TOP - CPU Utilization	103	1716071344675	152fedec44c34c0f80f9471046167856	0	f
TOP - Memory Utilization	7.199999999999999	1716071344675	152fedec44c34c0f80f9471046167856	0	f
TOP - Memory Usage GB	1.8796	1716071344675	152fedec44c34c0f80f9471046167856	0	f
TOP - CPU Utilization	103	1716071345677	152fedec44c34c0f80f9471046167856	0	f
TOP - Memory Utilization	7.199999999999999	1716071345677	152fedec44c34c0f80f9471046167856	0	f
TOP - Memory Usage GB	1.8796	1716071345677	152fedec44c34c0f80f9471046167856	0	f
TOP - CPU Utilization	102	1716071346680	152fedec44c34c0f80f9471046167856	0	f
TOP - Memory Utilization	7.199999999999999	1716071346680	152fedec44c34c0f80f9471046167856	0	f
TOP - Memory Usage GB	1.8796	1716071346680	152fedec44c34c0f80f9471046167856	0	f
TOP - CPU Utilization	104	1716071347682	152fedec44c34c0f80f9471046167856	0	f
TOP - Memory Utilization	7.199999999999999	1716071347682	152fedec44c34c0f80f9471046167856	0	f
TOP - Memory Usage GB	1.88	1716071347682	152fedec44c34c0f80f9471046167856	0	f
TOP - CPU Utilization	102	1716071348684	152fedec44c34c0f80f9471046167856	0	f
TOP - Memory Utilization	5.6	1716071348684	152fedec44c34c0f80f9471046167856	0	f
TOP - Memory Usage GB	1.88	1716071348684	152fedec44c34c0f80f9471046167856	0	f
TOP - CPU Utilization	104	1716071349687	152fedec44c34c0f80f9471046167856	0	f
TOP - Memory Utilization	7.199999999999999	1716071349687	152fedec44c34c0f80f9471046167856	0	f
TOP - Memory Usage GB	1.88	1716071349687	152fedec44c34c0f80f9471046167856	0	f
TOP - CPU Utilization	102	1716071350691	152fedec44c34c0f80f9471046167856	0	f
TOP - Memory Utilization	7.199999999999999	1716071350691	152fedec44c34c0f80f9471046167856	0	f
TOP - Memory Usage GB	1.8817000000000002	1716071350691	152fedec44c34c0f80f9471046167856	0	f
TOP - CPU Utilization	103	1716071351694	152fedec44c34c0f80f9471046167856	0	f
TOP - Memory Utilization	5.6	1716071351694	152fedec44c34c0f80f9471046167856	0	f
TOP - Memory Usage GB	1.8817000000000002	1716071351694	152fedec44c34c0f80f9471046167856	0	f
TOP - CPU Utilization	103	1716071352696	152fedec44c34c0f80f9471046167856	0	f
TOP - Memory Utilization	7.5	1716071352696	152fedec44c34c0f80f9471046167856	0	f
TOP - Memory Usage GB	1.8817000000000002	1716071352696	152fedec44c34c0f80f9471046167856	0	f
TOP - CPU Utilization	103	1716071353698	152fedec44c34c0f80f9471046167856	0	f
TOP - Memory Utilization	7.199999999999999	1716071353698	152fedec44c34c0f80f9471046167856	0	f
TOP - Memory Usage GB	1.8805999999999998	1716071353698	152fedec44c34c0f80f9471046167856	0	f
TOP - CPU Utilization	102	1716071354700	152fedec44c34c0f80f9471046167856	0	f
TOP - Memory Utilization	5.6	1716071354700	152fedec44c34c0f80f9471046167856	0	f
TOP - Memory Usage GB	1.8805999999999998	1716071354700	152fedec44c34c0f80f9471046167856	0	f
TOP - CPU Utilization	104	1716071355702	152fedec44c34c0f80f9471046167856	0	f
TOP - Memory Utilization	7.199999999999999	1716071355702	152fedec44c34c0f80f9471046167856	0	f
TOP - Memory Usage GB	1.8805999999999998	1716071355702	152fedec44c34c0f80f9471046167856	0	f
TOP - CPU Utilization	104	1716071356704	152fedec44c34c0f80f9471046167856	0	f
TOP - Memory Utilization	7.300000000000001	1716071356704	152fedec44c34c0f80f9471046167856	0	f
TOP - Memory Usage GB	1.88	1716071356704	152fedec44c34c0f80f9471046167856	0	f
TOP - CPU Utilization	101	1716071357707	152fedec44c34c0f80f9471046167856	0	f
TOP - Memory Utilization	5.7	1716071357707	152fedec44c34c0f80f9471046167856	0	f
TOP - Memory Usage GB	1.88	1716071357707	152fedec44c34c0f80f9471046167856	0	f
TOP - CPU Utilization	102	1716071358709	152fedec44c34c0f80f9471046167856	0	f
TOP - Memory Utilization	5.7	1716071358709	152fedec44c34c0f80f9471046167856	0	f
TOP - Memory Usage GB	1.88	1716071358709	152fedec44c34c0f80f9471046167856	0	f
TOP - CPU Utilization	104	1716071359711	152fedec44c34c0f80f9471046167856	0	f
TOP - Memory Utilization	7.300000000000001	1716071359711	152fedec44c34c0f80f9471046167856	0	f
TOP - Memory Usage GB	1.881	1716071359711	152fedec44c34c0f80f9471046167856	0	f
TOP - CPU Utilization	103	1716071360713	152fedec44c34c0f80f9471046167856	0	f
TOP - Memory Utilization	7.300000000000001	1716071360713	152fedec44c34c0f80f9471046167856	0	f
TOP - Memory Usage GB	1.881	1716071360713	152fedec44c34c0f80f9471046167856	0	f
TOP - CPU Utilization	103	1716071361715	152fedec44c34c0f80f9471046167856	0	f
TOP - Memory Utilization	7.300000000000001	1716071361715	152fedec44c34c0f80f9471046167856	0	f
TOP - Memory Usage GB	1.881	1716071361715	152fedec44c34c0f80f9471046167856	0	f
TOP - CPU Utilization	102	1716071362718	152fedec44c34c0f80f9471046167856	0	f
TOP - Memory Utilization	5.7	1716071362718	152fedec44c34c0f80f9471046167856	0	f
TOP - Memory Usage GB	1.8814000000000002	1716071362718	152fedec44c34c0f80f9471046167856	0	f
TOP - CPU Utilization	102	1716071363719	152fedec44c34c0f80f9471046167856	0	f
TOP - Memory Utilization	7.300000000000001	1716071363719	152fedec44c34c0f80f9471046167856	0	f
TOP - Memory Usage GB	1.8814000000000002	1716071363719	152fedec44c34c0f80f9471046167856	0	f
TOP - CPU Utilization	104	1716071364721	152fedec44c34c0f80f9471046167856	0	f
TOP - Memory Utilization	7.300000000000001	1716071364721	152fedec44c34c0f80f9471046167856	0	f
TOP - Memory Usage GB	1.8814000000000002	1716071364721	152fedec44c34c0f80f9471046167856	0	f
TOP - Swap Memory GB	0.020300000000000002	1716071364753	152fedec44c34c0f80f9471046167856	0	f
TOP - CPU Utilization	104	1716071365724	152fedec44c34c0f80f9471046167856	0	f
TOP - Memory Utilization	7.300000000000001	1716071365724	152fedec44c34c0f80f9471046167856	0	f
TOP - Memory Usage GB	1.8788	1716071365724	152fedec44c34c0f80f9471046167856	0	f
TOP - Swap Memory GB	0.020300000000000002	1716071365757	152fedec44c34c0f80f9471046167856	0	f
TOP - CPU Utilization	102	1716071366728	152fedec44c34c0f80f9471046167856	0	f
TOP - Memory Utilization	5.7	1716071366728	152fedec44c34c0f80f9471046167856	0	f
TOP - Memory Usage GB	1.8788	1716071366728	152fedec44c34c0f80f9471046167856	0	f
TOP - Swap Memory GB	0.020300000000000002	1716071366760	152fedec44c34c0f80f9471046167856	0	f
TOP - CPU Utilization	104	1716071367731	152fedec44c34c0f80f9471046167856	0	f
TOP - Memory Utilization	7.300000000000001	1716071367731	152fedec44c34c0f80f9471046167856	0	f
TOP - Memory Usage GB	1.8788	1716071367731	152fedec44c34c0f80f9471046167856	0	f
TOP - Swap Memory GB	0.020300000000000002	1716071367757	152fedec44c34c0f80f9471046167856	0	f
TOP - CPU Utilization	103	1716071368733	152fedec44c34c0f80f9471046167856	0	f
TOP - Memory Utilization	7.300000000000001	1716071368733	152fedec44c34c0f80f9471046167856	0	f
TOP - Memory Usage GB	1.8800999999999999	1716071368733	152fedec44c34c0f80f9471046167856	0	f
TOP - Swap Memory GB	0.020300000000000002	1716071368752	152fedec44c34c0f80f9471046167856	0	f
TOP - CPU Utilization	102	1716071369735	152fedec44c34c0f80f9471046167856	0	f
TOP - Memory Utilization	5.7	1716071369735	152fedec44c34c0f80f9471046167856	0	f
TOP - Memory Usage GB	1.8800999999999999	1716071369735	152fedec44c34c0f80f9471046167856	0	f
TOP - Swap Memory GB	0.020300000000000002	1716071369763	152fedec44c34c0f80f9471046167856	0	f
TOP - CPU Utilization	103	1716071370738	152fedec44c34c0f80f9471046167856	0	f
TOP - Memory Utilization	7.300000000000001	1716071370738	152fedec44c34c0f80f9471046167856	0	f
TOP - Memory Usage GB	1.8800999999999999	1716071370738	152fedec44c34c0f80f9471046167856	0	f
TOP - Swap Memory GB	0.020300000000000002	1716071370762	152fedec44c34c0f80f9471046167856	0	f
TOP - CPU Utilization	102	1716071371740	152fedec44c34c0f80f9471046167856	0	f
TOP - Memory Utilization	7.300000000000001	1716071371740	152fedec44c34c0f80f9471046167856	0	f
TOP - Memory Usage GB	1.8805	1716071371740	152fedec44c34c0f80f9471046167856	0	f
TOP - Swap Memory GB	0.020300000000000002	1716071371766	152fedec44c34c0f80f9471046167856	0	f
TOP - CPU Utilization	104	1716071372742	152fedec44c34c0f80f9471046167856	0	f
TOP - Memory Utilization	7.300000000000001	1716071372742	152fedec44c34c0f80f9471046167856	0	f
TOP - Memory Usage GB	1.8805	1716071372742	152fedec44c34c0f80f9471046167856	0	f
TOP - Swap Memory GB	0.020300000000000002	1716071372770	152fedec44c34c0f80f9471046167856	0	f
TOP - CPU Utilization	103	1716071373744	152fedec44c34c0f80f9471046167856	0	f
TOP - Memory Utilization	7.300000000000001	1716071373744	152fedec44c34c0f80f9471046167856	0	f
TOP - Memory Usage GB	1.8805	1716071373744	152fedec44c34c0f80f9471046167856	0	f
TOP - Swap Memory GB	0.020300000000000002	1716071373772	152fedec44c34c0f80f9471046167856	0	f
TOP - Swap Memory GB	0.020300000000000002	1716071374773	152fedec44c34c0f80f9471046167856	0	f
TOP - Swap Memory GB	0.020300000000000002	1716071375777	152fedec44c34c0f80f9471046167856	0	f
TOP - Swap Memory GB	0.020300000000000002	1716071376776	152fedec44c34c0f80f9471046167856	0	f
TOP - Swap Memory GB	0.020300000000000002	1716071377781	152fedec44c34c0f80f9471046167856	0	f
TOP - Swap Memory GB	0.020300000000000002	1716071378784	152fedec44c34c0f80f9471046167856	0	f
TOP - Swap Memory GB	0.020300000000000002	1716071379787	152fedec44c34c0f80f9471046167856	0	f
TOP - Swap Memory GB	0.020300000000000002	1716071380789	152fedec44c34c0f80f9471046167856	0	f
TOP - Swap Memory GB	0.020300000000000002	1716071381791	152fedec44c34c0f80f9471046167856	0	f
TOP - Swap Memory GB	0.020300000000000002	1716071382785	152fedec44c34c0f80f9471046167856	0	f
TOP - Swap Memory GB	0.020300000000000002	1716071383795	152fedec44c34c0f80f9471046167856	0	f
TOP - Swap Memory GB	0.020300000000000002	1716071384796	152fedec44c34c0f80f9471046167856	0	f
TOP - Swap Memory GB	0.020300000000000002	1716071385800	152fedec44c34c0f80f9471046167856	0	f
TOP - Swap Memory GB	0.020300000000000002	1716071386806	152fedec44c34c0f80f9471046167856	0	f
TOP - Swap Memory GB	0.020300000000000002	1716071387800	152fedec44c34c0f80f9471046167856	0	f
TOP - Swap Memory GB	0.020300000000000002	1716071388806	152fedec44c34c0f80f9471046167856	0	f
TOP - Swap Memory GB	0.020300000000000002	1716071389811	152fedec44c34c0f80f9471046167856	0	f
TOP - Swap Memory GB	0.020300000000000002	1716071390811	152fedec44c34c0f80f9471046167856	0	f
TOP - Swap Memory GB	0.020300000000000002	1716071391814	152fedec44c34c0f80f9471046167856	0	f
TOP - Swap Memory GB	0.020300000000000002	1716071392818	152fedec44c34c0f80f9471046167856	0	f
TOP - Swap Memory GB	0.020300000000000002	1716071393821	152fedec44c34c0f80f9471046167856	0	f
TOP - Swap Memory GB	0.020300000000000002	1716071394824	152fedec44c34c0f80f9471046167856	0	f
TOP - Swap Memory GB	0.020300000000000002	1716071395824	152fedec44c34c0f80f9471046167856	0	f
TOP - Swap Memory GB	0.020300000000000002	1716071396826	152fedec44c34c0f80f9471046167856	0	f
TOP - Swap Memory GB	0.020300000000000002	1716071397818	152fedec44c34c0f80f9471046167856	0	f
TOP - Swap Memory GB	0.020300000000000002	1716071398832	152fedec44c34c0f80f9471046167856	0	f
TOP - Swap Memory GB	0.020300000000000002	1716071399834	152fedec44c34c0f80f9471046167856	0	f
TOP - Swap Memory GB	0.020300000000000002	1716071400837	152fedec44c34c0f80f9471046167856	0	f
TOP - Swap Memory GB	0.020300000000000002	1716071401837	152fedec44c34c0f80f9471046167856	0	f
TOP - Swap Memory GB	0.020300000000000002	1716071402836	152fedec44c34c0f80f9471046167856	0	f
TOP - Swap Memory GB	0.020300000000000002	1716071403845	152fedec44c34c0f80f9471046167856	0	f
TOP - Swap Memory GB	0.020300000000000002	1716071404845	152fedec44c34c0f80f9471046167856	0	f
TOP - Swap Memory GB	0.020300000000000002	1716071405852	152fedec44c34c0f80f9471046167856	0	f
TOP - Swap Memory GB	0.020300000000000002	1716071406853	152fedec44c34c0f80f9471046167856	0	f
TOP - Swap Memory GB	0.020300000000000002	1716071407845	152fedec44c34c0f80f9471046167856	0	f
TOP - Swap Memory GB	0.020300000000000002	1716071408858	152fedec44c34c0f80f9471046167856	0	f
TOP - Swap Memory GB	0.020300000000000002	1716071409858	152fedec44c34c0f80f9471046167856	0	f
TOP - Swap Memory GB	0.020300000000000002	1716071410860	152fedec44c34c0f80f9471046167856	0	f
TOP - Swap Memory GB	0.020300000000000002	1716071411862	152fedec44c34c0f80f9471046167856	0	f
TOP - Swap Memory GB	0.020300000000000002	1716071412867	152fedec44c34c0f80f9471046167856	0	f
TOP - Swap Memory GB	0.020300000000000002	1716071413860	152fedec44c34c0f80f9471046167856	0	f
TOP - Swap Memory GB	0.020300000000000002	1716071414869	152fedec44c34c0f80f9471046167856	0	f
TOP - Swap Memory GB	0.020300000000000002	1716071415873	152fedec44c34c0f80f9471046167856	0	f
TOP - Swap Memory GB	0.020300000000000002	1716071416879	152fedec44c34c0f80f9471046167856	0	f
TOP - Swap Memory GB	0.020300000000000002	1716071417879	152fedec44c34c0f80f9471046167856	0	f
TOP - Swap Memory GB	0.020300000000000002	1716071418873	152fedec44c34c0f80f9471046167856	0	f
TOP - Swap Memory GB	0.020300000000000002	1716071419885	152fedec44c34c0f80f9471046167856	0	f
TOP - Swap Memory GB	0.020300000000000002	1716071420887	152fedec44c34c0f80f9471046167856	0	f
TOP - Swap Memory GB	0.020300000000000002	1716071421888	152fedec44c34c0f80f9471046167856	0	f
TOP - Swap Memory GB	0.020300000000000002	1716071422891	152fedec44c34c0f80f9471046167856	0	f
TOP - Memory Utilization	7.4	1716071561204	152fedec44c34c0f80f9471046167856	0	f
TOP - Memory Usage GB	1.8851	1716071561204	152fedec44c34c0f80f9471046167856	0	f
TOP - CPU Utilization	103	1716071562206	152fedec44c34c0f80f9471046167856	0	f
TOP - Memory Utilization	7.4	1716071562206	152fedec44c34c0f80f9471046167856	0	f
TOP - Memory Usage GB	1.8851	1716071562206	152fedec44c34c0f80f9471046167856	0	f
TOP - CPU Utilization	100	1716071563209	152fedec44c34c0f80f9471046167856	0	f
TOP - Memory Utilization	5.7	1716071563209	152fedec44c34c0f80f9471046167856	0	f
TOP - Memory Usage GB	1.8851	1716071563209	152fedec44c34c0f80f9471046167856	0	f
TOP - CPU Utilization	104	1716071564211	152fedec44c34c0f80f9471046167856	0	f
TOP - Memory Utilization	7.4	1716071564211	152fedec44c34c0f80f9471046167856	0	f
TOP - Memory Usage GB	1.8874000000000002	1716071564211	152fedec44c34c0f80f9471046167856	0	f
TOP - CPU Utilization	103	1716071565213	152fedec44c34c0f80f9471046167856	0	f
TOP - Memory Utilization	7.4	1716071565213	152fedec44c34c0f80f9471046167856	0	f
TOP - Memory Usage GB	1.8874000000000002	1716071565213	152fedec44c34c0f80f9471046167856	0	f
TOP - CPU Utilization	102	1716071566215	152fedec44c34c0f80f9471046167856	0	f
TOP - CPU Utilization	102	1716071374747	152fedec44c34c0f80f9471046167856	0	f
TOP - Memory Utilization	5.7	1716071374747	152fedec44c34c0f80f9471046167856	0	f
TOP - Memory Usage GB	1.8789	1716071374747	152fedec44c34c0f80f9471046167856	0	f
TOP - CPU Utilization	103	1716071375749	152fedec44c34c0f80f9471046167856	0	f
TOP - Memory Utilization	7.300000000000001	1716071375749	152fedec44c34c0f80f9471046167856	0	f
TOP - Memory Usage GB	1.8789	1716071375749	152fedec44c34c0f80f9471046167856	0	f
TOP - CPU Utilization	104	1716071376751	152fedec44c34c0f80f9471046167856	0	f
TOP - Memory Utilization	7.300000000000001	1716071376751	152fedec44c34c0f80f9471046167856	0	f
TOP - Memory Usage GB	1.8789	1716071376751	152fedec44c34c0f80f9471046167856	0	f
TOP - CPU Utilization	102	1716071377754	152fedec44c34c0f80f9471046167856	0	f
TOP - Memory Utilization	5.7	1716071377754	152fedec44c34c0f80f9471046167856	0	f
TOP - Memory Usage GB	1.8793	1716071377754	152fedec44c34c0f80f9471046167856	0	f
TOP - CPU Utilization	103	1716071378756	152fedec44c34c0f80f9471046167856	0	f
TOP - Memory Utilization	7.300000000000001	1716071378756	152fedec44c34c0f80f9471046167856	0	f
TOP - Memory Usage GB	1.8793	1716071378756	152fedec44c34c0f80f9471046167856	0	f
TOP - CPU Utilization	102	1716071379759	152fedec44c34c0f80f9471046167856	0	f
TOP - Memory Utilization	7.300000000000001	1716071379759	152fedec44c34c0f80f9471046167856	0	f
TOP - Memory Usage GB	1.8793	1716071379759	152fedec44c34c0f80f9471046167856	0	f
TOP - CPU Utilization	104	1716071380761	152fedec44c34c0f80f9471046167856	0	f
TOP - Memory Utilization	7.300000000000001	1716071380761	152fedec44c34c0f80f9471046167856	0	f
TOP - Memory Usage GB	1.8792	1716071380761	152fedec44c34c0f80f9471046167856	0	f
TOP - CPU Utilization	103	1716071381763	152fedec44c34c0f80f9471046167856	0	f
TOP - Memory Utilization	5.7	1716071381763	152fedec44c34c0f80f9471046167856	0	f
TOP - Memory Usage GB	1.8792	1716071381763	152fedec44c34c0f80f9471046167856	0	f
TOP - CPU Utilization	102	1716071382765	152fedec44c34c0f80f9471046167856	0	f
TOP - Memory Utilization	7.300000000000001	1716071382765	152fedec44c34c0f80f9471046167856	0	f
TOP - Memory Usage GB	1.8792	1716071382765	152fedec44c34c0f80f9471046167856	0	f
TOP - CPU Utilization	103	1716071383767	152fedec44c34c0f80f9471046167856	0	f
TOP - Memory Utilization	7.300000000000001	1716071383767	152fedec44c34c0f80f9471046167856	0	f
TOP - Memory Usage GB	1.8812	1716071383767	152fedec44c34c0f80f9471046167856	0	f
TOP - CPU Utilization	101	1716071384770	152fedec44c34c0f80f9471046167856	0	f
TOP - Memory Utilization	5.7	1716071384770	152fedec44c34c0f80f9471046167856	0	f
TOP - Memory Usage GB	1.8812	1716071384770	152fedec44c34c0f80f9471046167856	0	f
TOP - CPU Utilization	105	1716071385773	152fedec44c34c0f80f9471046167856	0	f
TOP - Memory Utilization	7.300000000000001	1716071385773	152fedec44c34c0f80f9471046167856	0	f
TOP - Memory Usage GB	1.8812	1716071385773	152fedec44c34c0f80f9471046167856	0	f
TOP - CPU Utilization	103	1716071386775	152fedec44c34c0f80f9471046167856	0	f
TOP - Memory Utilization	7.300000000000001	1716071386775	152fedec44c34c0f80f9471046167856	0	f
TOP - Memory Usage GB	1.8814000000000002	1716071386775	152fedec44c34c0f80f9471046167856	0	f
TOP - CPU Utilization	103	1716071387777	152fedec44c34c0f80f9471046167856	0	f
TOP - Memory Utilization	7.300000000000001	1716071387777	152fedec44c34c0f80f9471046167856	0	f
TOP - Memory Usage GB	1.8814000000000002	1716071387777	152fedec44c34c0f80f9471046167856	0	f
TOP - CPU Utilization	102	1716071388779	152fedec44c34c0f80f9471046167856	0	f
TOP - Memory Utilization	7.300000000000001	1716071388779	152fedec44c34c0f80f9471046167856	0	f
TOP - Memory Usage GB	1.8814000000000002	1716071388779	152fedec44c34c0f80f9471046167856	0	f
TOP - CPU Utilization	105	1716071389782	152fedec44c34c0f80f9471046167856	0	f
TOP - Memory Utilization	7.300000000000001	1716071389782	152fedec44c34c0f80f9471046167856	0	f
TOP - Memory Usage GB	1.8793	1716071389782	152fedec44c34c0f80f9471046167856	0	f
TOP - CPU Utilization	102	1716071390785	152fedec44c34c0f80f9471046167856	0	f
TOP - Memory Utilization	5.7	1716071390785	152fedec44c34c0f80f9471046167856	0	f
TOP - Memory Usage GB	1.8793	1716071390785	152fedec44c34c0f80f9471046167856	0	f
TOP - CPU Utilization	103	1716071391788	152fedec44c34c0f80f9471046167856	0	f
TOP - Memory Utilization	7.300000000000001	1716071391788	152fedec44c34c0f80f9471046167856	0	f
TOP - Memory Usage GB	1.8793	1716071391788	152fedec44c34c0f80f9471046167856	0	f
TOP - CPU Utilization	102	1716071392791	152fedec44c34c0f80f9471046167856	0	f
TOP - Memory Utilization	7.300000000000001	1716071392791	152fedec44c34c0f80f9471046167856	0	f
TOP - Memory Usage GB	1.881	1716071392791	152fedec44c34c0f80f9471046167856	0	f
TOP - CPU Utilization	105	1716071393793	152fedec44c34c0f80f9471046167856	0	f
TOP - Memory Utilization	7.300000000000001	1716071393793	152fedec44c34c0f80f9471046167856	0	f
TOP - Memory Usage GB	1.881	1716071393793	152fedec44c34c0f80f9471046167856	0	f
TOP - CPU Utilization	102	1716071394795	152fedec44c34c0f80f9471046167856	0	f
TOP - Memory Utilization	5.7	1716071394795	152fedec44c34c0f80f9471046167856	0	f
TOP - Memory Usage GB	1.881	1716071394795	152fedec44c34c0f80f9471046167856	0	f
TOP - CPU Utilization	103	1716071395797	152fedec44c34c0f80f9471046167856	0	f
TOP - Memory Utilization	7.300000000000001	1716071395797	152fedec44c34c0f80f9471046167856	0	f
TOP - Memory Usage GB	1.8817000000000002	1716071395797	152fedec44c34c0f80f9471046167856	0	f
TOP - CPU Utilization	102	1716071396799	152fedec44c34c0f80f9471046167856	0	f
TOP - Memory Utilization	7.300000000000001	1716071396799	152fedec44c34c0f80f9471046167856	0	f
TOP - Memory Usage GB	1.8817000000000002	1716071396799	152fedec44c34c0f80f9471046167856	0	f
TOP - CPU Utilization	105	1716071397801	152fedec44c34c0f80f9471046167856	0	f
TOP - Memory Utilization	7.300000000000001	1716071397801	152fedec44c34c0f80f9471046167856	0	f
TOP - Memory Usage GB	1.8817000000000002	1716071397801	152fedec44c34c0f80f9471046167856	0	f
TOP - CPU Utilization	102	1716071398803	152fedec44c34c0f80f9471046167856	0	f
TOP - Memory Utilization	5.7	1716071398803	152fedec44c34c0f80f9471046167856	0	f
TOP - Memory Usage GB	1.8813	1716071398803	152fedec44c34c0f80f9471046167856	0	f
TOP - CPU Utilization	102	1716071399805	152fedec44c34c0f80f9471046167856	0	f
TOP - Memory Utilization	7.300000000000001	1716071399805	152fedec44c34c0f80f9471046167856	0	f
TOP - Memory Usage GB	1.8813	1716071399805	152fedec44c34c0f80f9471046167856	0	f
TOP - CPU Utilization	104	1716071400809	152fedec44c34c0f80f9471046167856	0	f
TOP - Memory Utilization	7.300000000000001	1716071400809	152fedec44c34c0f80f9471046167856	0	f
TOP - Memory Usage GB	1.8813	1716071400809	152fedec44c34c0f80f9471046167856	0	f
TOP - CPU Utilization	103	1716071401811	152fedec44c34c0f80f9471046167856	0	f
TOP - Memory Utilization	7.300000000000001	1716071401811	152fedec44c34c0f80f9471046167856	0	f
TOP - Memory Usage GB	1.8762999999999999	1716071401811	152fedec44c34c0f80f9471046167856	0	f
TOP - CPU Utilization	103	1716071402815	152fedec44c34c0f80f9471046167856	0	f
TOP - Memory Utilization	5.7	1716071402815	152fedec44c34c0f80f9471046167856	0	f
TOP - Memory Usage GB	1.8762999999999999	1716071402815	152fedec44c34c0f80f9471046167856	0	f
TOP - CPU Utilization	102	1716071403818	152fedec44c34c0f80f9471046167856	0	f
TOP - Memory Utilization	7.300000000000001	1716071403818	152fedec44c34c0f80f9471046167856	0	f
TOP - Memory Usage GB	1.8762999999999999	1716071403818	152fedec44c34c0f80f9471046167856	0	f
TOP - CPU Utilization	102	1716071404820	152fedec44c34c0f80f9471046167856	0	f
TOP - Memory Utilization	5.7	1716071404820	152fedec44c34c0f80f9471046167856	0	f
TOP - Memory Usage GB	1.88	1716071404820	152fedec44c34c0f80f9471046167856	0	f
TOP - CPU Utilization	105	1716071405822	152fedec44c34c0f80f9471046167856	0	f
TOP - Memory Utilization	7.300000000000001	1716071405822	152fedec44c34c0f80f9471046167856	0	f
TOP - Memory Usage GB	1.88	1716071405822	152fedec44c34c0f80f9471046167856	0	f
TOP - CPU Utilization	102	1716071406824	152fedec44c34c0f80f9471046167856	0	f
TOP - Memory Utilization	7.300000000000001	1716071406824	152fedec44c34c0f80f9471046167856	0	f
TOP - Memory Usage GB	1.88	1716071406824	152fedec44c34c0f80f9471046167856	0	f
TOP - CPU Utilization	103	1716071407827	152fedec44c34c0f80f9471046167856	0	f
TOP - Memory Utilization	5.7	1716071407827	152fedec44c34c0f80f9471046167856	0	f
TOP - Memory Usage GB	1.8816	1716071407827	152fedec44c34c0f80f9471046167856	0	f
TOP - CPU Utilization	102	1716071408829	152fedec44c34c0f80f9471046167856	0	f
TOP - Memory Utilization	7.300000000000001	1716071408829	152fedec44c34c0f80f9471046167856	0	f
TOP - Memory Usage GB	1.8816	1716071408829	152fedec44c34c0f80f9471046167856	0	f
TOP - CPU Utilization	104	1716071409831	152fedec44c34c0f80f9471046167856	0	f
TOP - Memory Utilization	7.300000000000001	1716071409831	152fedec44c34c0f80f9471046167856	0	f
TOP - Memory Usage GB	1.8816	1716071409831	152fedec44c34c0f80f9471046167856	0	f
TOP - CPU Utilization	103	1716071410834	152fedec44c34c0f80f9471046167856	0	f
TOP - Memory Utilization	7.300000000000001	1716071410834	152fedec44c34c0f80f9471046167856	0	f
TOP - Memory Usage GB	1.8815	1716071410834	152fedec44c34c0f80f9471046167856	0	f
TOP - CPU Utilization	103	1716071411836	152fedec44c34c0f80f9471046167856	0	f
TOP - Memory Utilization	5.7	1716071411836	152fedec44c34c0f80f9471046167856	0	f
TOP - Memory Usage GB	1.8815	1716071411836	152fedec44c34c0f80f9471046167856	0	f
TOP - CPU Utilization	102	1716071412839	152fedec44c34c0f80f9471046167856	0	f
TOP - Memory Utilization	7.300000000000001	1716071412839	152fedec44c34c0f80f9471046167856	0	f
TOP - Memory Usage GB	1.8815	1716071412839	152fedec44c34c0f80f9471046167856	0	f
TOP - CPU Utilization	103	1716071413841	152fedec44c34c0f80f9471046167856	0	f
TOP - Memory Utilization	7.300000000000001	1716071413841	152fedec44c34c0f80f9471046167856	0	f
TOP - Memory Usage GB	1.8818	1716071413841	152fedec44c34c0f80f9471046167856	0	f
TOP - CPU Utilization	103	1716071414843	152fedec44c34c0f80f9471046167856	0	f
TOP - Memory Utilization	7.300000000000001	1716071414843	152fedec44c34c0f80f9471046167856	0	f
TOP - Memory Usage GB	1.8818	1716071414843	152fedec44c34c0f80f9471046167856	0	f
TOP - CPU Utilization	103	1716071415846	152fedec44c34c0f80f9471046167856	0	f
TOP - Memory Utilization	7.300000000000001	1716071415846	152fedec44c34c0f80f9471046167856	0	f
TOP - Memory Usage GB	1.8818	1716071415846	152fedec44c34c0f80f9471046167856	0	f
TOP - CPU Utilization	103	1716071416849	152fedec44c34c0f80f9471046167856	0	f
TOP - Memory Utilization	5.7	1716071416849	152fedec44c34c0f80f9471046167856	0	f
TOP - Memory Usage GB	1.8839000000000001	1716071416849	152fedec44c34c0f80f9471046167856	0	f
TOP - CPU Utilization	103	1716071417851	152fedec44c34c0f80f9471046167856	0	f
TOP - Memory Utilization	7.300000000000001	1716071417851	152fedec44c34c0f80f9471046167856	0	f
TOP - Memory Usage GB	1.8839000000000001	1716071417851	152fedec44c34c0f80f9471046167856	0	f
TOP - CPU Utilization	103	1716071418854	152fedec44c34c0f80f9471046167856	0	f
TOP - Memory Utilization	7.300000000000001	1716071418854	152fedec44c34c0f80f9471046167856	0	f
TOP - Memory Usage GB	1.8839000000000001	1716071418854	152fedec44c34c0f80f9471046167856	0	f
TOP - CPU Utilization	103	1716071419858	152fedec44c34c0f80f9471046167856	0	f
TOP - Memory Utilization	7.300000000000001	1716071419858	152fedec44c34c0f80f9471046167856	0	f
TOP - Memory Usage GB	1.8847	1716071419858	152fedec44c34c0f80f9471046167856	0	f
TOP - CPU Utilization	102	1716071420861	152fedec44c34c0f80f9471046167856	0	f
TOP - Memory Utilization	5.7	1716071420861	152fedec44c34c0f80f9471046167856	0	f
TOP - Memory Usage GB	1.8847	1716071420861	152fedec44c34c0f80f9471046167856	0	f
TOP - CPU Utilization	104	1716071421863	152fedec44c34c0f80f9471046167856	0	f
TOP - Memory Utilization	7.300000000000001	1716071421863	152fedec44c34c0f80f9471046167856	0	f
TOP - Memory Usage GB	1.8847	1716071421863	152fedec44c34c0f80f9471046167856	0	f
TOP - CPU Utilization	103	1716071422865	152fedec44c34c0f80f9471046167856	0	f
TOP - Memory Utilization	7.300000000000001	1716071422865	152fedec44c34c0f80f9471046167856	0	f
TOP - Memory Usage GB	1.8845	1716071422865	152fedec44c34c0f80f9471046167856	0	f
TOP - CPU Utilization	102	1716071423868	152fedec44c34c0f80f9471046167856	0	f
TOP - Memory Utilization	5.7	1716071423868	152fedec44c34c0f80f9471046167856	0	f
TOP - Memory Usage GB	1.8845	1716071423868	152fedec44c34c0f80f9471046167856	0	f
TOP - Swap Memory GB	0.020300000000000002	1716071423886	152fedec44c34c0f80f9471046167856	0	f
TOP - CPU Utilization	102	1716071424870	152fedec44c34c0f80f9471046167856	0	f
TOP - Memory Utilization	7.300000000000001	1716071424870	152fedec44c34c0f80f9471046167856	0	f
TOP - Memory Usage GB	1.8845	1716071424870	152fedec44c34c0f80f9471046167856	0	f
TOP - Swap Memory GB	0.020300000000000002	1716071424897	152fedec44c34c0f80f9471046167856	0	f
TOP - CPU Utilization	104	1716071425873	152fedec44c34c0f80f9471046167856	0	f
TOP - Memory Utilization	5.7	1716071425873	152fedec44c34c0f80f9471046167856	0	f
TOP - Memory Usage GB	1.8834000000000002	1716071425873	152fedec44c34c0f80f9471046167856	0	f
TOP - Swap Memory GB	0.020300000000000002	1716071425899	152fedec44c34c0f80f9471046167856	0	f
TOP - CPU Utilization	103	1716071426875	152fedec44c34c0f80f9471046167856	0	f
TOP - Memory Utilization	7.300000000000001	1716071426875	152fedec44c34c0f80f9471046167856	0	f
TOP - Memory Usage GB	1.8834000000000002	1716071426875	152fedec44c34c0f80f9471046167856	0	f
TOP - Swap Memory GB	0.020300000000000002	1716071426903	152fedec44c34c0f80f9471046167856	0	f
TOP - CPU Utilization	102	1716071427877	152fedec44c34c0f80f9471046167856	0	f
TOP - Memory Utilization	7.300000000000001	1716071427877	152fedec44c34c0f80f9471046167856	0	f
TOP - Memory Usage GB	1.8834000000000002	1716071427877	152fedec44c34c0f80f9471046167856	0	f
TOP - Swap Memory GB	0.020300000000000002	1716071427903	152fedec44c34c0f80f9471046167856	0	f
TOP - CPU Utilization	103	1716071428880	152fedec44c34c0f80f9471046167856	0	f
TOP - Memory Utilization	7.300000000000001	1716071428880	152fedec44c34c0f80f9471046167856	0	f
TOP - Memory Usage GB	1.8847	1716071428880	152fedec44c34c0f80f9471046167856	0	f
TOP - Swap Memory GB	0.020300000000000002	1716071428896	152fedec44c34c0f80f9471046167856	0	f
TOP - CPU Utilization	103	1716071429882	152fedec44c34c0f80f9471046167856	0	f
TOP - Memory Utilization	5.7	1716071429882	152fedec44c34c0f80f9471046167856	0	f
TOP - Memory Usage GB	1.8847	1716071429882	152fedec44c34c0f80f9471046167856	0	f
TOP - Swap Memory GB	0.020300000000000002	1716071429912	152fedec44c34c0f80f9471046167856	0	f
TOP - CPU Utilization	103	1716071430885	152fedec44c34c0f80f9471046167856	0	f
TOP - Memory Utilization	7.300000000000001	1716071430885	152fedec44c34c0f80f9471046167856	0	f
TOP - Memory Usage GB	1.8847	1716071430885	152fedec44c34c0f80f9471046167856	0	f
TOP - Swap Memory GB	0.020300000000000002	1716071430910	152fedec44c34c0f80f9471046167856	0	f
TOP - CPU Utilization	103	1716071431887	152fedec44c34c0f80f9471046167856	0	f
TOP - Memory Utilization	7.300000000000001	1716071431887	152fedec44c34c0f80f9471046167856	0	f
TOP - Memory Usage GB	1.8833	1716071431887	152fedec44c34c0f80f9471046167856	0	f
TOP - Swap Memory GB	0.020300000000000002	1716071431905	152fedec44c34c0f80f9471046167856	0	f
TOP - CPU Utilization	101	1716071432889	152fedec44c34c0f80f9471046167856	0	f
TOP - Memory Utilization	5.7	1716071432889	152fedec44c34c0f80f9471046167856	0	f
TOP - Memory Usage GB	1.8833	1716071432889	152fedec44c34c0f80f9471046167856	0	f
TOP - Swap Memory GB	0.020300000000000002	1716071432917	152fedec44c34c0f80f9471046167856	0	f
TOP - CPU Utilization	104	1716071433891	152fedec44c34c0f80f9471046167856	0	f
TOP - Memory Utilization	7.300000000000001	1716071433891	152fedec44c34c0f80f9471046167856	0	f
TOP - Memory Usage GB	1.8833	1716071433891	152fedec44c34c0f80f9471046167856	0	f
TOP - Swap Memory GB	0.020300000000000002	1716071433909	152fedec44c34c0f80f9471046167856	0	f
TOP - CPU Utilization	103	1716071434895	152fedec44c34c0f80f9471046167856	0	f
TOP - Memory Utilization	7.300000000000001	1716071434895	152fedec44c34c0f80f9471046167856	0	f
TOP - Memory Usage GB	1.8832	1716071434895	152fedec44c34c0f80f9471046167856	0	f
TOP - CPU Utilization	102	1716071435897	152fedec44c34c0f80f9471046167856	0	f
TOP - Memory Utilization	5.7	1716071435897	152fedec44c34c0f80f9471046167856	0	f
TOP - Memory Usage GB	1.8832	1716071435897	152fedec44c34c0f80f9471046167856	0	f
TOP - CPU Utilization	102	1716071436899	152fedec44c34c0f80f9471046167856	0	f
TOP - Memory Utilization	7.300000000000001	1716071436899	152fedec44c34c0f80f9471046167856	0	f
TOP - Memory Usage GB	1.8832	1716071436899	152fedec44c34c0f80f9471046167856	0	f
TOP - CPU Utilization	104	1716071437901	152fedec44c34c0f80f9471046167856	0	f
TOP - Memory Utilization	7.300000000000001	1716071437901	152fedec44c34c0f80f9471046167856	0	f
TOP - Memory Usage GB	1.8798	1716071437901	152fedec44c34c0f80f9471046167856	0	f
TOP - CPU Utilization	101	1716071438904	152fedec44c34c0f80f9471046167856	0	f
TOP - Memory Utilization	5.7	1716071438904	152fedec44c34c0f80f9471046167856	0	f
TOP - Memory Usage GB	1.8798	1716071438904	152fedec44c34c0f80f9471046167856	0	f
TOP - CPU Utilization	103	1716071439906	152fedec44c34c0f80f9471046167856	0	f
TOP - Memory Utilization	7.300000000000001	1716071439906	152fedec44c34c0f80f9471046167856	0	f
TOP - Memory Usage GB	1.8798	1716071439906	152fedec44c34c0f80f9471046167856	0	f
TOP - CPU Utilization	103	1716071440909	152fedec44c34c0f80f9471046167856	0	f
TOP - Memory Utilization	7.300000000000001	1716071440909	152fedec44c34c0f80f9471046167856	0	f
TOP - Memory Usage GB	1.8813	1716071440909	152fedec44c34c0f80f9471046167856	0	f
TOP - CPU Utilization	103	1716071441911	152fedec44c34c0f80f9471046167856	0	f
TOP - Memory Utilization	5.7	1716071441911	152fedec44c34c0f80f9471046167856	0	f
TOP - Memory Usage GB	1.8813	1716071441911	152fedec44c34c0f80f9471046167856	0	f
TOP - CPU Utilization	104	1716071442913	152fedec44c34c0f80f9471046167856	0	f
TOP - Memory Utilization	7.6	1716071442913	152fedec44c34c0f80f9471046167856	0	f
TOP - Memory Usage GB	1.8813	1716071442913	152fedec44c34c0f80f9471046167856	0	f
TOP - CPU Utilization	102	1716071443916	152fedec44c34c0f80f9471046167856	0	f
TOP - Memory Utilization	7.300000000000001	1716071443916	152fedec44c34c0f80f9471046167856	0	f
TOP - Memory Usage GB	1.882	1716071443916	152fedec44c34c0f80f9471046167856	0	f
TOP - CPU Utilization	103	1716071444918	152fedec44c34c0f80f9471046167856	0	f
TOP - Memory Utilization	5.7	1716071444918	152fedec44c34c0f80f9471046167856	0	f
TOP - Memory Usage GB	1.882	1716071444918	152fedec44c34c0f80f9471046167856	0	f
TOP - CPU Utilization	102	1716071445920	152fedec44c34c0f80f9471046167856	0	f
TOP - Memory Utilization	7.300000000000001	1716071445920	152fedec44c34c0f80f9471046167856	0	f
TOP - Memory Usage GB	1.882	1716071445920	152fedec44c34c0f80f9471046167856	0	f
TOP - CPU Utilization	104	1716071446922	152fedec44c34c0f80f9471046167856	0	f
TOP - Memory Utilization	7.300000000000001	1716071446922	152fedec44c34c0f80f9471046167856	0	f
TOP - Memory Usage GB	1.8820999999999999	1716071446922	152fedec44c34c0f80f9471046167856	0	f
TOP - CPU Utilization	102	1716071447925	152fedec44c34c0f80f9471046167856	0	f
TOP - Memory Utilization	5.7	1716071447925	152fedec44c34c0f80f9471046167856	0	f
TOP - Memory Usage GB	1.8820999999999999	1716071447925	152fedec44c34c0f80f9471046167856	0	f
TOP - CPU Utilization	103	1716071448927	152fedec44c34c0f80f9471046167856	0	f
TOP - Memory Utilization	7.300000000000001	1716071448927	152fedec44c34c0f80f9471046167856	0	f
TOP - Memory Usage GB	1.8820999999999999	1716071448927	152fedec44c34c0f80f9471046167856	0	f
TOP - CPU Utilization	103	1716071449929	152fedec44c34c0f80f9471046167856	0	f
TOP - Memory Utilization	7.300000000000001	1716071449929	152fedec44c34c0f80f9471046167856	0	f
TOP - Memory Usage GB	1.8819000000000001	1716071449929	152fedec44c34c0f80f9471046167856	0	f
TOP - CPU Utilization	102	1716071450932	152fedec44c34c0f80f9471046167856	0	f
TOP - Memory Utilization	5.7	1716071450932	152fedec44c34c0f80f9471046167856	0	f
TOP - Memory Usage GB	1.8819000000000001	1716071450932	152fedec44c34c0f80f9471046167856	0	f
TOP - CPU Utilization	103	1716071451934	152fedec44c34c0f80f9471046167856	0	f
TOP - Memory Utilization	7.300000000000001	1716071451934	152fedec44c34c0f80f9471046167856	0	f
TOP - Memory Usage GB	1.8819000000000001	1716071451934	152fedec44c34c0f80f9471046167856	0	f
TOP - CPU Utilization	103	1716071452937	152fedec44c34c0f80f9471046167856	0	f
TOP - Memory Utilization	7.300000000000001	1716071452937	152fedec44c34c0f80f9471046167856	0	f
TOP - Memory Usage GB	1.884	1716071452937	152fedec44c34c0f80f9471046167856	0	f
TOP - CPU Utilization	102	1716071453939	152fedec44c34c0f80f9471046167856	0	f
TOP - Memory Utilization	5.7	1716071453939	152fedec44c34c0f80f9471046167856	0	f
TOP - Memory Usage GB	1.884	1716071453939	152fedec44c34c0f80f9471046167856	0	f
TOP - CPU Utilization	104	1716071454942	152fedec44c34c0f80f9471046167856	0	f
TOP - Memory Utilization	7.300000000000001	1716071454942	152fedec44c34c0f80f9471046167856	0	f
TOP - Memory Usage GB	1.884	1716071454942	152fedec44c34c0f80f9471046167856	0	f
TOP - CPU Utilization	103	1716071455944	152fedec44c34c0f80f9471046167856	0	f
TOP - Memory Utilization	7.300000000000001	1716071455944	152fedec44c34c0f80f9471046167856	0	f
TOP - Swap Memory GB	0.020300000000000002	1716071434921	152fedec44c34c0f80f9471046167856	0	f
TOP - Swap Memory GB	0.020300000000000002	1716071435921	152fedec44c34c0f80f9471046167856	0	f
TOP - Swap Memory GB	0.020300000000000002	1716071436926	152fedec44c34c0f80f9471046167856	0	f
TOP - Swap Memory GB	0.020300000000000002	1716071437919	152fedec44c34c0f80f9471046167856	0	f
TOP - Swap Memory GB	0.020300000000000002	1716071438931	152fedec44c34c0f80f9471046167856	0	f
TOP - Swap Memory GB	0.020300000000000002	1716071439933	152fedec44c34c0f80f9471046167856	0	f
TOP - Swap Memory GB	0.020300000000000002	1716071440935	152fedec44c34c0f80f9471046167856	0	f
TOP - Swap Memory GB	0.020300000000000002	1716071441926	152fedec44c34c0f80f9471046167856	0	f
TOP - Swap Memory GB	0.020300000000000002	1716071442932	152fedec44c34c0f80f9471046167856	0	f
TOP - Swap Memory GB	0.020300000000000002	1716071443941	152fedec44c34c0f80f9471046167856	0	f
TOP - Swap Memory GB	0.020300000000000002	1716071444944	152fedec44c34c0f80f9471046167856	0	f
TOP - Swap Memory GB	0.020300000000000002	1716071445943	152fedec44c34c0f80f9471046167856	0	f
TOP - Swap Memory GB	0.020300000000000002	1716071446949	152fedec44c34c0f80f9471046167856	0	f
TOP - Swap Memory GB	0.020300000000000002	1716071447947	152fedec44c34c0f80f9471046167856	0	f
TOP - Swap Memory GB	0.020300000000000002	1716071448952	152fedec44c34c0f80f9471046167856	0	f
TOP - Swap Memory GB	0.020300000000000002	1716071449950	152fedec44c34c0f80f9471046167856	0	f
TOP - Swap Memory GB	0.020300000000000002	1716071450949	152fedec44c34c0f80f9471046167856	0	f
TOP - Swap Memory GB	0.020300000000000002	1716071451962	152fedec44c34c0f80f9471046167856	0	f
TOP - Swap Memory GB	0.020300000000000002	1716071452964	152fedec44c34c0f80f9471046167856	0	f
TOP - Swap Memory GB	0.020300000000000002	1716071453968	152fedec44c34c0f80f9471046167856	0	f
TOP - Swap Memory GB	0.020300000000000002	1716071454969	152fedec44c34c0f80f9471046167856	0	f
TOP - Swap Memory GB	0.020300000000000002	1716071455969	152fedec44c34c0f80f9471046167856	0	f
TOP - Swap Memory GB	0.020300000000000002	1716071456974	152fedec44c34c0f80f9471046167856	0	f
TOP - Swap Memory GB	0.020300000000000002	1716071457967	152fedec44c34c0f80f9471046167856	0	f
TOP - Swap Memory GB	0.020300000000000002	1716071458978	152fedec44c34c0f80f9471046167856	0	f
TOP - Swap Memory GB	0.020300000000000002	1716071459980	152fedec44c34c0f80f9471046167856	0	f
TOP - Swap Memory GB	0.020300000000000002	1716071460981	152fedec44c34c0f80f9471046167856	0	f
TOP - Swap Memory GB	0.020300000000000002	1716071461986	152fedec44c34c0f80f9471046167856	0	f
TOP - Swap Memory GB	0.020300000000000002	1716071462978	152fedec44c34c0f80f9471046167856	0	f
TOP - Swap Memory GB	0.020300000000000002	1716071463991	152fedec44c34c0f80f9471046167856	0	f
TOP - Swap Memory GB	0.020300000000000002	1716071464991	152fedec44c34c0f80f9471046167856	0	f
TOP - Swap Memory GB	0.020300000000000002	1716071465993	152fedec44c34c0f80f9471046167856	0	f
TOP - Swap Memory GB	0.020300000000000002	1716071466997	152fedec44c34c0f80f9471046167856	0	f
TOP - Swap Memory GB	0.020300000000000002	1716071467996	152fedec44c34c0f80f9471046167856	0	f
TOP - Swap Memory GB	0.020300000000000002	1716071469005	152fedec44c34c0f80f9471046167856	0	f
TOP - Swap Memory GB	0.020300000000000002	1716071470004	152fedec44c34c0f80f9471046167856	0	f
TOP - Swap Memory GB	0.020300000000000002	1716071471007	152fedec44c34c0f80f9471046167856	0	f
TOP - Swap Memory GB	0.020300000000000002	1716071472007	152fedec44c34c0f80f9471046167856	0	f
TOP - Swap Memory GB	0.020300000000000002	1716071473013	152fedec44c34c0f80f9471046167856	0	f
TOP - Swap Memory GB	0.020300000000000002	1716071474008	152fedec44c34c0f80f9471046167856	0	f
TOP - Swap Memory GB	0.020300000000000002	1716071475017	152fedec44c34c0f80f9471046167856	0	f
TOP - Swap Memory GB	0.020300000000000002	1716071476021	152fedec44c34c0f80f9471046167856	0	f
TOP - Swap Memory GB	0.020300000000000002	1716071477021	152fedec44c34c0f80f9471046167856	0	f
TOP - Swap Memory GB	0.020300000000000002	1716071478024	152fedec44c34c0f80f9471046167856	0	f
TOP - Swap Memory GB	0.020300000000000002	1716071479023	152fedec44c34c0f80f9471046167856	0	f
TOP - Swap Memory GB	0.020300000000000002	1716071480033	152fedec44c34c0f80f9471046167856	0	f
TOP - Swap Memory GB	0.020300000000000002	1716071481028	152fedec44c34c0f80f9471046167856	0	f
TOP - Swap Memory GB	0.020300000000000002	1716071482036	152fedec44c34c0f80f9471046167856	0	f
TOP - Swap Memory GB	0.020300000000000002	1716071483037	152fedec44c34c0f80f9471046167856	0	f
TOP - Memory Utilization	5.7	1716071566215	152fedec44c34c0f80f9471046167856	0	f
TOP - Memory Usage GB	1.8874000000000002	1716071566215	152fedec44c34c0f80f9471046167856	0	f
TOP - CPU Utilization	103	1716071567218	152fedec44c34c0f80f9471046167856	0	f
TOP - Memory Utilization	7.4	1716071567218	152fedec44c34c0f80f9471046167856	0	f
TOP - Memory Usage GB	1.888	1716071567218	152fedec44c34c0f80f9471046167856	0	f
TOP - CPU Utilization	102	1716071568220	152fedec44c34c0f80f9471046167856	0	f
TOP - Memory Utilization	7.4	1716071568220	152fedec44c34c0f80f9471046167856	0	f
TOP - Memory Usage GB	1.888	1716071568220	152fedec44c34c0f80f9471046167856	0	f
TOP - CPU Utilization	104	1716071569222	152fedec44c34c0f80f9471046167856	0	f
TOP - Memory Utilization	7.4	1716071569222	152fedec44c34c0f80f9471046167856	0	f
TOP - Memory Usage GB	1.888	1716071569222	152fedec44c34c0f80f9471046167856	0	f
TOP - CPU Utilization	103	1716071570224	152fedec44c34c0f80f9471046167856	0	f
TOP - Memory Utilization	7.4	1716071570224	152fedec44c34c0f80f9471046167856	0	f
TOP - Memory Usage GB	1.8884	1716071570224	152fedec44c34c0f80f9471046167856	0	f
TOP - CPU Utilization	103	1716071571227	152fedec44c34c0f80f9471046167856	0	f
TOP - Memory Utilization	5.7	1716071571227	152fedec44c34c0f80f9471046167856	0	f
TOP - Memory Usage GB	1.8848	1716071455944	152fedec44c34c0f80f9471046167856	0	f
TOP - CPU Utilization	102	1716071456947	152fedec44c34c0f80f9471046167856	0	f
TOP - Memory Utilization	5.7	1716071456947	152fedec44c34c0f80f9471046167856	0	f
TOP - Memory Usage GB	1.8848	1716071456947	152fedec44c34c0f80f9471046167856	0	f
TOP - CPU Utilization	102	1716071457949	152fedec44c34c0f80f9471046167856	0	f
TOP - Memory Utilization	7.300000000000001	1716071457949	152fedec44c34c0f80f9471046167856	0	f
TOP - Memory Usage GB	1.8848	1716071457949	152fedec44c34c0f80f9471046167856	0	f
TOP - CPU Utilization	104	1716071458952	152fedec44c34c0f80f9471046167856	0	f
TOP - Memory Utilization	7.300000000000001	1716071458952	152fedec44c34c0f80f9471046167856	0	f
TOP - Memory Usage GB	1.8840999999999999	1716071458952	152fedec44c34c0f80f9471046167856	0	f
TOP - CPU Utilization	104	1716071459954	152fedec44c34c0f80f9471046167856	0	f
TOP - Memory Utilization	7.300000000000001	1716071459954	152fedec44c34c0f80f9471046167856	0	f
TOP - Memory Usage GB	1.8840999999999999	1716071459954	152fedec44c34c0f80f9471046167856	0	f
TOP - CPU Utilization	102	1716071460956	152fedec44c34c0f80f9471046167856	0	f
TOP - Memory Utilization	5.7	1716071460956	152fedec44c34c0f80f9471046167856	0	f
TOP - Memory Usage GB	1.8840999999999999	1716071460956	152fedec44c34c0f80f9471046167856	0	f
TOP - CPU Utilization	102	1716071461959	152fedec44c34c0f80f9471046167856	0	f
TOP - Memory Utilization	7.300000000000001	1716071461959	152fedec44c34c0f80f9471046167856	0	f
TOP - Memory Usage GB	1.8856	1716071461959	152fedec44c34c0f80f9471046167856	0	f
TOP - CPU Utilization	104	1716071462961	152fedec44c34c0f80f9471046167856	0	f
TOP - Memory Utilization	7.300000000000001	1716071462961	152fedec44c34c0f80f9471046167856	0	f
TOP - Memory Usage GB	1.8856	1716071462961	152fedec44c34c0f80f9471046167856	0	f
TOP - CPU Utilization	103	1716071463964	152fedec44c34c0f80f9471046167856	0	f
TOP - Memory Utilization	5.7	1716071463964	152fedec44c34c0f80f9471046167856	0	f
TOP - Memory Usage GB	1.8856	1716071463964	152fedec44c34c0f80f9471046167856	0	f
TOP - CPU Utilization	103	1716071464966	152fedec44c34c0f80f9471046167856	0	f
TOP - Memory Utilization	7.300000000000001	1716071464966	152fedec44c34c0f80f9471046167856	0	f
TOP - Memory Usage GB	1.885	1716071464966	152fedec44c34c0f80f9471046167856	0	f
TOP - CPU Utilization	102	1716071465969	152fedec44c34c0f80f9471046167856	0	f
TOP - Memory Utilization	7.300000000000001	1716071465969	152fedec44c34c0f80f9471046167856	0	f
TOP - Memory Usage GB	1.885	1716071465969	152fedec44c34c0f80f9471046167856	0	f
TOP - CPU Utilization	103	1716071466971	152fedec44c34c0f80f9471046167856	0	f
TOP - Memory Utilization	5.7	1716071466971	152fedec44c34c0f80f9471046167856	0	f
TOP - Memory Usage GB	1.885	1716071466971	152fedec44c34c0f80f9471046167856	0	f
TOP - CPU Utilization	103	1716071467973	152fedec44c34c0f80f9471046167856	0	f
TOP - Memory Utilization	7.300000000000001	1716071467973	152fedec44c34c0f80f9471046167856	0	f
TOP - Memory Usage GB	1.8859000000000001	1716071467973	152fedec44c34c0f80f9471046167856	0	f
TOP - CPU Utilization	103	1716071468976	152fedec44c34c0f80f9471046167856	0	f
TOP - Memory Utilization	7.300000000000001	1716071468976	152fedec44c34c0f80f9471046167856	0	f
TOP - Memory Usage GB	1.8859000000000001	1716071468976	152fedec44c34c0f80f9471046167856	0	f
TOP - CPU Utilization	104	1716071469979	152fedec44c34c0f80f9471046167856	0	f
TOP - Memory Utilization	7.300000000000001	1716071469979	152fedec44c34c0f80f9471046167856	0	f
TOP - Memory Usage GB	1.8859000000000001	1716071469979	152fedec44c34c0f80f9471046167856	0	f
TOP - CPU Utilization	102	1716071470981	152fedec44c34c0f80f9471046167856	0	f
TOP - Memory Utilization	5.7	1716071470981	152fedec44c34c0f80f9471046167856	0	f
TOP - Memory Usage GB	1.8859000000000001	1716071470981	152fedec44c34c0f80f9471046167856	0	f
TOP - CPU Utilization	103	1716071471983	152fedec44c34c0f80f9471046167856	0	f
TOP - Memory Utilization	7.300000000000001	1716071471983	152fedec44c34c0f80f9471046167856	0	f
TOP - Memory Usage GB	1.8859000000000001	1716071471983	152fedec44c34c0f80f9471046167856	0	f
TOP - CPU Utilization	103	1716071472986	152fedec44c34c0f80f9471046167856	0	f
TOP - Memory Utilization	7.300000000000001	1716071472986	152fedec44c34c0f80f9471046167856	0	f
TOP - Memory Usage GB	1.8859000000000001	1716071472986	152fedec44c34c0f80f9471046167856	0	f
TOP - CPU Utilization	102	1716071473989	152fedec44c34c0f80f9471046167856	0	f
TOP - Memory Utilization	5.7	1716071473989	152fedec44c34c0f80f9471046167856	0	f
TOP - Memory Usage GB	1.8854000000000002	1716071473989	152fedec44c34c0f80f9471046167856	0	f
TOP - CPU Utilization	103	1716071474992	152fedec44c34c0f80f9471046167856	0	f
TOP - Memory Utilization	7.300000000000001	1716071474992	152fedec44c34c0f80f9471046167856	0	f
TOP - Memory Usage GB	1.8854000000000002	1716071474992	152fedec44c34c0f80f9471046167856	0	f
TOP - CPU Utilization	102	1716071475994	152fedec44c34c0f80f9471046167856	0	f
TOP - Memory Utilization	7.300000000000001	1716071475994	152fedec44c34c0f80f9471046167856	0	f
TOP - Memory Usage GB	1.8854000000000002	1716071475994	152fedec44c34c0f80f9471046167856	0	f
TOP - CPU Utilization	104	1716071476996	152fedec44c34c0f80f9471046167856	0	f
TOP - Memory Utilization	7.300000000000001	1716071476996	152fedec44c34c0f80f9471046167856	0	f
TOP - Memory Usage GB	1.8833	1716071476996	152fedec44c34c0f80f9471046167856	0	f
TOP - CPU Utilization	101	1716071477998	152fedec44c34c0f80f9471046167856	0	f
TOP - Memory Utilization	5.7	1716071477998	152fedec44c34c0f80f9471046167856	0	f
TOP - Memory Usage GB	1.8833	1716071477998	152fedec44c34c0f80f9471046167856	0	f
TOP - CPU Utilization	104	1716071479001	152fedec44c34c0f80f9471046167856	0	f
TOP - Memory Utilization	7.300000000000001	1716071479001	152fedec44c34c0f80f9471046167856	0	f
TOP - Memory Usage GB	1.8833	1716071479001	152fedec44c34c0f80f9471046167856	0	f
TOP - CPU Utilization	103	1716071480003	152fedec44c34c0f80f9471046167856	0	f
TOP - Memory Utilization	7.300000000000001	1716071480003	152fedec44c34c0f80f9471046167856	0	f
TOP - Memory Usage GB	1.8840999999999999	1716071480003	152fedec44c34c0f80f9471046167856	0	f
TOP - CPU Utilization	103	1716071481005	152fedec44c34c0f80f9471046167856	0	f
TOP - Memory Utilization	7.300000000000001	1716071481005	152fedec44c34c0f80f9471046167856	0	f
TOP - Memory Usage GB	1.8840999999999999	1716071481005	152fedec44c34c0f80f9471046167856	0	f
TOP - CPU Utilization	102	1716071482008	152fedec44c34c0f80f9471046167856	0	f
TOP - Memory Utilization	5.7	1716071482008	152fedec44c34c0f80f9471046167856	0	f
TOP - Memory Usage GB	1.8840999999999999	1716071482008	152fedec44c34c0f80f9471046167856	0	f
TOP - CPU Utilization	102	1716071483011	152fedec44c34c0f80f9471046167856	0	f
TOP - Memory Utilization	7.300000000000001	1716071483011	152fedec44c34c0f80f9471046167856	0	f
TOP - Memory Usage GB	1.8845999999999998	1716071483011	152fedec44c34c0f80f9471046167856	0	f
TOP - CPU Utilization	104	1716071484013	152fedec44c34c0f80f9471046167856	0	f
TOP - Memory Utilization	7.300000000000001	1716071484013	152fedec44c34c0f80f9471046167856	0	f
TOP - Memory Usage GB	1.8845999999999998	1716071484013	152fedec44c34c0f80f9471046167856	0	f
TOP - Swap Memory GB	0.020300000000000002	1716071484038	152fedec44c34c0f80f9471046167856	0	f
TOP - CPU Utilization	103	1716071485015	152fedec44c34c0f80f9471046167856	0	f
TOP - Memory Utilization	7.300000000000001	1716071485015	152fedec44c34c0f80f9471046167856	0	f
TOP - Memory Usage GB	1.8845999999999998	1716071485015	152fedec44c34c0f80f9471046167856	0	f
TOP - Swap Memory GB	0.020300000000000002	1716071485042	152fedec44c34c0f80f9471046167856	0	f
TOP - CPU Utilization	102	1716071486017	152fedec44c34c0f80f9471046167856	0	f
TOP - Memory Utilization	5.7	1716071486017	152fedec44c34c0f80f9471046167856	0	f
TOP - Memory Usage GB	1.8858	1716071486017	152fedec44c34c0f80f9471046167856	0	f
TOP - Swap Memory GB	0.020300000000000002	1716071486048	152fedec44c34c0f80f9471046167856	0	f
TOP - CPU Utilization	102	1716071487020	152fedec44c34c0f80f9471046167856	0	f
TOP - Memory Utilization	7.300000000000001	1716071487020	152fedec44c34c0f80f9471046167856	0	f
TOP - Memory Usage GB	1.8858	1716071487020	152fedec44c34c0f80f9471046167856	0	f
TOP - Swap Memory GB	0.020300000000000002	1716071487045	152fedec44c34c0f80f9471046167856	0	f
TOP - CPU Utilization	105	1716071488022	152fedec44c34c0f80f9471046167856	0	f
TOP - Memory Utilization	7.300000000000001	1716071488022	152fedec44c34c0f80f9471046167856	0	f
TOP - Memory Usage GB	1.8858	1716071488022	152fedec44c34c0f80f9471046167856	0	f
TOP - Swap Memory GB	0.020300000000000002	1716071488040	152fedec44c34c0f80f9471046167856	0	f
TOP - CPU Utilization	102	1716071489025	152fedec44c34c0f80f9471046167856	0	f
TOP - Memory Utilization	5.7	1716071489025	152fedec44c34c0f80f9471046167856	0	f
TOP - Memory Usage GB	1.8865999999999998	1716071489025	152fedec44c34c0f80f9471046167856	0	f
TOP - Swap Memory GB	0.020300000000000002	1716071489054	152fedec44c34c0f80f9471046167856	0	f
TOP - CPU Utilization	103	1716071490028	152fedec44c34c0f80f9471046167856	0	f
TOP - Memory Utilization	7.300000000000001	1716071490028	152fedec44c34c0f80f9471046167856	0	f
TOP - Memory Usage GB	1.8865999999999998	1716071490028	152fedec44c34c0f80f9471046167856	0	f
TOP - Swap Memory GB	0.020300000000000002	1716071490054	152fedec44c34c0f80f9471046167856	0	f
TOP - CPU Utilization	102	1716071491030	152fedec44c34c0f80f9471046167856	0	f
TOP - Memory Utilization	7.300000000000001	1716071491030	152fedec44c34c0f80f9471046167856	0	f
TOP - Memory Usage GB	1.8865999999999998	1716071491030	152fedec44c34c0f80f9471046167856	0	f
TOP - Swap Memory GB	0.020300000000000002	1716071491057	152fedec44c34c0f80f9471046167856	0	f
TOP - CPU Utilization	104	1716071492032	152fedec44c34c0f80f9471046167856	0	f
TOP - Memory Utilization	7.300000000000001	1716071492032	152fedec44c34c0f80f9471046167856	0	f
TOP - Memory Usage GB	1.8845	1716071492032	152fedec44c34c0f80f9471046167856	0	f
TOP - Swap Memory GB	0.020300000000000002	1716071492111	152fedec44c34c0f80f9471046167856	0	f
TOP - CPU Utilization	102	1716071493035	152fedec44c34c0f80f9471046167856	0	f
TOP - Memory Utilization	5.7	1716071493035	152fedec44c34c0f80f9471046167856	0	f
TOP - Memory Usage GB	1.8845	1716071493035	152fedec44c34c0f80f9471046167856	0	f
TOP - Swap Memory GB	0.020300000000000002	1716071493053	152fedec44c34c0f80f9471046167856	0	f
TOP - CPU Utilization	108	1716071494038	152fedec44c34c0f80f9471046167856	0	f
TOP - Memory Utilization	7.4	1716071494038	152fedec44c34c0f80f9471046167856	0	f
TOP - Memory Usage GB	1.8845	1716071494038	152fedec44c34c0f80f9471046167856	0	f
TOP - Swap Memory GB	0.020300000000000002	1716071494069	152fedec44c34c0f80f9471046167856	0	f
TOP - CPU Utilization	105	1716071495040	152fedec44c34c0f80f9471046167856	0	f
TOP - Memory Utilization	7.4	1716071495040	152fedec44c34c0f80f9471046167856	0	f
TOP - Memory Usage GB	1.8865999999999998	1716071495040	152fedec44c34c0f80f9471046167856	0	f
TOP - CPU Utilization	104	1716071496042	152fedec44c34c0f80f9471046167856	0	f
TOP - Memory Utilization	7.4	1716071496042	152fedec44c34c0f80f9471046167856	0	f
TOP - Memory Usage GB	1.8865999999999998	1716071496042	152fedec44c34c0f80f9471046167856	0	f
TOP - CPU Utilization	102	1716071497045	152fedec44c34c0f80f9471046167856	0	f
TOP - Memory Utilization	5.7	1716071497045	152fedec44c34c0f80f9471046167856	0	f
TOP - Memory Usage GB	1.8865999999999998	1716071497045	152fedec44c34c0f80f9471046167856	0	f
TOP - CPU Utilization	103	1716071498049	152fedec44c34c0f80f9471046167856	0	f
TOP - Memory Utilization	7.4	1716071498049	152fedec44c34c0f80f9471046167856	0	f
TOP - Memory Usage GB	1.8873	1716071498049	152fedec44c34c0f80f9471046167856	0	f
TOP - CPU Utilization	103	1716071499054	152fedec44c34c0f80f9471046167856	0	f
TOP - Memory Utilization	5.7	1716071499054	152fedec44c34c0f80f9471046167856	0	f
TOP - Memory Usage GB	1.8873	1716071499054	152fedec44c34c0f80f9471046167856	0	f
TOP - CPU Utilization	103	1716071500056	152fedec44c34c0f80f9471046167856	0	f
TOP - Memory Utilization	7.4	1716071500056	152fedec44c34c0f80f9471046167856	0	f
TOP - Memory Usage GB	1.8873	1716071500056	152fedec44c34c0f80f9471046167856	0	f
TOP - CPU Utilization	101	1716071501059	152fedec44c34c0f80f9471046167856	0	f
TOP - Memory Utilization	5.7	1716071501059	152fedec44c34c0f80f9471046167856	0	f
TOP - Memory Usage GB	1.8871	1716071501059	152fedec44c34c0f80f9471046167856	0	f
TOP - CPU Utilization	104	1716071502061	152fedec44c34c0f80f9471046167856	0	f
TOP - Memory Utilization	7.4	1716071502061	152fedec44c34c0f80f9471046167856	0	f
TOP - Memory Usage GB	1.8871	1716071502061	152fedec44c34c0f80f9471046167856	0	f
TOP - CPU Utilization	103	1716071503063	152fedec44c34c0f80f9471046167856	0	f
TOP - Memory Utilization	7.4	1716071503063	152fedec44c34c0f80f9471046167856	0	f
TOP - Memory Usage GB	1.8871	1716071503063	152fedec44c34c0f80f9471046167856	0	f
TOP - CPU Utilization	104	1716071504066	152fedec44c34c0f80f9471046167856	0	f
TOP - Memory Utilization	7.4	1716071504066	152fedec44c34c0f80f9471046167856	0	f
TOP - Memory Usage GB	1.8896	1716071504066	152fedec44c34c0f80f9471046167856	0	f
TOP - CPU Utilization	102	1716071505067	152fedec44c34c0f80f9471046167856	0	f
TOP - Memory Utilization	5.7	1716071505067	152fedec44c34c0f80f9471046167856	0	f
TOP - Memory Usage GB	1.8896	1716071505067	152fedec44c34c0f80f9471046167856	0	f
TOP - CPU Utilization	102	1716071506069	152fedec44c34c0f80f9471046167856	0	f
TOP - Memory Utilization	7.4	1716071506069	152fedec44c34c0f80f9471046167856	0	f
TOP - Memory Usage GB	1.8896	1716071506069	152fedec44c34c0f80f9471046167856	0	f
TOP - CPU Utilization	105	1716071507071	152fedec44c34c0f80f9471046167856	0	f
TOP - Memory Utilization	7.4	1716071507071	152fedec44c34c0f80f9471046167856	0	f
TOP - Memory Usage GB	1.8873	1716071507071	152fedec44c34c0f80f9471046167856	0	f
TOP - CPU Utilization	102	1716071508073	152fedec44c34c0f80f9471046167856	0	f
TOP - Memory Utilization	5.7	1716071508073	152fedec44c34c0f80f9471046167856	0	f
TOP - Memory Usage GB	1.8873	1716071508073	152fedec44c34c0f80f9471046167856	0	f
TOP - CPU Utilization	103	1716071509076	152fedec44c34c0f80f9471046167856	0	f
TOP - Memory Utilization	7.4	1716071509076	152fedec44c34c0f80f9471046167856	0	f
TOP - Memory Usage GB	1.8873	1716071509076	152fedec44c34c0f80f9471046167856	0	f
TOP - CPU Utilization	102	1716071510078	152fedec44c34c0f80f9471046167856	0	f
TOP - Memory Utilization	7.4	1716071510078	152fedec44c34c0f80f9471046167856	0	f
TOP - Memory Usage GB	1.8887	1716071510078	152fedec44c34c0f80f9471046167856	0	f
TOP - CPU Utilization	104	1716071511080	152fedec44c34c0f80f9471046167856	0	f
TOP - Memory Utilization	5.7	1716071511080	152fedec44c34c0f80f9471046167856	0	f
TOP - Memory Usage GB	1.8887	1716071511080	152fedec44c34c0f80f9471046167856	0	f
TOP - CPU Utilization	103	1716071512082	152fedec44c34c0f80f9471046167856	0	f
TOP - Memory Utilization	5.7	1716071512082	152fedec44c34c0f80f9471046167856	0	f
TOP - Memory Usage GB	1.8887	1716071512082	152fedec44c34c0f80f9471046167856	0	f
TOP - CPU Utilization	103	1716071513085	152fedec44c34c0f80f9471046167856	0	f
TOP - Memory Utilization	7.4	1716071513085	152fedec44c34c0f80f9471046167856	0	f
TOP - Memory Usage GB	1.8831	1716071513085	152fedec44c34c0f80f9471046167856	0	f
TOP - CPU Utilization	103	1716071514087	152fedec44c34c0f80f9471046167856	0	f
TOP - Memory Utilization	7.4	1716071514087	152fedec44c34c0f80f9471046167856	0	f
TOP - Memory Usage GB	1.8831	1716071514087	152fedec44c34c0f80f9471046167856	0	f
TOP - CPU Utilization	101	1716071515089	152fedec44c34c0f80f9471046167856	0	f
TOP - Memory Utilization	5.7	1716071515089	152fedec44c34c0f80f9471046167856	0	f
TOP - Memory Usage GB	1.8831	1716071515089	152fedec44c34c0f80f9471046167856	0	f
TOP - CPU Utilization	104	1716071516091	152fedec44c34c0f80f9471046167856	0	f
TOP - Memory Utilization	7.4	1716071516091	152fedec44c34c0f80f9471046167856	0	f
TOP - Memory Usage GB	1.8832	1716071516091	152fedec44c34c0f80f9471046167856	0	f
TOP - Swap Memory GB	0.020300000000000002	1716071495065	152fedec44c34c0f80f9471046167856	0	f
TOP - Swap Memory GB	0.020300000000000002	1716071496068	152fedec44c34c0f80f9471046167856	0	f
TOP - Swap Memory GB	0.020300000000000002	1716071497074	152fedec44c34c0f80f9471046167856	0	f
TOP - Swap Memory GB	0.020300000000000002	1716071498067	152fedec44c34c0f80f9471046167856	0	f
TOP - Swap Memory GB	0.020300000000000002	1716071499079	152fedec44c34c0f80f9471046167856	0	f
TOP - Swap Memory GB	0.020300000000000002	1716071500084	152fedec44c34c0f80f9471046167856	0	f
TOP - Swap Memory GB	0.020300000000000002	1716071501078	152fedec44c34c0f80f9471046167856	0	f
TOP - Swap Memory GB	0.020300000000000002	1716071502085	152fedec44c34c0f80f9471046167856	0	f
TOP - Swap Memory GB	0.020300000000000002	1716071503088	152fedec44c34c0f80f9471046167856	0	f
TOP - Swap Memory GB	0.020300000000000002	1716071504091	152fedec44c34c0f80f9471046167856	0	f
TOP - Swap Memory GB	0.020300000000000002	1716071505093	152fedec44c34c0f80f9471046167856	0	f
TOP - Swap Memory GB	0.020300000000000002	1716071506098	152fedec44c34c0f80f9471046167856	0	f
TOP - Swap Memory GB	0.020300000000000002	1716071507101	152fedec44c34c0f80f9471046167856	0	f
TOP - Swap Memory GB	0.020300000000000002	1716071508100	152fedec44c34c0f80f9471046167856	0	f
TOP - Swap Memory GB	0.020300000000000002	1716071509096	152fedec44c34c0f80f9471046167856	0	f
TOP - Swap Memory GB	0.020300000000000002	1716071510107	152fedec44c34c0f80f9471046167856	0	f
TOP - Swap Memory GB	0.020300000000000002	1716071511105	152fedec44c34c0f80f9471046167856	0	f
TOP - Swap Memory GB	0.020300000000000002	1716071512110	152fedec44c34c0f80f9471046167856	0	f
TOP - Swap Memory GB	0.020300000000000002	1716071513110	152fedec44c34c0f80f9471046167856	0	f
TOP - Swap Memory GB	0.020300000000000002	1716071514112	152fedec44c34c0f80f9471046167856	0	f
TOP - Swap Memory GB	0.020300000000000002	1716071515114	152fedec44c34c0f80f9471046167856	0	f
TOP - Swap Memory GB	0.020300000000000002	1716071516117	152fedec44c34c0f80f9471046167856	0	f
TOP - Swap Memory GB	0.020300000000000002	1716071517117	152fedec44c34c0f80f9471046167856	0	f
TOP - Swap Memory GB	0.020300000000000002	1716071518122	152fedec44c34c0f80f9471046167856	0	f
TOP - Swap Memory GB	0.020300000000000002	1716071519117	152fedec44c34c0f80f9471046167856	0	f
TOP - Swap Memory GB	0.020300000000000002	1716071520130	152fedec44c34c0f80f9471046167856	0	f
TOP - Swap Memory GB	0.020300000000000002	1716071521130	152fedec44c34c0f80f9471046167856	0	f
TOP - Swap Memory GB	0.020300000000000002	1716071522134	152fedec44c34c0f80f9471046167856	0	f
TOP - Swap Memory GB	0.020300000000000002	1716071523136	152fedec44c34c0f80f9471046167856	0	f
TOP - Swap Memory GB	0.020300000000000002	1716071524131	152fedec44c34c0f80f9471046167856	0	f
TOP - Swap Memory GB	0.020300000000000002	1716071525141	152fedec44c34c0f80f9471046167856	0	f
TOP - Swap Memory GB	0.020300000000000002	1716071526144	152fedec44c34c0f80f9471046167856	0	f
TOP - Swap Memory GB	0.020300000000000002	1716071527138	152fedec44c34c0f80f9471046167856	0	f
TOP - Swap Memory GB	0.020300000000000002	1716071528148	152fedec44c34c0f80f9471046167856	0	f
TOP - Swap Memory GB	0.020300000000000002	1716071529152	152fedec44c34c0f80f9471046167856	0	f
TOP - Swap Memory GB	0.020300000000000002	1716071530157	152fedec44c34c0f80f9471046167856	0	f
TOP - Swap Memory GB	0.020300000000000002	1716071531151	152fedec44c34c0f80f9471046167856	0	f
TOP - Swap Memory GB	0.020300000000000002	1716071532158	152fedec44c34c0f80f9471046167856	0	f
TOP - Swap Memory GB	0.020300000000000002	1716071533152	152fedec44c34c0f80f9471046167856	0	f
TOP - Swap Memory GB	0.020300000000000002	1716071534162	152fedec44c34c0f80f9471046167856	0	f
TOP - Swap Memory GB	0.020300000000000002	1716071535164	152fedec44c34c0f80f9471046167856	0	f
TOP - Swap Memory GB	0.020300000000000002	1716071536167	152fedec44c34c0f80f9471046167856	0	f
TOP - Swap Memory GB	0.020300000000000002	1716071537171	152fedec44c34c0f80f9471046167856	0	f
TOP - Swap Memory GB	0.020300000000000002	1716071538164	152fedec44c34c0f80f9471046167856	0	f
TOP - Swap Memory GB	0.020300000000000002	1716071539177	152fedec44c34c0f80f9471046167856	0	f
TOP - Swap Memory GB	0.020300000000000002	1716071540179	152fedec44c34c0f80f9471046167856	0	f
TOP - Swap Memory GB	0.020300000000000002	1716071541181	152fedec44c34c0f80f9471046167856	0	f
TOP - Swap Memory GB	0.020300000000000002	1716071542182	152fedec44c34c0f80f9471046167856	0	f
TOP - Swap Memory GB	0.020300000000000002	1716071543185	152fedec44c34c0f80f9471046167856	0	f
TOP - Swap Memory GB	0.020300000000000002	1716071570250	152fedec44c34c0f80f9471046167856	0	f
TOP - Swap Memory GB	0.020300000000000002	1716071571252	152fedec44c34c0f80f9471046167856	0	f
TOP - Swap Memory GB	0.020300000000000002	1716071572245	152fedec44c34c0f80f9471046167856	0	f
TOP - Swap Memory GB	0.020300000000000002	1716071573257	152fedec44c34c0f80f9471046167856	0	f
TOP - Swap Memory GB	0.020300000000000002	1716071574258	152fedec44c34c0f80f9471046167856	0	f
TOP - Swap Memory GB	0.020300000000000002	1716071575265	152fedec44c34c0f80f9471046167856	0	f
TOP - Swap Memory GB	0.020300000000000002	1716071576262	152fedec44c34c0f80f9471046167856	0	f
TOP - Swap Memory GB	0.020300000000000002	1716071577268	152fedec44c34c0f80f9471046167856	0	f
TOP - Swap Memory GB	0.020300000000000002	1716071578261	152fedec44c34c0f80f9471046167856	0	f
TOP - Swap Memory GB	0.020300000000000002	1716071579270	152fedec44c34c0f80f9471046167856	0	f
TOP - Swap Memory GB	0.020300000000000002	1716071580267	152fedec44c34c0f80f9471046167856	0	f
TOP - Swap Memory GB	0.020300000000000002	1716071581276	152fedec44c34c0f80f9471046167856	0	f
TOP - Swap Memory GB	0.020300000000000002	1716071582277	152fedec44c34c0f80f9471046167856	0	f
TOP - Swap Memory GB	0.020300000000000002	1716071583281	152fedec44c34c0f80f9471046167856	0	f
TOP - Swap Memory GB	0.020300000000000002	1716071584292	152fedec44c34c0f80f9471046167856	0	f
TOP - Swap Memory GB	0.020300000000000002	1716071585287	152fedec44c34c0f80f9471046167856	0	f
TOP - CPU Utilization	104	1716071517093	152fedec44c34c0f80f9471046167856	0	f
TOP - Memory Utilization	7.4	1716071517093	152fedec44c34c0f80f9471046167856	0	f
TOP - Memory Usage GB	1.8832	1716071517093	152fedec44c34c0f80f9471046167856	0	f
TOP - CPU Utilization	102	1716071518096	152fedec44c34c0f80f9471046167856	0	f
TOP - Memory Utilization	5.7	1716071518096	152fedec44c34c0f80f9471046167856	0	f
TOP - Memory Usage GB	1.8832	1716071518096	152fedec44c34c0f80f9471046167856	0	f
TOP - CPU Utilization	101	1716071519098	152fedec44c34c0f80f9471046167856	0	f
TOP - Memory Utilization	5.7	1716071519098	152fedec44c34c0f80f9471046167856	0	f
TOP - Memory Usage GB	1.8845	1716071519098	152fedec44c34c0f80f9471046167856	0	f
TOP - CPU Utilization	104	1716071520101	152fedec44c34c0f80f9471046167856	0	f
TOP - Memory Utilization	7.4	1716071520101	152fedec44c34c0f80f9471046167856	0	f
TOP - Memory Usage GB	1.8845	1716071520101	152fedec44c34c0f80f9471046167856	0	f
TOP - CPU Utilization	103	1716071521103	152fedec44c34c0f80f9471046167856	0	f
TOP - Memory Utilization	7.4	1716071521103	152fedec44c34c0f80f9471046167856	0	f
TOP - Memory Usage GB	1.8845	1716071521103	152fedec44c34c0f80f9471046167856	0	f
TOP - CPU Utilization	102	1716071522107	152fedec44c34c0f80f9471046167856	0	f
TOP - Memory Utilization	5.7	1716071522107	152fedec44c34c0f80f9471046167856	0	f
TOP - Memory Usage GB	1.8854000000000002	1716071522107	152fedec44c34c0f80f9471046167856	0	f
TOP - CPU Utilization	104	1716071523109	152fedec44c34c0f80f9471046167856	0	f
TOP - Memory Utilization	7.4	1716071523109	152fedec44c34c0f80f9471046167856	0	f
TOP - Memory Usage GB	1.8854000000000002	1716071523109	152fedec44c34c0f80f9471046167856	0	f
TOP - CPU Utilization	104	1716071524111	152fedec44c34c0f80f9471046167856	0	f
TOP - Memory Utilization	7.4	1716071524111	152fedec44c34c0f80f9471046167856	0	f
TOP - Memory Usage GB	1.8854000000000002	1716071524111	152fedec44c34c0f80f9471046167856	0	f
TOP - CPU Utilization	103	1716071525114	152fedec44c34c0f80f9471046167856	0	f
TOP - Memory Utilization	7.4	1716071525114	152fedec44c34c0f80f9471046167856	0	f
TOP - Memory Usage GB	1.8862	1716071525114	152fedec44c34c0f80f9471046167856	0	f
TOP - CPU Utilization	102	1716071526116	152fedec44c34c0f80f9471046167856	0	f
TOP - Memory Utilization	5.7	1716071526116	152fedec44c34c0f80f9471046167856	0	f
TOP - Memory Usage GB	1.8862	1716071526116	152fedec44c34c0f80f9471046167856	0	f
TOP - CPU Utilization	102	1716071527119	152fedec44c34c0f80f9471046167856	0	f
TOP - Memory Utilization	7.4	1716071527119	152fedec44c34c0f80f9471046167856	0	f
TOP - Memory Usage GB	1.8862	1716071527119	152fedec44c34c0f80f9471046167856	0	f
TOP - CPU Utilization	104	1716071528121	152fedec44c34c0f80f9471046167856	0	f
TOP - Memory Utilization	7.4	1716071528121	152fedec44c34c0f80f9471046167856	0	f
TOP - Memory Usage GB	1.8849	1716071528121	152fedec44c34c0f80f9471046167856	0	f
TOP - CPU Utilization	106	1716071529124	152fedec44c34c0f80f9471046167856	0	f
TOP - Memory Utilization	7.7	1716071529124	152fedec44c34c0f80f9471046167856	0	f
TOP - Memory Usage GB	1.8849	1716071529124	152fedec44c34c0f80f9471046167856	0	f
TOP - CPU Utilization	103	1716071530125	152fedec44c34c0f80f9471046167856	0	f
TOP - Memory Utilization	7.4	1716071530125	152fedec44c34c0f80f9471046167856	0	f
TOP - Memory Usage GB	1.8849	1716071530125	152fedec44c34c0f80f9471046167856	0	f
TOP - CPU Utilization	101	1716071531128	152fedec44c34c0f80f9471046167856	0	f
TOP - Memory Utilization	5.7	1716071531128	152fedec44c34c0f80f9471046167856	0	f
TOP - Memory Usage GB	1.884	1716071531128	152fedec44c34c0f80f9471046167856	0	f
TOP - CPU Utilization	104	1716071532130	152fedec44c34c0f80f9471046167856	0	f
TOP - Memory Utilization	7.4	1716071532130	152fedec44c34c0f80f9471046167856	0	f
TOP - Memory Usage GB	1.884	1716071532130	152fedec44c34c0f80f9471046167856	0	f
TOP - CPU Utilization	102	1716071533133	152fedec44c34c0f80f9471046167856	0	f
TOP - Memory Utilization	5.7	1716071533133	152fedec44c34c0f80f9471046167856	0	f
TOP - Memory Usage GB	1.884	1716071533133	152fedec44c34c0f80f9471046167856	0	f
TOP - CPU Utilization	104	1716071534138	152fedec44c34c0f80f9471046167856	0	f
TOP - Memory Utilization	7.4	1716071534138	152fedec44c34c0f80f9471046167856	0	f
TOP - Memory Usage GB	1.8859000000000001	1716071534138	152fedec44c34c0f80f9471046167856	0	f
TOP - CPU Utilization	103	1716071535139	152fedec44c34c0f80f9471046167856	0	f
TOP - Memory Utilization	7.4	1716071535139	152fedec44c34c0f80f9471046167856	0	f
TOP - Memory Usage GB	1.8859000000000001	1716071535139	152fedec44c34c0f80f9471046167856	0	f
TOP - CPU Utilization	103	1716071536141	152fedec44c34c0f80f9471046167856	0	f
TOP - Memory Utilization	7.4	1716071536141	152fedec44c34c0f80f9471046167856	0	f
TOP - Memory Usage GB	1.8859000000000001	1716071536141	152fedec44c34c0f80f9471046167856	0	f
TOP - CPU Utilization	102	1716071537143	152fedec44c34c0f80f9471046167856	0	f
TOP - Memory Utilization	5.7	1716071537143	152fedec44c34c0f80f9471046167856	0	f
TOP - Memory Usage GB	1.8879000000000001	1716071537143	152fedec44c34c0f80f9471046167856	0	f
TOP - CPU Utilization	102	1716071538145	152fedec44c34c0f80f9471046167856	0	f
TOP - Memory Utilization	7.4	1716071538145	152fedec44c34c0f80f9471046167856	0	f
TOP - Memory Usage GB	1.8879000000000001	1716071538145	152fedec44c34c0f80f9471046167856	0	f
TOP - CPU Utilization	103	1716071539148	152fedec44c34c0f80f9471046167856	0	f
TOP - Memory Utilization	7.4	1716071539148	152fedec44c34c0f80f9471046167856	0	f
TOP - Memory Usage GB	1.8879000000000001	1716071539148	152fedec44c34c0f80f9471046167856	0	f
TOP - CPU Utilization	103	1716071540151	152fedec44c34c0f80f9471046167856	0	f
TOP - Memory Utilization	7.4	1716071540151	152fedec44c34c0f80f9471046167856	0	f
TOP - Memory Usage GB	1.8887	1716071540151	152fedec44c34c0f80f9471046167856	0	f
TOP - CPU Utilization	103	1716071541153	152fedec44c34c0f80f9471046167856	0	f
TOP - Memory Utilization	5.7	1716071541153	152fedec44c34c0f80f9471046167856	0	f
TOP - Memory Usage GB	1.8887	1716071541153	152fedec44c34c0f80f9471046167856	0	f
TOP - CPU Utilization	104	1716071542155	152fedec44c34c0f80f9471046167856	0	f
TOP - Memory Utilization	7.4	1716071542155	152fedec44c34c0f80f9471046167856	0	f
TOP - Memory Usage GB	1.8887	1716071542155	152fedec44c34c0f80f9471046167856	0	f
TOP - CPU Utilization	103	1716071543157	152fedec44c34c0f80f9471046167856	0	f
TOP - Memory Utilization	7.4	1716071543157	152fedec44c34c0f80f9471046167856	0	f
TOP - Memory Usage GB	1.8865	1716071543157	152fedec44c34c0f80f9471046167856	0	f
TOP - Memory Usage GB	1.8884	1716071571227	152fedec44c34c0f80f9471046167856	0	f
TOP - CPU Utilization	102	1716071572229	152fedec44c34c0f80f9471046167856	0	f
TOP - Memory Utilization	7.4	1716071572229	152fedec44c34c0f80f9471046167856	0	f
TOP - Memory Usage GB	1.8884	1716071572229	152fedec44c34c0f80f9471046167856	0	f
TOP - CPU Utilization	104	1716071573232	152fedec44c34c0f80f9471046167856	0	f
TOP - Memory Utilization	7.4	1716071573232	152fedec44c34c0f80f9471046167856	0	f
TOP - Memory Usage GB	1.8901	1716071573232	152fedec44c34c0f80f9471046167856	0	f
TOP - CPU Utilization	101	1716071574234	152fedec44c34c0f80f9471046167856	0	f
TOP - Memory Utilization	5.7	1716071574234	152fedec44c34c0f80f9471046167856	0	f
TOP - Memory Usage GB	1.8901	1716071574234	152fedec44c34c0f80f9471046167856	0	f
TOP - CPU Utilization	103	1716071575236	152fedec44c34c0f80f9471046167856	0	f
TOP - Memory Utilization	7.4	1716071575236	152fedec44c34c0f80f9471046167856	0	f
TOP - Memory Usage GB	1.8901	1716071575236	152fedec44c34c0f80f9471046167856	0	f
TOP - CPU Utilization	102	1716071576238	152fedec44c34c0f80f9471046167856	0	f
TOP - Memory Utilization	7.4	1716071576238	152fedec44c34c0f80f9471046167856	0	f
TOP - Memory Usage GB	1.8882	1716071576238	152fedec44c34c0f80f9471046167856	0	f
TOP - CPU Utilization	103	1716071577240	152fedec44c34c0f80f9471046167856	0	f
TOP - Memory Utilization	5.7	1716071577240	152fedec44c34c0f80f9471046167856	0	f
TOP - Memory Usage GB	1.8882	1716071577240	152fedec44c34c0f80f9471046167856	0	f
TOP - CPU Utilization	103	1716071578242	152fedec44c34c0f80f9471046167856	0	f
TOP - Memory Utilization	7.4	1716071578242	152fedec44c34c0f80f9471046167856	0	f
TOP - Memory Usage GB	1.8882	1716071578242	152fedec44c34c0f80f9471046167856	0	f
TOP - CPU Utilization	102	1716071579245	152fedec44c34c0f80f9471046167856	0	f
TOP - Memory Utilization	5.7	1716071579245	152fedec44c34c0f80f9471046167856	0	f
TOP - Memory Usage GB	1.8885999999999998	1716071579245	152fedec44c34c0f80f9471046167856	0	f
TOP - CPU Utilization	103	1716071580247	152fedec44c34c0f80f9471046167856	0	f
TOP - Memory Utilization	7.4	1716071580247	152fedec44c34c0f80f9471046167856	0	f
TOP - Memory Usage GB	1.8885999999999998	1716071580247	152fedec44c34c0f80f9471046167856	0	f
TOP - CPU Utilization	102	1716071581249	152fedec44c34c0f80f9471046167856	0	f
TOP - Memory Utilization	7.4	1716071581249	152fedec44c34c0f80f9471046167856	0	f
TOP - Memory Usage GB	1.8885999999999998	1716071581249	152fedec44c34c0f80f9471046167856	0	f
TOP - CPU Utilization	103	1716071582252	152fedec44c34c0f80f9471046167856	0	f
TOP - Memory Utilization	5.7	1716071582252	152fedec44c34c0f80f9471046167856	0	f
TOP - Memory Usage GB	1.889	1716071582252	152fedec44c34c0f80f9471046167856	0	f
TOP - CPU Utilization	104	1716071583256	152fedec44c34c0f80f9471046167856	0	f
TOP - Memory Utilization	7.500000000000001	1716071583256	152fedec44c34c0f80f9471046167856	0	f
TOP - Memory Usage GB	1.889	1716071583256	152fedec44c34c0f80f9471046167856	0	f
TOP - CPU Utilization	102	1716071584259	152fedec44c34c0f80f9471046167856	0	f
TOP - Memory Utilization	7.500000000000001	1716071584259	152fedec44c34c0f80f9471046167856	0	f
TOP - Memory Usage GB	1.889	1716071584259	152fedec44c34c0f80f9471046167856	0	f
TOP - CPU Utilization	103	1716071585261	152fedec44c34c0f80f9471046167856	0	f
TOP - Memory Utilization	7.500000000000001	1716071585261	152fedec44c34c0f80f9471046167856	0	f
TOP - Memory Usage GB	1.8833	1716071585261	152fedec44c34c0f80f9471046167856	0	f
TOP - CPU Utilization	103	1716071586263	152fedec44c34c0f80f9471046167856	0	f
TOP - Memory Utilization	7.500000000000001	1716071586263	152fedec44c34c0f80f9471046167856	0	f
TOP - Memory Usage GB	1.8833	1716071586263	152fedec44c34c0f80f9471046167856	0	f
TOP - Swap Memory GB	0.020300000000000002	1716071586279	152fedec44c34c0f80f9471046167856	0	f
TOP - CPU Utilization	102	1716071587265	152fedec44c34c0f80f9471046167856	0	f
TOP - Memory Utilization	5.800000000000001	1716071587265	152fedec44c34c0f80f9471046167856	0	f
TOP - Memory Usage GB	1.8833	1716071587265	152fedec44c34c0f80f9471046167856	0	f
TOP - CPU Utilization	102	1716071588267	152fedec44c34c0f80f9471046167856	0	f
TOP - Memory Utilization	7.500000000000001	1716071588267	152fedec44c34c0f80f9471046167856	0	f
TOP - Memory Usage GB	1.8855	1716071588267	152fedec44c34c0f80f9471046167856	0	f
TOP - CPU Utilization	102	1716071589269	152fedec44c34c0f80f9471046167856	0	f
TOP - Memory Utilization	7.500000000000001	1716071589269	152fedec44c34c0f80f9471046167856	0	f
TOP - Memory Usage GB	1.8855	1716071589269	152fedec44c34c0f80f9471046167856	0	f
TOP - CPU Utilization	105	1716071590272	152fedec44c34c0f80f9471046167856	0	f
TOP - Memory Utilization	7.500000000000001	1716071590272	152fedec44c34c0f80f9471046167856	0	f
TOP - Memory Usage GB	1.8855	1716071590272	152fedec44c34c0f80f9471046167856	0	f
TOP - CPU Utilization	102	1716071591274	152fedec44c34c0f80f9471046167856	0	f
TOP - Memory Utilization	7.500000000000001	1716071591274	152fedec44c34c0f80f9471046167856	0	f
TOP - Memory Usage GB	1.8867	1716071591274	152fedec44c34c0f80f9471046167856	0	f
TOP - CPU Utilization	103	1716071592277	152fedec44c34c0f80f9471046167856	0	f
TOP - Memory Utilization	7.500000000000001	1716071592277	152fedec44c34c0f80f9471046167856	0	f
TOP - Memory Usage GB	1.8867	1716071592277	152fedec44c34c0f80f9471046167856	0	f
TOP - CPU Utilization	101	1716071593280	152fedec44c34c0f80f9471046167856	0	f
TOP - Memory Utilization	5.800000000000001	1716071593280	152fedec44c34c0f80f9471046167856	0	f
TOP - Memory Usage GB	1.8867	1716071593280	152fedec44c34c0f80f9471046167856	0	f
TOP - CPU Utilization	104	1716071594283	152fedec44c34c0f80f9471046167856	0	f
TOP - Memory Utilization	7.500000000000001	1716071594283	152fedec44c34c0f80f9471046167856	0	f
TOP - Memory Usage GB	1.8858	1716071594283	152fedec44c34c0f80f9471046167856	0	f
TOP - CPU Utilization	102	1716071595285	152fedec44c34c0f80f9471046167856	0	f
TOP - Memory Utilization	5.800000000000001	1716071595285	152fedec44c34c0f80f9471046167856	0	f
TOP - Memory Usage GB	1.8858	1716071595285	152fedec44c34c0f80f9471046167856	0	f
TOP - CPU Utilization	103	1716071596288	152fedec44c34c0f80f9471046167856	0	f
TOP - Memory Utilization	7.500000000000001	1716071596288	152fedec44c34c0f80f9471046167856	0	f
TOP - Memory Usage GB	1.8858	1716071596288	152fedec44c34c0f80f9471046167856	0	f
TOP - CPU Utilization	102	1716071597289	152fedec44c34c0f80f9471046167856	0	f
TOP - Memory Utilization	7.500000000000001	1716071597289	152fedec44c34c0f80f9471046167856	0	f
TOP - Memory Usage GB	1.8867	1716071597289	152fedec44c34c0f80f9471046167856	0	f
TOP - CPU Utilization	104	1716071598292	152fedec44c34c0f80f9471046167856	0	f
TOP - Memory Utilization	7.500000000000001	1716071598292	152fedec44c34c0f80f9471046167856	0	f
TOP - Memory Usage GB	1.8867	1716071598292	152fedec44c34c0f80f9471046167856	0	f
TOP - CPU Utilization	103	1716071599294	152fedec44c34c0f80f9471046167856	0	f
TOP - Memory Utilization	7.500000000000001	1716071599294	152fedec44c34c0f80f9471046167856	0	f
TOP - Memory Usage GB	1.8867	1716071599294	152fedec44c34c0f80f9471046167856	0	f
TOP - CPU Utilization	103	1716071600298	152fedec44c34c0f80f9471046167856	0	f
TOP - Memory Utilization	5.800000000000001	1716071600298	152fedec44c34c0f80f9471046167856	0	f
TOP - Memory Usage GB	1.8869	1716071600298	152fedec44c34c0f80f9471046167856	0	f
TOP - CPU Utilization	102	1716071601300	152fedec44c34c0f80f9471046167856	0	f
TOP - Memory Utilization	7.500000000000001	1716071601300	152fedec44c34c0f80f9471046167856	0	f
TOP - Memory Usage GB	1.8869	1716071601300	152fedec44c34c0f80f9471046167856	0	f
TOP - CPU Utilization	105	1716071602303	152fedec44c34c0f80f9471046167856	0	f
TOP - Memory Utilization	7.500000000000001	1716071602303	152fedec44c34c0f80f9471046167856	0	f
TOP - Memory Usage GB	1.8869	1716071602303	152fedec44c34c0f80f9471046167856	0	f
TOP - CPU Utilization	101	1716071603304	152fedec44c34c0f80f9471046167856	0	f
TOP - Memory Utilization	5.800000000000001	1716071603304	152fedec44c34c0f80f9471046167856	0	f
TOP - Memory Usage GB	1.887	1716071603304	152fedec44c34c0f80f9471046167856	0	f
TOP - CPU Utilization	104	1716071964183	152fedec44c34c0f80f9471046167856	0	f
TOP - Memory Utilization	7.6000000000000005	1716071964183	152fedec44c34c0f80f9471046167856	0	f
TOP - Memory Usage GB	1.9013	1716071964183	152fedec44c34c0f80f9471046167856	0	f
TOP - CPU Utilization	103	1716071965186	152fedec44c34c0f80f9471046167856	0	f
TOP - Memory Utilization	7.6000000000000005	1716071965186	152fedec44c34c0f80f9471046167856	0	f
TOP - Memory Usage GB	1.9013	1716071965186	152fedec44c34c0f80f9471046167856	0	f
TOP - CPU Utilization	102	1716071966189	152fedec44c34c0f80f9471046167856	0	f
TOP - Memory Utilization	5.9	1716071966189	152fedec44c34c0f80f9471046167856	0	f
TOP - Memory Usage GB	1.9013	1716071966189	152fedec44c34c0f80f9471046167856	0	f
TOP - CPU Utilization	103	1716071967193	152fedec44c34c0f80f9471046167856	0	f
TOP - Memory Utilization	7.6000000000000005	1716071967193	152fedec44c34c0f80f9471046167856	0	f
TOP - Memory Usage GB	1.9031	1716071967193	152fedec44c34c0f80f9471046167856	0	f
TOP - CPU Utilization	102	1716071968196	152fedec44c34c0f80f9471046167856	0	f
TOP - Swap Memory GB	0.020300000000000002	1716071587284	152fedec44c34c0f80f9471046167856	0	f
TOP - Swap Memory GB	0.020300000000000002	1716071588296	152fedec44c34c0f80f9471046167856	0	f
TOP - Swap Memory GB	0.020300000000000002	1716071589294	152fedec44c34c0f80f9471046167856	0	f
TOP - Swap Memory GB	0.020300000000000002	1716071590298	152fedec44c34c0f80f9471046167856	0	f
TOP - Swap Memory GB	0.020300000000000002	1716071591300	152fedec44c34c0f80f9471046167856	0	f
TOP - Swap Memory GB	0.020300000000000002	1716071592304	152fedec44c34c0f80f9471046167856	0	f
TOP - Swap Memory GB	0.020300000000000002	1716071593297	152fedec44c34c0f80f9471046167856	0	f
TOP - Swap Memory GB	0.020300000000000002	1716071594307	152fedec44c34c0f80f9471046167856	0	f
TOP - Swap Memory GB	0.020300000000000002	1716071595312	152fedec44c34c0f80f9471046167856	0	f
TOP - Swap Memory GB	0.020300000000000002	1716071596314	152fedec44c34c0f80f9471046167856	0	f
TOP - Swap Memory GB	0.020300000000000002	1716071597315	152fedec44c34c0f80f9471046167856	0	f
TOP - Swap Memory GB	0.020300000000000002	1716071598312	152fedec44c34c0f80f9471046167856	0	f
TOP - Swap Memory GB	0.020300000000000002	1716071599319	152fedec44c34c0f80f9471046167856	0	f
TOP - Swap Memory GB	0.020300000000000002	1716071600326	152fedec44c34c0f80f9471046167856	0	f
TOP - Swap Memory GB	0.020300000000000002	1716071601329	152fedec44c34c0f80f9471046167856	0	f
TOP - Swap Memory GB	0.020300000000000002	1716071602331	152fedec44c34c0f80f9471046167856	0	f
TOP - Swap Memory GB	0.020300000000000002	1716071603332	152fedec44c34c0f80f9471046167856	0	f
TOP - CPU Utilization	104	1716071604307	152fedec44c34c0f80f9471046167856	0	f
TOP - Memory Utilization	7.500000000000001	1716071604307	152fedec44c34c0f80f9471046167856	0	f
TOP - Memory Usage GB	1.887	1716071604307	152fedec44c34c0f80f9471046167856	0	f
TOP - Swap Memory GB	0.020300000000000002	1716071604335	152fedec44c34c0f80f9471046167856	0	f
TOP - CPU Utilization	102	1716071605309	152fedec44c34c0f80f9471046167856	0	f
TOP - Memory Utilization	7.500000000000001	1716071605309	152fedec44c34c0f80f9471046167856	0	f
TOP - Memory Usage GB	1.887	1716071605309	152fedec44c34c0f80f9471046167856	0	f
TOP - Swap Memory GB	0.020300000000000002	1716071605336	152fedec44c34c0f80f9471046167856	0	f
TOP - CPU Utilization	103	1716071606311	152fedec44c34c0f80f9471046167856	0	f
TOP - Memory Utilization	5.800000000000001	1716071606311	152fedec44c34c0f80f9471046167856	0	f
TOP - Memory Usage GB	1.8898	1716071606311	152fedec44c34c0f80f9471046167856	0	f
TOP - Swap Memory GB	0.020300000000000002	1716071606328	152fedec44c34c0f80f9471046167856	0	f
TOP - CPU Utilization	103	1716071607313	152fedec44c34c0f80f9471046167856	0	f
TOP - Memory Utilization	7.500000000000001	1716071607313	152fedec44c34c0f80f9471046167856	0	f
TOP - Memory Usage GB	1.8898	1716071607313	152fedec44c34c0f80f9471046167856	0	f
TOP - Swap Memory GB	0.020300000000000002	1716071607332	152fedec44c34c0f80f9471046167856	0	f
TOP - CPU Utilization	103	1716071608316	152fedec44c34c0f80f9471046167856	0	f
TOP - Memory Utilization	7.500000000000001	1716071608316	152fedec44c34c0f80f9471046167856	0	f
TOP - Memory Usage GB	1.8898	1716071608316	152fedec44c34c0f80f9471046167856	0	f
TOP - Swap Memory GB	0.020300000000000002	1716071608333	152fedec44c34c0f80f9471046167856	0	f
TOP - CPU Utilization	103	1716071609318	152fedec44c34c0f80f9471046167856	0	f
TOP - Memory Utilization	5.800000000000001	1716071609318	152fedec44c34c0f80f9471046167856	0	f
TOP - Memory Usage GB	1.8908	1716071609318	152fedec44c34c0f80f9471046167856	0	f
TOP - Swap Memory GB	0.020300000000000002	1716071609339	152fedec44c34c0f80f9471046167856	0	f
TOP - CPU Utilization	103	1716071610320	152fedec44c34c0f80f9471046167856	0	f
TOP - Memory Utilization	7.500000000000001	1716071610320	152fedec44c34c0f80f9471046167856	0	f
TOP - Memory Usage GB	1.8908	1716071610320	152fedec44c34c0f80f9471046167856	0	f
TOP - Swap Memory GB	0.020300000000000002	1716071610348	152fedec44c34c0f80f9471046167856	0	f
TOP - CPU Utilization	104	1716071611325	152fedec44c34c0f80f9471046167856	0	f
TOP - Memory Utilization	7.500000000000001	1716071611325	152fedec44c34c0f80f9471046167856	0	f
TOP - Memory Usage GB	1.8908	1716071611325	152fedec44c34c0f80f9471046167856	0	f
TOP - Swap Memory GB	0.020300000000000002	1716071611352	152fedec44c34c0f80f9471046167856	0	f
TOP - CPU Utilization	103	1716071612328	152fedec44c34c0f80f9471046167856	0	f
TOP - Memory Utilization	6.1000000000000005	1716071612328	152fedec44c34c0f80f9471046167856	0	f
TOP - Memory Usage GB	1.8909	1716071612328	152fedec44c34c0f80f9471046167856	0	f
TOP - Swap Memory GB	0.020300000000000002	1716071612353	152fedec44c34c0f80f9471046167856	0	f
TOP - CPU Utilization	102	1716071613330	152fedec44c34c0f80f9471046167856	0	f
TOP - Memory Utilization	7.500000000000001	1716071613330	152fedec44c34c0f80f9471046167856	0	f
TOP - Memory Usage GB	1.8909	1716071613330	152fedec44c34c0f80f9471046167856	0	f
TOP - Swap Memory GB	0.020300000000000002	1716071613348	152fedec44c34c0f80f9471046167856	0	f
TOP - CPU Utilization	104	1716071614332	152fedec44c34c0f80f9471046167856	0	f
TOP - Memory Utilization	7.500000000000001	1716071614332	152fedec44c34c0f80f9471046167856	0	f
TOP - Memory Usage GB	1.8909	1716071614332	152fedec44c34c0f80f9471046167856	0	f
TOP - Swap Memory GB	0.020300000000000002	1716071614351	152fedec44c34c0f80f9471046167856	0	f
TOP - CPU Utilization	102	1716071615334	152fedec44c34c0f80f9471046167856	0	f
TOP - Memory Utilization	5.800000000000001	1716071615334	152fedec44c34c0f80f9471046167856	0	f
TOP - Memory Usage GB	1.8902999999999999	1716071615334	152fedec44c34c0f80f9471046167856	0	f
TOP - Swap Memory GB	0.020300000000000002	1716071615359	152fedec44c34c0f80f9471046167856	0	f
TOP - CPU Utilization	103	1716071616337	152fedec44c34c0f80f9471046167856	0	f
TOP - Memory Utilization	7.500000000000001	1716071616337	152fedec44c34c0f80f9471046167856	0	f
TOP - Memory Usage GB	1.8902999999999999	1716071616337	152fedec44c34c0f80f9471046167856	0	f
TOP - CPU Utilization	101	1716071617339	152fedec44c34c0f80f9471046167856	0	f
TOP - Memory Utilization	7.500000000000001	1716071617339	152fedec44c34c0f80f9471046167856	0	f
TOP - Memory Usage GB	1.8902999999999999	1716071617339	152fedec44c34c0f80f9471046167856	0	f
TOP - CPU Utilization	105	1716071618341	152fedec44c34c0f80f9471046167856	0	f
TOP - Memory Utilization	7.500000000000001	1716071618341	152fedec44c34c0f80f9471046167856	0	f
TOP - Memory Usage GB	1.8925999999999998	1716071618341	152fedec44c34c0f80f9471046167856	0	f
TOP - CPU Utilization	103	1716071619344	152fedec44c34c0f80f9471046167856	0	f
TOP - Memory Utilization	7.500000000000001	1716071619344	152fedec44c34c0f80f9471046167856	0	f
TOP - Memory Usage GB	1.8925999999999998	1716071619344	152fedec44c34c0f80f9471046167856	0	f
TOP - CPU Utilization	102	1716071620346	152fedec44c34c0f80f9471046167856	0	f
TOP - Memory Utilization	5.800000000000001	1716071620346	152fedec44c34c0f80f9471046167856	0	f
TOP - Memory Usage GB	1.8925999999999998	1716071620346	152fedec44c34c0f80f9471046167856	0	f
TOP - CPU Utilization	102	1716071621348	152fedec44c34c0f80f9471046167856	0	f
TOP - Memory Utilization	7.500000000000001	1716071621348	152fedec44c34c0f80f9471046167856	0	f
TOP - Memory Usage GB	1.8864	1716071621348	152fedec44c34c0f80f9471046167856	0	f
TOP - CPU Utilization	103	1716071622351	152fedec44c34c0f80f9471046167856	0	f
TOP - Memory Utilization	5.800000000000001	1716071622351	152fedec44c34c0f80f9471046167856	0	f
TOP - Memory Usage GB	1.8864	1716071622351	152fedec44c34c0f80f9471046167856	0	f
TOP - CPU Utilization	103	1716071623355	152fedec44c34c0f80f9471046167856	0	f
TOP - Memory Utilization	7.500000000000001	1716071623355	152fedec44c34c0f80f9471046167856	0	f
TOP - Memory Usage GB	1.8864	1716071623355	152fedec44c34c0f80f9471046167856	0	f
TOP - CPU Utilization	103	1716071624357	152fedec44c34c0f80f9471046167856	0	f
TOP - Memory Utilization	7.500000000000001	1716071624357	152fedec44c34c0f80f9471046167856	0	f
TOP - Memory Usage GB	1.8901	1716071624357	152fedec44c34c0f80f9471046167856	0	f
TOP - CPU Utilization	102	1716071625359	152fedec44c34c0f80f9471046167856	0	f
TOP - Memory Utilization	5.800000000000001	1716071625359	152fedec44c34c0f80f9471046167856	0	f
TOP - Memory Usage GB	1.8901	1716071625359	152fedec44c34c0f80f9471046167856	0	f
TOP - CPU Utilization	104	1716071626361	152fedec44c34c0f80f9471046167856	0	f
TOP - Memory Utilization	7.500000000000001	1716071626361	152fedec44c34c0f80f9471046167856	0	f
TOP - Memory Usage GB	1.8901	1716071626361	152fedec44c34c0f80f9471046167856	0	f
TOP - CPU Utilization	104	1716071627364	152fedec44c34c0f80f9471046167856	0	f
TOP - Memory Utilization	7.500000000000001	1716071627364	152fedec44c34c0f80f9471046167856	0	f
TOP - Memory Usage GB	1.8911	1716071627364	152fedec44c34c0f80f9471046167856	0	f
TOP - CPU Utilization	102	1716071628366	152fedec44c34c0f80f9471046167856	0	f
TOP - Memory Utilization	5.800000000000001	1716071628366	152fedec44c34c0f80f9471046167856	0	f
TOP - Memory Usage GB	1.8911	1716071628366	152fedec44c34c0f80f9471046167856	0	f
TOP - CPU Utilization	102	1716071629368	152fedec44c34c0f80f9471046167856	0	f
TOP - Memory Utilization	7.500000000000001	1716071629368	152fedec44c34c0f80f9471046167856	0	f
TOP - Memory Usage GB	1.8911	1716071629368	152fedec44c34c0f80f9471046167856	0	f
TOP - CPU Utilization	104	1716071630371	152fedec44c34c0f80f9471046167856	0	f
TOP - Memory Utilization	7.500000000000001	1716071630371	152fedec44c34c0f80f9471046167856	0	f
TOP - Memory Usage GB	1.8907	1716071630371	152fedec44c34c0f80f9471046167856	0	f
TOP - CPU Utilization	103	1716071631373	152fedec44c34c0f80f9471046167856	0	f
TOP - Memory Utilization	7.500000000000001	1716071631373	152fedec44c34c0f80f9471046167856	0	f
TOP - Memory Usage GB	1.8907	1716071631373	152fedec44c34c0f80f9471046167856	0	f
TOP - CPU Utilization	101	1716071632376	152fedec44c34c0f80f9471046167856	0	f
TOP - Memory Utilization	5.800000000000001	1716071632376	152fedec44c34c0f80f9471046167856	0	f
TOP - Memory Usage GB	1.8907	1716071632376	152fedec44c34c0f80f9471046167856	0	f
TOP - CPU Utilization	104	1716071633378	152fedec44c34c0f80f9471046167856	0	f
TOP - Memory Utilization	7.500000000000001	1716071633378	152fedec44c34c0f80f9471046167856	0	f
TOP - Memory Usage GB	1.8922999999999999	1716071633378	152fedec44c34c0f80f9471046167856	0	f
TOP - CPU Utilization	102	1716071634379	152fedec44c34c0f80f9471046167856	0	f
TOP - Memory Utilization	7.500000000000001	1716071634379	152fedec44c34c0f80f9471046167856	0	f
TOP - Memory Usage GB	1.8922999999999999	1716071634379	152fedec44c34c0f80f9471046167856	0	f
TOP - CPU Utilization	103	1716071635381	152fedec44c34c0f80f9471046167856	0	f
TOP - Memory Utilization	5.800000000000001	1716071635381	152fedec44c34c0f80f9471046167856	0	f
TOP - Memory Usage GB	1.8922999999999999	1716071635381	152fedec44c34c0f80f9471046167856	0	f
TOP - CPU Utilization	103	1716071636383	152fedec44c34c0f80f9471046167856	0	f
TOP - Memory Utilization	7.500000000000001	1716071636383	152fedec44c34c0f80f9471046167856	0	f
TOP - Memory Usage GB	1.8918	1716071636383	152fedec44c34c0f80f9471046167856	0	f
TOP - CPU Utilization	103	1716071637386	152fedec44c34c0f80f9471046167856	0	f
TOP - Swap Memory GB	0.020300000000000002	1716071616364	152fedec44c34c0f80f9471046167856	0	f
TOP - Swap Memory GB	0.020300000000000002	1716071617363	152fedec44c34c0f80f9471046167856	0	f
TOP - Swap Memory GB	0.020300000000000002	1716071618369	152fedec44c34c0f80f9471046167856	0	f
TOP - Swap Memory GB	0.020300000000000002	1716071619362	152fedec44c34c0f80f9471046167856	0	f
TOP - Swap Memory GB	0.020300000000000002	1716071620373	152fedec44c34c0f80f9471046167856	0	f
TOP - Swap Memory GB	0.020300000000000002	1716071621365	152fedec44c34c0f80f9471046167856	0	f
TOP - Swap Memory GB	0.020300000000000002	1716071622379	152fedec44c34c0f80f9471046167856	0	f
TOP - Swap Memory GB	0.020300000000000002	1716071623380	152fedec44c34c0f80f9471046167856	0	f
TOP - Swap Memory GB	0.020300000000000002	1716071624383	152fedec44c34c0f80f9471046167856	0	f
TOP - Swap Memory GB	0.020300000000000002	1716071625384	152fedec44c34c0f80f9471046167856	0	f
TOP - Swap Memory GB	0.020300000000000002	1716071626388	152fedec44c34c0f80f9471046167856	0	f
TOP - Swap Memory GB	0.020300000000000002	1716071627390	152fedec44c34c0f80f9471046167856	0	f
TOP - Swap Memory GB	0.020300000000000002	1716071628384	152fedec44c34c0f80f9471046167856	0	f
TOP - Swap Memory GB	0.020300000000000002	1716071629394	152fedec44c34c0f80f9471046167856	0	f
TOP - Swap Memory GB	0.020300000000000002	1716071630396	152fedec44c34c0f80f9471046167856	0	f
TOP - Swap Memory GB	0.020300000000000002	1716071631398	152fedec44c34c0f80f9471046167856	0	f
TOP - Swap Memory GB	0.020300000000000002	1716071632394	152fedec44c34c0f80f9471046167856	0	f
TOP - Swap Memory GB	0.020300000000000002	1716071633405	152fedec44c34c0f80f9471046167856	0	f
TOP - Swap Memory GB	0.020300000000000002	1716071634405	152fedec44c34c0f80f9471046167856	0	f
TOP - Swap Memory GB	0.020300000000000002	1716071635405	152fedec44c34c0f80f9471046167856	0	f
TOP - Swap Memory GB	0.020300000000000002	1716071636410	152fedec44c34c0f80f9471046167856	0	f
TOP - Swap Memory GB	0.020300000000000002	1716071637412	152fedec44c34c0f80f9471046167856	0	f
TOP - Swap Memory GB	0.020300000000000002	1716071638416	152fedec44c34c0f80f9471046167856	0	f
TOP - Swap Memory GB	0.020300000000000002	1716071639418	152fedec44c34c0f80f9471046167856	0	f
TOP - Swap Memory GB	0.020300000000000002	1716071640412	152fedec44c34c0f80f9471046167856	0	f
TOP - Swap Memory GB	0.020300000000000002	1716071641423	152fedec44c34c0f80f9471046167856	0	f
TOP - Swap Memory GB	0.020300000000000002	1716071642426	152fedec44c34c0f80f9471046167856	0	f
TOP - Swap Memory GB	0.020300000000000002	1716071643428	152fedec44c34c0f80f9471046167856	0	f
TOP - Swap Memory GB	0.020300000000000002	1716071644428	152fedec44c34c0f80f9471046167856	0	f
TOP - Swap Memory GB	0.020300000000000002	1716071645432	152fedec44c34c0f80f9471046167856	0	f
TOP - Swap Memory GB	0.020300000000000002	1716071646434	152fedec44c34c0f80f9471046167856	0	f
TOP - Swap Memory GB	0.020300000000000002	1716071647430	152fedec44c34c0f80f9471046167856	0	f
TOP - Swap Memory GB	0.020300000000000002	1716071648439	152fedec44c34c0f80f9471046167856	0	f
TOP - Swap Memory GB	0.020300000000000002	1716071649442	152fedec44c34c0f80f9471046167856	0	f
TOP - Swap Memory GB	0.020300000000000002	1716071650445	152fedec44c34c0f80f9471046167856	0	f
TOP - Swap Memory GB	0.020300000000000002	1716071651446	152fedec44c34c0f80f9471046167856	0	f
TOP - Swap Memory GB	0.020300000000000002	1716071652448	152fedec44c34c0f80f9471046167856	0	f
TOP - Swap Memory GB	0.020300000000000002	1716071653455	152fedec44c34c0f80f9471046167856	0	f
TOP - Swap Memory GB	0.020300000000000002	1716071654455	152fedec44c34c0f80f9471046167856	0	f
TOP - Swap Memory GB	0.020300000000000002	1716071655458	152fedec44c34c0f80f9471046167856	0	f
TOP - Swap Memory GB	0.020300000000000002	1716071656463	152fedec44c34c0f80f9471046167856	0	f
TOP - Swap Memory GB	0.020300000000000002	1716071657456	152fedec44c34c0f80f9471046167856	0	f
TOP - Swap Memory GB	0.020300000000000002	1716071658467	152fedec44c34c0f80f9471046167856	0	f
TOP - Swap Memory GB	0.020300000000000002	1716071659471	152fedec44c34c0f80f9471046167856	0	f
TOP - Swap Memory GB	0.020300000000000002	1716071660473	152fedec44c34c0f80f9471046167856	0	f
TOP - Swap Memory GB	0.020300000000000002	1716071661476	152fedec44c34c0f80f9471046167856	0	f
TOP - Swap Memory GB	0.020300000000000002	1716071662469	152fedec44c34c0f80f9471046167856	0	f
TOP - Swap Memory GB	0.020300000000000002	1716071663477	152fedec44c34c0f80f9471046167856	0	f
TOP - Swap Memory GB	0.020300000000000002	1716071964210	152fedec44c34c0f80f9471046167856	0	f
TOP - Swap Memory GB	0.020300000000000002	1716071965212	152fedec44c34c0f80f9471046167856	0	f
TOP - Swap Memory GB	0.020300000000000002	1716071966206	152fedec44c34c0f80f9471046167856	0	f
TOP - Swap Memory GB	0.020300000000000002	1716071967218	152fedec44c34c0f80f9471046167856	0	f
TOP - Swap Memory GB	0.020300000000000002	1716071968213	152fedec44c34c0f80f9471046167856	0	f
TOP - Swap Memory GB	0.020300000000000002	1716071969224	152fedec44c34c0f80f9471046167856	0	f
TOP - Swap Memory GB	0.020300000000000002	1716071970227	152fedec44c34c0f80f9471046167856	0	f
TOP - Swap Memory GB	0.020300000000000002	1716071971228	152fedec44c34c0f80f9471046167856	0	f
TOP - Swap Memory GB	0.020300000000000002	1716071972235	152fedec44c34c0f80f9471046167856	0	f
TOP - Swap Memory GB	0.020300000000000002	1716071973225	152fedec44c34c0f80f9471046167856	0	f
TOP - Swap Memory GB	0.020300000000000002	1716071974234	152fedec44c34c0f80f9471046167856	0	f
TOP - Swap Memory GB	0.020300000000000002	1716071975240	152fedec44c34c0f80f9471046167856	0	f
TOP - Swap Memory GB	0.020300000000000002	1716071976243	152fedec44c34c0f80f9471046167856	0	f
TOP - Swap Memory GB	0.020300000000000002	1716071977244	152fedec44c34c0f80f9471046167856	0	f
TOP - Swap Memory GB	0.020300000000000002	1716071978237	152fedec44c34c0f80f9471046167856	0	f
TOP - Swap Memory GB	0.020300000000000002	1716071979251	152fedec44c34c0f80f9471046167856	0	f
TOP - Swap Memory GB	0.020300000000000002	1716071980249	152fedec44c34c0f80f9471046167856	0	f
TOP - Memory Utilization	7.500000000000001	1716071637386	152fedec44c34c0f80f9471046167856	0	f
TOP - Memory Usage GB	1.8918	1716071637386	152fedec44c34c0f80f9471046167856	0	f
TOP - CPU Utilization	101	1716071638389	152fedec44c34c0f80f9471046167856	0	f
TOP - Memory Utilization	5.800000000000001	1716071638389	152fedec44c34c0f80f9471046167856	0	f
TOP - Memory Usage GB	1.8918	1716071638389	152fedec44c34c0f80f9471046167856	0	f
TOP - CPU Utilization	104	1716071639391	152fedec44c34c0f80f9471046167856	0	f
TOP - Memory Utilization	7.500000000000001	1716071639391	152fedec44c34c0f80f9471046167856	0	f
TOP - Memory Usage GB	1.8916	1716071639391	152fedec44c34c0f80f9471046167856	0	f
TOP - CPU Utilization	103	1716071640394	152fedec44c34c0f80f9471046167856	0	f
TOP - Memory Utilization	7.500000000000001	1716071640394	152fedec44c34c0f80f9471046167856	0	f
TOP - Memory Usage GB	1.8916	1716071640394	152fedec44c34c0f80f9471046167856	0	f
TOP - CPU Utilization	103	1716071641396	152fedec44c34c0f80f9471046167856	0	f
TOP - Memory Utilization	7.500000000000001	1716071641396	152fedec44c34c0f80f9471046167856	0	f
TOP - Memory Usage GB	1.8916	1716071641396	152fedec44c34c0f80f9471046167856	0	f
TOP - CPU Utilization	101	1716071642399	152fedec44c34c0f80f9471046167856	0	f
TOP - Memory Utilization	5.800000000000001	1716071642399	152fedec44c34c0f80f9471046167856	0	f
TOP - Memory Usage GB	1.8919000000000001	1716071642399	152fedec44c34c0f80f9471046167856	0	f
TOP - CPU Utilization	104	1716071643401	152fedec44c34c0f80f9471046167856	0	f
TOP - Memory Utilization	7.500000000000001	1716071643401	152fedec44c34c0f80f9471046167856	0	f
TOP - Memory Usage GB	1.8919000000000001	1716071643401	152fedec44c34c0f80f9471046167856	0	f
TOP - CPU Utilization	103	1716071644403	152fedec44c34c0f80f9471046167856	0	f
TOP - Memory Utilization	7.500000000000001	1716071644403	152fedec44c34c0f80f9471046167856	0	f
TOP - Memory Usage GB	1.8919000000000001	1716071644403	152fedec44c34c0f80f9471046167856	0	f
TOP - CPU Utilization	104	1716071645405	152fedec44c34c0f80f9471046167856	0	f
TOP - Memory Utilization	7.500000000000001	1716071645405	152fedec44c34c0f80f9471046167856	0	f
TOP - Memory Usage GB	1.8897	1716071645405	152fedec44c34c0f80f9471046167856	0	f
TOP - CPU Utilization	104	1716071646407	152fedec44c34c0f80f9471046167856	0	f
TOP - Memory Utilization	7.500000000000001	1716071646407	152fedec44c34c0f80f9471046167856	0	f
TOP - Memory Usage GB	1.8897	1716071646407	152fedec44c34c0f80f9471046167856	0	f
TOP - CPU Utilization	101	1716071647411	152fedec44c34c0f80f9471046167856	0	f
TOP - Memory Utilization	5.800000000000001	1716071647411	152fedec44c34c0f80f9471046167856	0	f
TOP - Memory Usage GB	1.8897	1716071647411	152fedec44c34c0f80f9471046167856	0	f
TOP - CPU Utilization	103	1716071648413	152fedec44c34c0f80f9471046167856	0	f
TOP - Memory Utilization	7.500000000000001	1716071648413	152fedec44c34c0f80f9471046167856	0	f
TOP - Memory Usage GB	1.8908	1716071648413	152fedec44c34c0f80f9471046167856	0	f
TOP - CPU Utilization	104	1716071649415	152fedec44c34c0f80f9471046167856	0	f
TOP - Memory Utilization	7.500000000000001	1716071649415	152fedec44c34c0f80f9471046167856	0	f
TOP - Memory Usage GB	1.8908	1716071649415	152fedec44c34c0f80f9471046167856	0	f
TOP - CPU Utilization	101	1716071650418	152fedec44c34c0f80f9471046167856	0	f
TOP - Memory Utilization	5.800000000000001	1716071650418	152fedec44c34c0f80f9471046167856	0	f
TOP - Memory Usage GB	1.8908	1716071650418	152fedec44c34c0f80f9471046167856	0	f
TOP - CPU Utilization	102	1716071651420	152fedec44c34c0f80f9471046167856	0	f
TOP - Memory Utilization	7.500000000000001	1716071651420	152fedec44c34c0f80f9471046167856	0	f
TOP - Memory Usage GB	1.8919000000000001	1716071651420	152fedec44c34c0f80f9471046167856	0	f
TOP - CPU Utilization	105	1716071652423	152fedec44c34c0f80f9471046167856	0	f
TOP - Memory Utilization	7.500000000000001	1716071652423	152fedec44c34c0f80f9471046167856	0	f
TOP - Memory Usage GB	1.8919000000000001	1716071652423	152fedec44c34c0f80f9471046167856	0	f
TOP - CPU Utilization	102	1716071653426	152fedec44c34c0f80f9471046167856	0	f
TOP - Memory Utilization	5.800000000000001	1716071653426	152fedec44c34c0f80f9471046167856	0	f
TOP - Memory Usage GB	1.8919000000000001	1716071653426	152fedec44c34c0f80f9471046167856	0	f
TOP - CPU Utilization	104	1716071654430	152fedec44c34c0f80f9471046167856	0	f
TOP - Memory Utilization	7.500000000000001	1716071654430	152fedec44c34c0f80f9471046167856	0	f
TOP - Memory Usage GB	1.8921	1716071654430	152fedec44c34c0f80f9471046167856	0	f
TOP - CPU Utilization	102	1716071655432	152fedec44c34c0f80f9471046167856	0	f
TOP - Memory Utilization	7.500000000000001	1716071655432	152fedec44c34c0f80f9471046167856	0	f
TOP - Memory Usage GB	1.8921	1716071655432	152fedec44c34c0f80f9471046167856	0	f
TOP - CPU Utilization	104	1716071656435	152fedec44c34c0f80f9471046167856	0	f
TOP - Memory Utilization	7.500000000000001	1716071656435	152fedec44c34c0f80f9471046167856	0	f
TOP - Memory Usage GB	1.8921	1716071656435	152fedec44c34c0f80f9471046167856	0	f
TOP - CPU Utilization	103	1716071657438	152fedec44c34c0f80f9471046167856	0	f
TOP - Memory Utilization	5.800000000000001	1716071657438	152fedec44c34c0f80f9471046167856	0	f
TOP - Memory Usage GB	1.8918	1716071657438	152fedec44c34c0f80f9471046167856	0	f
TOP - CPU Utilization	101	1716071658440	152fedec44c34c0f80f9471046167856	0	f
TOP - Memory Utilization	7.500000000000001	1716071658440	152fedec44c34c0f80f9471046167856	0	f
TOP - Memory Usage GB	1.8918	1716071658440	152fedec44c34c0f80f9471046167856	0	f
TOP - CPU Utilization	104	1716071659443	152fedec44c34c0f80f9471046167856	0	f
TOP - Memory Utilization	7.500000000000001	1716071659443	152fedec44c34c0f80f9471046167856	0	f
TOP - Memory Usage GB	1.8918	1716071659443	152fedec44c34c0f80f9471046167856	0	f
TOP - CPU Utilization	104	1716071660445	152fedec44c34c0f80f9471046167856	0	f
TOP - Memory Utilization	7.500000000000001	1716071660445	152fedec44c34c0f80f9471046167856	0	f
TOP - Memory Usage GB	1.8899000000000001	1716071660445	152fedec44c34c0f80f9471046167856	0	f
TOP - CPU Utilization	102	1716071661448	152fedec44c34c0f80f9471046167856	0	f
TOP - Memory Utilization	5.800000000000001	1716071661448	152fedec44c34c0f80f9471046167856	0	f
TOP - Memory Usage GB	1.8899000000000001	1716071661448	152fedec44c34c0f80f9471046167856	0	f
TOP - CPU Utilization	102	1716071662450	152fedec44c34c0f80f9471046167856	0	f
TOP - Memory Utilization	7.500000000000001	1716071662450	152fedec44c34c0f80f9471046167856	0	f
TOP - Memory Usage GB	1.8899000000000001	1716071662450	152fedec44c34c0f80f9471046167856	0	f
TOP - CPU Utilization	104	1716071663452	152fedec44c34c0f80f9471046167856	0	f
TOP - Memory Utilization	7.500000000000001	1716071663452	152fedec44c34c0f80f9471046167856	0	f
TOP - Memory Usage GB	1.8891	1716071663452	152fedec44c34c0f80f9471046167856	0	f
TOP - CPU Utilization	102	1716071664455	152fedec44c34c0f80f9471046167856	0	f
TOP - Memory Utilization	5.800000000000001	1716071664455	152fedec44c34c0f80f9471046167856	0	f
TOP - Memory Usage GB	1.8891	1716071664455	152fedec44c34c0f80f9471046167856	0	f
TOP - Swap Memory GB	0.020300000000000002	1716071664485	152fedec44c34c0f80f9471046167856	0	f
TOP - CPU Utilization	103	1716071665457	152fedec44c34c0f80f9471046167856	0	f
TOP - Memory Utilization	7.500000000000001	1716071665457	152fedec44c34c0f80f9471046167856	0	f
TOP - Memory Usage GB	1.8891	1716071665457	152fedec44c34c0f80f9471046167856	0	f
TOP - Swap Memory GB	0.020300000000000002	1716071665483	152fedec44c34c0f80f9471046167856	0	f
TOP - CPU Utilization	102	1716071666459	152fedec44c34c0f80f9471046167856	0	f
TOP - Memory Utilization	7.500000000000001	1716071666459	152fedec44c34c0f80f9471046167856	0	f
TOP - Memory Usage GB	1.8897	1716071666459	152fedec44c34c0f80f9471046167856	0	f
TOP - Swap Memory GB	0.020300000000000002	1716071666486	152fedec44c34c0f80f9471046167856	0	f
TOP - CPU Utilization	103	1716071667463	152fedec44c34c0f80f9471046167856	0	f
TOP - Memory Utilization	5.800000000000001	1716071667463	152fedec44c34c0f80f9471046167856	0	f
TOP - Memory Usage GB	1.8897	1716071667463	152fedec44c34c0f80f9471046167856	0	f
TOP - Swap Memory GB	0.020300000000000002	1716071667493	152fedec44c34c0f80f9471046167856	0	f
TOP - CPU Utilization	103	1716071668466	152fedec44c34c0f80f9471046167856	0	f
TOP - Memory Utilization	7.500000000000001	1716071668466	152fedec44c34c0f80f9471046167856	0	f
TOP - Memory Usage GB	1.8897	1716071668466	152fedec44c34c0f80f9471046167856	0	f
TOP - Swap Memory GB	0.020300000000000002	1716071668487	152fedec44c34c0f80f9471046167856	0	f
TOP - CPU Utilization	104	1716071669469	152fedec44c34c0f80f9471046167856	0	f
TOP - Memory Utilization	7.500000000000001	1716071669469	152fedec44c34c0f80f9471046167856	0	f
TOP - Memory Usage GB	1.8896	1716071669469	152fedec44c34c0f80f9471046167856	0	f
TOP - Swap Memory GB	0.020300000000000002	1716071669494	152fedec44c34c0f80f9471046167856	0	f
TOP - CPU Utilization	104	1716071670471	152fedec44c34c0f80f9471046167856	0	f
TOP - Memory Utilization	7.500000000000001	1716071670471	152fedec44c34c0f80f9471046167856	0	f
TOP - Memory Usage GB	1.8896	1716071670471	152fedec44c34c0f80f9471046167856	0	f
TOP - Swap Memory GB	0.020300000000000002	1716071670498	152fedec44c34c0f80f9471046167856	0	f
TOP - CPU Utilization	102	1716071671473	152fedec44c34c0f80f9471046167856	0	f
TOP - Memory Utilization	5.800000000000001	1716071671473	152fedec44c34c0f80f9471046167856	0	f
TOP - Memory Usage GB	1.8896	1716071671473	152fedec44c34c0f80f9471046167856	0	f
TOP - Swap Memory GB	0.020300000000000002	1716071671500	152fedec44c34c0f80f9471046167856	0	f
TOP - CPU Utilization	103	1716071672476	152fedec44c34c0f80f9471046167856	0	f
TOP - Memory Utilization	7.500000000000001	1716071672476	152fedec44c34c0f80f9471046167856	0	f
TOP - Memory Usage GB	1.8905999999999998	1716071672476	152fedec44c34c0f80f9471046167856	0	f
TOP - Swap Memory GB	0.020300000000000002	1716071672504	152fedec44c34c0f80f9471046167856	0	f
TOP - CPU Utilization	102	1716071673478	152fedec44c34c0f80f9471046167856	0	f
TOP - Memory Utilization	7.500000000000001	1716071673478	152fedec44c34c0f80f9471046167856	0	f
TOP - Memory Usage GB	1.8905999999999998	1716071673478	152fedec44c34c0f80f9471046167856	0	f
TOP - Swap Memory GB	0.020300000000000002	1716071673495	152fedec44c34c0f80f9471046167856	0	f
TOP - CPU Utilization	104	1716071674480	152fedec44c34c0f80f9471046167856	0	f
TOP - Memory Utilization	7.500000000000001	1716071674480	152fedec44c34c0f80f9471046167856	0	f
TOP - Memory Usage GB	1.8905999999999998	1716071674480	152fedec44c34c0f80f9471046167856	0	f
TOP - Swap Memory GB	0.020300000000000002	1716071674499	152fedec44c34c0f80f9471046167856	0	f
TOP - CPU Utilization	103	1716071675483	152fedec44c34c0f80f9471046167856	0	f
TOP - Memory Utilization	5.800000000000001	1716071675483	152fedec44c34c0f80f9471046167856	0	f
TOP - Memory Usage GB	1.891	1716071675483	152fedec44c34c0f80f9471046167856	0	f
TOP - Swap Memory GB	0.020300000000000002	1716071675508	152fedec44c34c0f80f9471046167856	0	f
TOP - CPU Utilization	103	1716071676485	152fedec44c34c0f80f9471046167856	0	f
TOP - Memory Utilization	7.500000000000001	1716071676485	152fedec44c34c0f80f9471046167856	0	f
TOP - Memory Usage GB	1.891	1716071676485	152fedec44c34c0f80f9471046167856	0	f
TOP - CPU Utilization	103	1716071677487	152fedec44c34c0f80f9471046167856	0	f
TOP - Memory Utilization	7.500000000000001	1716071677487	152fedec44c34c0f80f9471046167856	0	f
TOP - Memory Usage GB	1.891	1716071677487	152fedec44c34c0f80f9471046167856	0	f
TOP - CPU Utilization	101	1716071678489	152fedec44c34c0f80f9471046167856	0	f
TOP - Memory Utilization	5.800000000000001	1716071678489	152fedec44c34c0f80f9471046167856	0	f
TOP - Memory Usage GB	1.8914000000000002	1716071678489	152fedec44c34c0f80f9471046167856	0	f
TOP - CPU Utilization	105	1716071679491	152fedec44c34c0f80f9471046167856	0	f
TOP - Memory Utilization	7.500000000000001	1716071679491	152fedec44c34c0f80f9471046167856	0	f
TOP - Memory Usage GB	1.8914000000000002	1716071679491	152fedec44c34c0f80f9471046167856	0	f
TOP - CPU Utilization	103	1716071680494	152fedec44c34c0f80f9471046167856	0	f
TOP - Memory Utilization	7.500000000000001	1716071680494	152fedec44c34c0f80f9471046167856	0	f
TOP - Memory Usage GB	1.8914000000000002	1716071680494	152fedec44c34c0f80f9471046167856	0	f
TOP - CPU Utilization	102	1716071681496	152fedec44c34c0f80f9471046167856	0	f
TOP - Memory Utilization	5.800000000000001	1716071681496	152fedec44c34c0f80f9471046167856	0	f
TOP - Memory Usage GB	1.8902999999999999	1716071681496	152fedec44c34c0f80f9471046167856	0	f
TOP - CPU Utilization	102	1716071682498	152fedec44c34c0f80f9471046167856	0	f
TOP - Memory Utilization	7.500000000000001	1716071682498	152fedec44c34c0f80f9471046167856	0	f
TOP - Memory Usage GB	1.8902999999999999	1716071682498	152fedec44c34c0f80f9471046167856	0	f
TOP - CPU Utilization	104	1716071683500	152fedec44c34c0f80f9471046167856	0	f
TOP - Memory Utilization	7.500000000000001	1716071683500	152fedec44c34c0f80f9471046167856	0	f
TOP - Memory Usage GB	1.8902999999999999	1716071683500	152fedec44c34c0f80f9471046167856	0	f
TOP - CPU Utilization	103	1716071684502	152fedec44c34c0f80f9471046167856	0	f
TOP - Memory Utilization	5.800000000000001	1716071684502	152fedec44c34c0f80f9471046167856	0	f
TOP - Memory Usage GB	1.8917	1716071684502	152fedec44c34c0f80f9471046167856	0	f
TOP - CPU Utilization	102	1716071685505	152fedec44c34c0f80f9471046167856	0	f
TOP - Memory Utilization	5.800000000000001	1716071685505	152fedec44c34c0f80f9471046167856	0	f
TOP - Memory Usage GB	1.8917	1716071685505	152fedec44c34c0f80f9471046167856	0	f
TOP - CPU Utilization	103	1716071686507	152fedec44c34c0f80f9471046167856	0	f
TOP - Memory Utilization	7.500000000000001	1716071686507	152fedec44c34c0f80f9471046167856	0	f
TOP - Memory Usage GB	1.8917	1716071686507	152fedec44c34c0f80f9471046167856	0	f
TOP - CPU Utilization	104	1716071687509	152fedec44c34c0f80f9471046167856	0	f
TOP - Memory Utilization	7.500000000000001	1716071687509	152fedec44c34c0f80f9471046167856	0	f
TOP - Memory Usage GB	1.8919000000000001	1716071687509	152fedec44c34c0f80f9471046167856	0	f
TOP - CPU Utilization	103	1716071688514	152fedec44c34c0f80f9471046167856	0	f
TOP - Memory Utilization	5.800000000000001	1716071688514	152fedec44c34c0f80f9471046167856	0	f
TOP - Memory Usage GB	1.8919000000000001	1716071688514	152fedec44c34c0f80f9471046167856	0	f
TOP - CPU Utilization	103	1716071689516	152fedec44c34c0f80f9471046167856	0	f
TOP - Memory Utilization	7.500000000000001	1716071689516	152fedec44c34c0f80f9471046167856	0	f
TOP - Memory Usage GB	1.8919000000000001	1716071689516	152fedec44c34c0f80f9471046167856	0	f
TOP - CPU Utilization	102	1716071690519	152fedec44c34c0f80f9471046167856	0	f
TOP - Memory Utilization	7.500000000000001	1716071690519	152fedec44c34c0f80f9471046167856	0	f
TOP - Memory Usage GB	1.893	1716071690519	152fedec44c34c0f80f9471046167856	0	f
TOP - CPU Utilization	104	1716071691521	152fedec44c34c0f80f9471046167856	0	f
TOP - Memory Utilization	7.500000000000001	1716071691521	152fedec44c34c0f80f9471046167856	0	f
TOP - Memory Usage GB	1.893	1716071691521	152fedec44c34c0f80f9471046167856	0	f
TOP - CPU Utilization	102	1716071692524	152fedec44c34c0f80f9471046167856	0	f
TOP - Memory Utilization	5.800000000000001	1716071692524	152fedec44c34c0f80f9471046167856	0	f
TOP - Memory Usage GB	1.893	1716071692524	152fedec44c34c0f80f9471046167856	0	f
TOP - CPU Utilization	103	1716071693526	152fedec44c34c0f80f9471046167856	0	f
TOP - Memory Utilization	7.500000000000001	1716071693526	152fedec44c34c0f80f9471046167856	0	f
TOP - Memory Usage GB	1.8922	1716071693526	152fedec44c34c0f80f9471046167856	0	f
TOP - CPU Utilization	103	1716071694529	152fedec44c34c0f80f9471046167856	0	f
TOP - Memory Utilization	7.500000000000001	1716071694529	152fedec44c34c0f80f9471046167856	0	f
TOP - Memory Usage GB	1.8922	1716071694529	152fedec44c34c0f80f9471046167856	0	f
TOP - CPU Utilization	102	1716071695531	152fedec44c34c0f80f9471046167856	0	f
TOP - Memory Utilization	5.800000000000001	1716071695531	152fedec44c34c0f80f9471046167856	0	f
TOP - Memory Usage GB	1.8922	1716071695531	152fedec44c34c0f80f9471046167856	0	f
TOP - CPU Utilization	104	1716071696534	152fedec44c34c0f80f9471046167856	0	f
TOP - Memory Utilization	7.800000000000001	1716071696534	152fedec44c34c0f80f9471046167856	0	f
TOP - Memory Usage GB	1.8892	1716071696534	152fedec44c34c0f80f9471046167856	0	f
TOP - CPU Utilization	103	1716071697536	152fedec44c34c0f80f9471046167856	0	f
TOP - Swap Memory GB	0.020300000000000002	1716071676514	152fedec44c34c0f80f9471046167856	0	f
TOP - Swap Memory GB	0.020300000000000002	1716071677516	152fedec44c34c0f80f9471046167856	0	f
TOP - Swap Memory GB	0.020300000000000002	1716071678515	152fedec44c34c0f80f9471046167856	0	f
TOP - Swap Memory GB	0.020300000000000002	1716071679520	152fedec44c34c0f80f9471046167856	0	f
TOP - Swap Memory GB	0.020300000000000002	1716071680520	152fedec44c34c0f80f9471046167856	0	f
TOP - Swap Memory GB	0.020300000000000002	1716071681524	152fedec44c34c0f80f9471046167856	0	f
TOP - Swap Memory GB	0.020300000000000002	1716071682527	152fedec44c34c0f80f9471046167856	0	f
TOP - Swap Memory GB	0.020300000000000002	1716071683526	152fedec44c34c0f80f9471046167856	0	f
TOP - Swap Memory GB	0.020300000000000002	1716071684527	152fedec44c34c0f80f9471046167856	0	f
TOP - Swap Memory GB	0.020300000000000002	1716071685534	152fedec44c34c0f80f9471046167856	0	f
TOP - Swap Memory GB	0.020300000000000002	1716071686535	152fedec44c34c0f80f9471046167856	0	f
TOP - Swap Memory GB	0.020300000000000002	1716071687536	152fedec44c34c0f80f9471046167856	0	f
TOP - Swap Memory GB	0.020300000000000002	1716071688540	152fedec44c34c0f80f9471046167856	0	f
TOP - Swap Memory GB	0.020300000000000002	1716071689534	152fedec44c34c0f80f9471046167856	0	f
TOP - Swap Memory GB	0.020300000000000002	1716071690546	152fedec44c34c0f80f9471046167856	0	f
TOP - Swap Memory GB	0.020300000000000002	1716071691547	152fedec44c34c0f80f9471046167856	0	f
TOP - Swap Memory GB	0.020300000000000002	1716071692551	152fedec44c34c0f80f9471046167856	0	f
TOP - Swap Memory GB	0.020300000000000002	1716071693553	152fedec44c34c0f80f9471046167856	0	f
TOP - Swap Memory GB	0.020300000000000002	1716071694559	152fedec44c34c0f80f9471046167856	0	f
TOP - Swap Memory GB	0.020300000000000002	1716071695557	152fedec44c34c0f80f9471046167856	0	f
TOP - Swap Memory GB	0.020300000000000002	1716071696558	152fedec44c34c0f80f9471046167856	0	f
TOP - Swap Memory GB	0.020300000000000002	1716071697556	152fedec44c34c0f80f9471046167856	0	f
TOP - Swap Memory GB	0.020300000000000002	1716071698557	152fedec44c34c0f80f9471046167856	0	f
TOP - Swap Memory GB	0.020300000000000002	1716071699566	152fedec44c34c0f80f9471046167856	0	f
TOP - Swap Memory GB	0.020300000000000002	1716071700571	152fedec44c34c0f80f9471046167856	0	f
TOP - Swap Memory GB	0.020300000000000002	1716071701574	152fedec44c34c0f80f9471046167856	0	f
TOP - Swap Memory GB	0.020300000000000002	1716071702573	152fedec44c34c0f80f9471046167856	0	f
TOP - Swap Memory GB	0.020300000000000002	1716071703568	152fedec44c34c0f80f9471046167856	0	f
TOP - Swap Memory GB	0.020300000000000002	1716071704580	152fedec44c34c0f80f9471046167856	0	f
TOP - Swap Memory GB	0.020300000000000002	1716071705584	152fedec44c34c0f80f9471046167856	0	f
TOP - Swap Memory GB	0.020300000000000002	1716071706589	152fedec44c34c0f80f9471046167856	0	f
TOP - Swap Memory GB	0.020300000000000002	1716071707588	152fedec44c34c0f80f9471046167856	0	f
TOP - Swap Memory GB	0.020300000000000002	1716071708590	152fedec44c34c0f80f9471046167856	0	f
TOP - Swap Memory GB	0.020300000000000002	1716071709592	152fedec44c34c0f80f9471046167856	0	f
TOP - Swap Memory GB	0.020300000000000002	1716071710595	152fedec44c34c0f80f9471046167856	0	f
TOP - Swap Memory GB	0.020300000000000002	1716071711597	152fedec44c34c0f80f9471046167856	0	f
TOP - Swap Memory GB	0.020300000000000002	1716071712594	152fedec44c34c0f80f9471046167856	0	f
TOP - Swap Memory GB	0.020300000000000002	1716071713604	152fedec44c34c0f80f9471046167856	0	f
TOP - Swap Memory GB	0.020300000000000002	1716071714603	152fedec44c34c0f80f9471046167856	0	f
TOP - Swap Memory GB	0.020300000000000002	1716071715609	152fedec44c34c0f80f9471046167856	0	f
TOP - Swap Memory GB	0.020300000000000002	1716071716609	152fedec44c34c0f80f9471046167856	0	f
TOP - Swap Memory GB	0.020300000000000002	1716071717604	152fedec44c34c0f80f9471046167856	0	f
TOP - Swap Memory GB	0.020300000000000002	1716071718612	152fedec44c34c0f80f9471046167856	0	f
TOP - Swap Memory GB	0.020300000000000002	1716071719615	152fedec44c34c0f80f9471046167856	0	f
TOP - Swap Memory GB	0.020300000000000002	1716071720617	152fedec44c34c0f80f9471046167856	0	f
TOP - Swap Memory GB	0.020300000000000002	1716071721620	152fedec44c34c0f80f9471046167856	0	f
TOP - Swap Memory GB	0.020300000000000002	1716071722617	152fedec44c34c0f80f9471046167856	0	f
TOP - Swap Memory GB	0.020300000000000002	1716071723618	152fedec44c34c0f80f9471046167856	0	f
TOP - Memory Utilization	5.9	1716071968196	152fedec44c34c0f80f9471046167856	0	f
TOP - Memory Usage GB	1.9031	1716071968196	152fedec44c34c0f80f9471046167856	0	f
TOP - CPU Utilization	103	1716071969198	152fedec44c34c0f80f9471046167856	0	f
TOP - Memory Utilization	7.6000000000000005	1716071969198	152fedec44c34c0f80f9471046167856	0	f
TOP - Memory Usage GB	1.9031	1716071969198	152fedec44c34c0f80f9471046167856	0	f
TOP - CPU Utilization	101	1716071970201	152fedec44c34c0f80f9471046167856	0	f
TOP - Memory Utilization	7.6000000000000005	1716071970201	152fedec44c34c0f80f9471046167856	0	f
TOP - Memory Usage GB	1.9045	1716071970201	152fedec44c34c0f80f9471046167856	0	f
TOP - CPU Utilization	104	1716071971203	152fedec44c34c0f80f9471046167856	0	f
TOP - Memory Utilization	7.6000000000000005	1716071971203	152fedec44c34c0f80f9471046167856	0	f
TOP - Memory Usage GB	1.9045	1716071971203	152fedec44c34c0f80f9471046167856	0	f
TOP - CPU Utilization	102	1716071972205	152fedec44c34c0f80f9471046167856	0	f
TOP - Memory Utilization	5.9	1716071972205	152fedec44c34c0f80f9471046167856	0	f
TOP - Memory Usage GB	1.9045	1716071972205	152fedec44c34c0f80f9471046167856	0	f
TOP - CPU Utilization	104	1716071973207	152fedec44c34c0f80f9471046167856	0	f
TOP - Memory Utilization	7.6000000000000005	1716071973207	152fedec44c34c0f80f9471046167856	0	f
TOP - Memory Usage GB	1.9052	1716071973207	152fedec44c34c0f80f9471046167856	0	f
TOP - Memory Utilization	7.500000000000001	1716071697536	152fedec44c34c0f80f9471046167856	0	f
TOP - Memory Usage GB	1.8892	1716071697536	152fedec44c34c0f80f9471046167856	0	f
TOP - CPU Utilization	102	1716071698538	152fedec44c34c0f80f9471046167856	0	f
TOP - Memory Utilization	7.500000000000001	1716071698538	152fedec44c34c0f80f9471046167856	0	f
TOP - Memory Usage GB	1.8892	1716071698538	152fedec44c34c0f80f9471046167856	0	f
TOP - CPU Utilization	103	1716071699541	152fedec44c34c0f80f9471046167856	0	f
TOP - Memory Utilization	5.800000000000001	1716071699541	152fedec44c34c0f80f9471046167856	0	f
TOP - Memory Usage GB	1.8889	1716071699541	152fedec44c34c0f80f9471046167856	0	f
TOP - CPU Utilization	103	1716071700544	152fedec44c34c0f80f9471046167856	0	f
TOP - Memory Utilization	7.500000000000001	1716071700544	152fedec44c34c0f80f9471046167856	0	f
TOP - Memory Usage GB	1.8889	1716071700544	152fedec44c34c0f80f9471046167856	0	f
TOP - CPU Utilization	103	1716071701546	152fedec44c34c0f80f9471046167856	0	f
TOP - Memory Utilization	7.500000000000001	1716071701546	152fedec44c34c0f80f9471046167856	0	f
TOP - Memory Usage GB	1.8889	1716071701546	152fedec44c34c0f80f9471046167856	0	f
TOP - CPU Utilization	102	1716071702549	152fedec44c34c0f80f9471046167856	0	f
TOP - Memory Utilization	7.500000000000001	1716071702549	152fedec44c34c0f80f9471046167856	0	f
TOP - Memory Usage GB	1.893	1716071702549	152fedec44c34c0f80f9471046167856	0	f
TOP - CPU Utilization	104	1716071703552	152fedec44c34c0f80f9471046167856	0	f
TOP - Memory Utilization	5.800000000000001	1716071703552	152fedec44c34c0f80f9471046167856	0	f
TOP - Memory Usage GB	1.893	1716071703552	152fedec44c34c0f80f9471046167856	0	f
TOP - CPU Utilization	103	1716071704555	152fedec44c34c0f80f9471046167856	0	f
TOP - Memory Utilization	7.500000000000001	1716071704555	152fedec44c34c0f80f9471046167856	0	f
TOP - Memory Usage GB	1.893	1716071704555	152fedec44c34c0f80f9471046167856	0	f
TOP - CPU Utilization	102	1716071705557	152fedec44c34c0f80f9471046167856	0	f
TOP - Memory Utilization	7.500000000000001	1716071705557	152fedec44c34c0f80f9471046167856	0	f
TOP - Memory Usage GB	1.8912	1716071705557	152fedec44c34c0f80f9471046167856	0	f
TOP - CPU Utilization	101	1716071706559	152fedec44c34c0f80f9471046167856	0	f
TOP - Memory Utilization	5.800000000000001	1716071706559	152fedec44c34c0f80f9471046167856	0	f
TOP - Memory Usage GB	1.8912	1716071706559	152fedec44c34c0f80f9471046167856	0	f
TOP - CPU Utilization	104	1716071707561	152fedec44c34c0f80f9471046167856	0	f
TOP - Memory Utilization	7.500000000000001	1716071707561	152fedec44c34c0f80f9471046167856	0	f
TOP - Memory Usage GB	1.8912	1716071707561	152fedec44c34c0f80f9471046167856	0	f
TOP - CPU Utilization	104	1716071708563	152fedec44c34c0f80f9471046167856	0	f
TOP - Memory Utilization	7.500000000000001	1716071708563	152fedec44c34c0f80f9471046167856	0	f
TOP - Memory Usage GB	1.8912	1716071708563	152fedec44c34c0f80f9471046167856	0	f
TOP - CPU Utilization	103	1716071709566	152fedec44c34c0f80f9471046167856	0	f
TOP - Memory Utilization	7.500000000000001	1716071709566	152fedec44c34c0f80f9471046167856	0	f
TOP - Memory Usage GB	1.8912	1716071709566	152fedec44c34c0f80f9471046167856	0	f
TOP - CPU Utilization	102	1716071710568	152fedec44c34c0f80f9471046167856	0	f
TOP - Memory Utilization	5.800000000000001	1716071710568	152fedec44c34c0f80f9471046167856	0	f
TOP - Memory Usage GB	1.8912	1716071710568	152fedec44c34c0f80f9471046167856	0	f
TOP - CPU Utilization	103	1716071711570	152fedec44c34c0f80f9471046167856	0	f
TOP - Memory Utilization	7.500000000000001	1716071711570	152fedec44c34c0f80f9471046167856	0	f
TOP - Memory Usage GB	1.8914000000000002	1716071711570	152fedec44c34c0f80f9471046167856	0	f
TOP - CPU Utilization	103	1716071712574	152fedec44c34c0f80f9471046167856	0	f
TOP - Memory Utilization	7.500000000000001	1716071712574	152fedec44c34c0f80f9471046167856	0	f
TOP - Memory Usage GB	1.8914000000000002	1716071712574	152fedec44c34c0f80f9471046167856	0	f
TOP - CPU Utilization	103	1716071713576	152fedec44c34c0f80f9471046167856	0	f
TOP - Memory Utilization	7.500000000000001	1716071713576	152fedec44c34c0f80f9471046167856	0	f
TOP - Memory Usage GB	1.8914000000000002	1716071713576	152fedec44c34c0f80f9471046167856	0	f
TOP - CPU Utilization	101	1716071714578	152fedec44c34c0f80f9471046167856	0	f
TOP - Memory Utilization	5.800000000000001	1716071714578	152fedec44c34c0f80f9471046167856	0	f
TOP - Memory Usage GB	1.892	1716071714578	152fedec44c34c0f80f9471046167856	0	f
TOP - CPU Utilization	103	1716071715580	152fedec44c34c0f80f9471046167856	0	f
TOP - Memory Utilization	7.500000000000001	1716071715580	152fedec44c34c0f80f9471046167856	0	f
TOP - Memory Usage GB	1.892	1716071715580	152fedec44c34c0f80f9471046167856	0	f
TOP - CPU Utilization	105	1716071716582	152fedec44c34c0f80f9471046167856	0	f
TOP - Memory Utilization	7.500000000000001	1716071716582	152fedec44c34c0f80f9471046167856	0	f
TOP - Memory Usage GB	1.892	1716071716582	152fedec44c34c0f80f9471046167856	0	f
TOP - CPU Utilization	103	1716071717584	152fedec44c34c0f80f9471046167856	0	f
TOP - Memory Utilization	7.500000000000001	1716071717584	152fedec44c34c0f80f9471046167856	0	f
TOP - Memory Usage GB	1.893	1716071717584	152fedec44c34c0f80f9471046167856	0	f
TOP - CPU Utilization	103	1716071718587	152fedec44c34c0f80f9471046167856	0	f
TOP - Memory Utilization	7.500000000000001	1716071718587	152fedec44c34c0f80f9471046167856	0	f
TOP - Memory Usage GB	1.893	1716071718587	152fedec44c34c0f80f9471046167856	0	f
TOP - CPU Utilization	102	1716071719589	152fedec44c34c0f80f9471046167856	0	f
TOP - Memory Utilization	7.500000000000001	1716071719589	152fedec44c34c0f80f9471046167856	0	f
TOP - Memory Usage GB	1.893	1716071719589	152fedec44c34c0f80f9471046167856	0	f
TOP - CPU Utilization	103	1716071720591	152fedec44c34c0f80f9471046167856	0	f
TOP - Memory Utilization	5.800000000000001	1716071720591	152fedec44c34c0f80f9471046167856	0	f
TOP - Memory Usage GB	1.8919000000000001	1716071720591	152fedec44c34c0f80f9471046167856	0	f
TOP - CPU Utilization	103	1716071721593	152fedec44c34c0f80f9471046167856	0	f
TOP - Memory Utilization	7.500000000000001	1716071721593	152fedec44c34c0f80f9471046167856	0	f
TOP - Memory Usage GB	1.8919000000000001	1716071721593	152fedec44c34c0f80f9471046167856	0	f
TOP - CPU Utilization	103	1716071722596	152fedec44c34c0f80f9471046167856	0	f
TOP - Memory Utilization	7.500000000000001	1716071722596	152fedec44c34c0f80f9471046167856	0	f
TOP - Memory Usage GB	1.8919000000000001	1716071722596	152fedec44c34c0f80f9471046167856	0	f
TOP - CPU Utilization	102	1716071723599	152fedec44c34c0f80f9471046167856	0	f
TOP - Memory Utilization	5.800000000000001	1716071723599	152fedec44c34c0f80f9471046167856	0	f
TOP - Memory Usage GB	1.8931	1716071723599	152fedec44c34c0f80f9471046167856	0	f
TOP - CPU Utilization	104	1716071724602	152fedec44c34c0f80f9471046167856	0	f
TOP - Memory Utilization	7.500000000000001	1716071724602	152fedec44c34c0f80f9471046167856	0	f
TOP - Memory Usage GB	1.8931	1716071724602	152fedec44c34c0f80f9471046167856	0	f
TOP - Swap Memory GB	0.020300000000000002	1716071724629	152fedec44c34c0f80f9471046167856	0	f
TOP - CPU Utilization	102	1716071725604	152fedec44c34c0f80f9471046167856	0	f
TOP - Memory Utilization	5.800000000000001	1716071725604	152fedec44c34c0f80f9471046167856	0	f
TOP - Memory Usage GB	1.8931	1716071725604	152fedec44c34c0f80f9471046167856	0	f
TOP - Swap Memory GB	0.020300000000000002	1716071725629	152fedec44c34c0f80f9471046167856	0	f
TOP - CPU Utilization	103	1716071726606	152fedec44c34c0f80f9471046167856	0	f
TOP - Memory Utilization	7.500000000000001	1716071726606	152fedec44c34c0f80f9471046167856	0	f
TOP - Memory Usage GB	1.8918	1716071726606	152fedec44c34c0f80f9471046167856	0	f
TOP - Swap Memory GB	0.020300000000000002	1716071726634	152fedec44c34c0f80f9471046167856	0	f
TOP - CPU Utilization	102	1716071727608	152fedec44c34c0f80f9471046167856	0	f
TOP - Memory Utilization	7.500000000000001	1716071727608	152fedec44c34c0f80f9471046167856	0	f
TOP - Memory Usage GB	1.8918	1716071727608	152fedec44c34c0f80f9471046167856	0	f
TOP - Swap Memory GB	0.020300000000000002	1716071727625	152fedec44c34c0f80f9471046167856	0	f
TOP - CPU Utilization	103	1716071728611	152fedec44c34c0f80f9471046167856	0	f
TOP - Memory Utilization	5.800000000000001	1716071728611	152fedec44c34c0f80f9471046167856	0	f
TOP - Memory Usage GB	1.8918	1716071728611	152fedec44c34c0f80f9471046167856	0	f
TOP - Swap Memory GB	0.020300000000000002	1716071728635	152fedec44c34c0f80f9471046167856	0	f
TOP - CPU Utilization	103	1716071729613	152fedec44c34c0f80f9471046167856	0	f
TOP - Memory Utilization	7.500000000000001	1716071729613	152fedec44c34c0f80f9471046167856	0	f
TOP - Memory Usage GB	1.8914000000000002	1716071729613	152fedec44c34c0f80f9471046167856	0	f
TOP - Swap Memory GB	0.020300000000000002	1716071729640	152fedec44c34c0f80f9471046167856	0	f
TOP - CPU Utilization	101	1716071730615	152fedec44c34c0f80f9471046167856	0	f
TOP - Memory Utilization	5.800000000000001	1716071730615	152fedec44c34c0f80f9471046167856	0	f
TOP - Memory Usage GB	1.8914000000000002	1716071730615	152fedec44c34c0f80f9471046167856	0	f
TOP - Swap Memory GB	0.020300000000000002	1716071730646	152fedec44c34c0f80f9471046167856	0	f
TOP - CPU Utilization	104	1716071731618	152fedec44c34c0f80f9471046167856	0	f
TOP - Memory Utilization	7.500000000000001	1716071731618	152fedec44c34c0f80f9471046167856	0	f
TOP - Memory Usage GB	1.8914000000000002	1716071731618	152fedec44c34c0f80f9471046167856	0	f
TOP - Swap Memory GB	0.020300000000000002	1716071731648	152fedec44c34c0f80f9471046167856	0	f
TOP - CPU Utilization	102	1716071732620	152fedec44c34c0f80f9471046167856	0	f
TOP - Memory Utilization	7.500000000000001	1716071732620	152fedec44c34c0f80f9471046167856	0	f
TOP - Memory Usage GB	1.8889	1716071732620	152fedec44c34c0f80f9471046167856	0	f
TOP - Swap Memory GB	0.020300000000000002	1716071732638	152fedec44c34c0f80f9471046167856	0	f
TOP - CPU Utilization	104	1716071733622	152fedec44c34c0f80f9471046167856	0	f
TOP - Memory Utilization	7.500000000000001	1716071733622	152fedec44c34c0f80f9471046167856	0	f
TOP - Memory Usage GB	1.8889	1716071733622	152fedec44c34c0f80f9471046167856	0	f
TOP - Swap Memory GB	0.020300000000000002	1716071733649	152fedec44c34c0f80f9471046167856	0	f
TOP - CPU Utilization	102	1716071734625	152fedec44c34c0f80f9471046167856	0	f
TOP - Memory Utilization	5.800000000000001	1716071734625	152fedec44c34c0f80f9471046167856	0	f
TOP - Memory Usage GB	1.8889	1716071734625	152fedec44c34c0f80f9471046167856	0	f
TOP - Swap Memory GB	0.020300000000000002	1716071734657	152fedec44c34c0f80f9471046167856	0	f
TOP - CPU Utilization	103	1716071735627	152fedec44c34c0f80f9471046167856	0	f
TOP - Memory Utilization	7.500000000000001	1716071735627	152fedec44c34c0f80f9471046167856	0	f
TOP - Memory Usage GB	1.8917	1716071735627	152fedec44c34c0f80f9471046167856	0	f
TOP - Swap Memory GB	0.020300000000000002	1716071735658	152fedec44c34c0f80f9471046167856	0	f
TOP - CPU Utilization	103	1716071736629	152fedec44c34c0f80f9471046167856	0	f
TOP - Memory Utilization	7.500000000000001	1716071736629	152fedec44c34c0f80f9471046167856	0	f
TOP - Memory Usage GB	1.8917	1716071736629	152fedec44c34c0f80f9471046167856	0	f
TOP - CPU Utilization	104	1716071737631	152fedec44c34c0f80f9471046167856	0	f
TOP - Memory Utilization	7.500000000000001	1716071737631	152fedec44c34c0f80f9471046167856	0	f
TOP - Memory Usage GB	1.8917	1716071737631	152fedec44c34c0f80f9471046167856	0	f
TOP - CPU Utilization	102	1716071738635	152fedec44c34c0f80f9471046167856	0	f
TOP - Memory Utilization	5.800000000000001	1716071738635	152fedec44c34c0f80f9471046167856	0	f
TOP - Memory Usage GB	1.8937	1716071738635	152fedec44c34c0f80f9471046167856	0	f
TOP - CPU Utilization	103	1716071739637	152fedec44c34c0f80f9471046167856	0	f
TOP - Memory Utilization	7.500000000000001	1716071739637	152fedec44c34c0f80f9471046167856	0	f
TOP - Memory Usage GB	1.8937	1716071739637	152fedec44c34c0f80f9471046167856	0	f
TOP - CPU Utilization	103	1716071740639	152fedec44c34c0f80f9471046167856	0	f
TOP - Memory Utilization	7.500000000000001	1716071740639	152fedec44c34c0f80f9471046167856	0	f
TOP - Memory Usage GB	1.8937	1716071740639	152fedec44c34c0f80f9471046167856	0	f
TOP - CPU Utilization	103	1716071741642	152fedec44c34c0f80f9471046167856	0	f
TOP - Memory Utilization	5.800000000000001	1716071741642	152fedec44c34c0f80f9471046167856	0	f
TOP - Memory Usage GB	1.8932	1716071741642	152fedec44c34c0f80f9471046167856	0	f
TOP - CPU Utilization	103	1716071742646	152fedec44c34c0f80f9471046167856	0	f
TOP - Memory Utilization	7.500000000000001	1716071742646	152fedec44c34c0f80f9471046167856	0	f
TOP - Memory Usage GB	1.8932	1716071742646	152fedec44c34c0f80f9471046167856	0	f
TOP - CPU Utilization	103	1716071743648	152fedec44c34c0f80f9471046167856	0	f
TOP - Memory Utilization	7.500000000000001	1716071743648	152fedec44c34c0f80f9471046167856	0	f
TOP - Memory Usage GB	1.8932	1716071743648	152fedec44c34c0f80f9471046167856	0	f
TOP - CPU Utilization	103	1716071744652	152fedec44c34c0f80f9471046167856	0	f
TOP - Memory Utilization	7.500000000000001	1716071744652	152fedec44c34c0f80f9471046167856	0	f
TOP - Memory Usage GB	1.8953	1716071744652	152fedec44c34c0f80f9471046167856	0	f
TOP - CPU Utilization	103	1716071745655	152fedec44c34c0f80f9471046167856	0	f
TOP - Memory Utilization	7.500000000000001	1716071745655	152fedec44c34c0f80f9471046167856	0	f
TOP - Memory Usage GB	1.8953	1716071745655	152fedec44c34c0f80f9471046167856	0	f
TOP - CPU Utilization	103	1716071746657	152fedec44c34c0f80f9471046167856	0	f
TOP - Memory Utilization	7.500000000000001	1716071746657	152fedec44c34c0f80f9471046167856	0	f
TOP - Memory Usage GB	1.8953	1716071746657	152fedec44c34c0f80f9471046167856	0	f
TOP - CPU Utilization	101	1716071747662	152fedec44c34c0f80f9471046167856	0	f
TOP - Memory Utilization	5.800000000000001	1716071747662	152fedec44c34c0f80f9471046167856	0	f
TOP - Memory Usage GB	1.8925999999999998	1716071747662	152fedec44c34c0f80f9471046167856	0	f
TOP - CPU Utilization	104	1716071748664	152fedec44c34c0f80f9471046167856	0	f
TOP - Memory Utilization	7.500000000000001	1716071748664	152fedec44c34c0f80f9471046167856	0	f
TOP - Memory Usage GB	1.8925999999999998	1716071748664	152fedec44c34c0f80f9471046167856	0	f
TOP - CPU Utilization	104	1716071749666	152fedec44c34c0f80f9471046167856	0	f
TOP - Memory Utilization	7.500000000000001	1716071749666	152fedec44c34c0f80f9471046167856	0	f
TOP - Memory Usage GB	1.8925999999999998	1716071749666	152fedec44c34c0f80f9471046167856	0	f
TOP - CPU Utilization	101	1716071750668	152fedec44c34c0f80f9471046167856	0	f
TOP - Memory Utilization	5.800000000000001	1716071750668	152fedec44c34c0f80f9471046167856	0	f
TOP - Memory Usage GB	1.8944	1716071750668	152fedec44c34c0f80f9471046167856	0	f
TOP - CPU Utilization	103	1716071751671	152fedec44c34c0f80f9471046167856	0	f
TOP - Memory Utilization	7.500000000000001	1716071751671	152fedec44c34c0f80f9471046167856	0	f
TOP - Memory Usage GB	1.8944	1716071751671	152fedec44c34c0f80f9471046167856	0	f
TOP - CPU Utilization	105	1716071752673	152fedec44c34c0f80f9471046167856	0	f
TOP - Memory Utilization	7.500000000000001	1716071752673	152fedec44c34c0f80f9471046167856	0	f
TOP - Memory Usage GB	1.8944	1716071752673	152fedec44c34c0f80f9471046167856	0	f
TOP - CPU Utilization	102	1716071753675	152fedec44c34c0f80f9471046167856	0	f
TOP - Memory Utilization	7.500000000000001	1716071753675	152fedec44c34c0f80f9471046167856	0	f
TOP - Memory Usage GB	1.8947	1716071753675	152fedec44c34c0f80f9471046167856	0	f
TOP - CPU Utilization	103	1716071754677	152fedec44c34c0f80f9471046167856	0	f
TOP - Memory Utilization	7.500000000000001	1716071754677	152fedec44c34c0f80f9471046167856	0	f
TOP - Memory Usage GB	1.8947	1716071754677	152fedec44c34c0f80f9471046167856	0	f
TOP - CPU Utilization	102	1716071755680	152fedec44c34c0f80f9471046167856	0	f
TOP - Memory Utilization	7.500000000000001	1716071755680	152fedec44c34c0f80f9471046167856	0	f
TOP - Memory Usage GB	1.8947	1716071755680	152fedec44c34c0f80f9471046167856	0	f
TOP - CPU Utilization	104	1716071756682	152fedec44c34c0f80f9471046167856	0	f
TOP - Memory Utilization	5.800000000000001	1716071756682	152fedec44c34c0f80f9471046167856	0	f
TOP - Memory Usage GB	1.8952	1716071756682	152fedec44c34c0f80f9471046167856	0	f
TOP - CPU Utilization	103	1716071757685	152fedec44c34c0f80f9471046167856	0	f
TOP - Swap Memory GB	0.020300000000000002	1716071736656	152fedec44c34c0f80f9471046167856	0	f
TOP - Swap Memory GB	0.020300000000000002	1716071737655	152fedec44c34c0f80f9471046167856	0	f
TOP - Swap Memory GB	0.020300000000000002	1716071738662	152fedec44c34c0f80f9471046167856	0	f
TOP - Swap Memory GB	0.020300000000000002	1716071739664	152fedec44c34c0f80f9471046167856	0	f
TOP - Swap Memory GB	0.020300000000000002	1716071740671	152fedec44c34c0f80f9471046167856	0	f
TOP - Swap Memory GB	0.020300000000000002	1716071741673	152fedec44c34c0f80f9471046167856	0	f
TOP - Swap Memory GB	0.020300000000000002	1716071742664	152fedec44c34c0f80f9471046167856	0	f
TOP - Swap Memory GB	0.020300000000000002	1716071743669	152fedec44c34c0f80f9471046167856	0	f
TOP - Swap Memory GB	0.020300000000000002	1716071744682	152fedec44c34c0f80f9471046167856	0	f
TOP - Swap Memory GB	0.020300000000000002	1716071745679	152fedec44c34c0f80f9471046167856	0	f
TOP - Swap Memory GB	0.020300000000000002	1716071746687	152fedec44c34c0f80f9471046167856	0	f
TOP - Swap Memory GB	0.020300000000000002	1716071747684	152fedec44c34c0f80f9471046167856	0	f
TOP - Swap Memory GB	0.020300000000000002	1716071748690	152fedec44c34c0f80f9471046167856	0	f
TOP - Swap Memory GB	0.020300000000000002	1716071749692	152fedec44c34c0f80f9471046167856	0	f
TOP - Swap Memory GB	0.020300000000000002	1716071750694	152fedec44c34c0f80f9471046167856	0	f
TOP - Swap Memory GB	0.020300000000000002	1716071751698	152fedec44c34c0f80f9471046167856	0	f
TOP - Swap Memory GB	0.020300000000000002	1716071752699	152fedec44c34c0f80f9471046167856	0	f
TOP - Swap Memory GB	0.020300000000000002	1716071753703	152fedec44c34c0f80f9471046167856	0	f
TOP - Swap Memory GB	0.020300000000000002	1716071754702	152fedec44c34c0f80f9471046167856	0	f
TOP - Swap Memory GB	0.020300000000000002	1716071755708	152fedec44c34c0f80f9471046167856	0	f
TOP - Swap Memory GB	0.020300000000000002	1716071756708	152fedec44c34c0f80f9471046167856	0	f
TOP - Swap Memory GB	0.020300000000000002	1716071757703	152fedec44c34c0f80f9471046167856	0	f
TOP - Swap Memory GB	0.020300000000000002	1716071758712	152fedec44c34c0f80f9471046167856	0	f
TOP - Swap Memory GB	0.020300000000000002	1716071759717	152fedec44c34c0f80f9471046167856	0	f
TOP - Swap Memory GB	0.020300000000000002	1716071760720	152fedec44c34c0f80f9471046167856	0	f
TOP - Swap Memory GB	0.020300000000000002	1716071761720	152fedec44c34c0f80f9471046167856	0	f
TOP - Swap Memory GB	0.020300000000000002	1716071762718	152fedec44c34c0f80f9471046167856	0	f
TOP - Swap Memory GB	0.020300000000000002	1716071763724	152fedec44c34c0f80f9471046167856	0	f
TOP - Swap Memory GB	0.020300000000000002	1716071764731	152fedec44c34c0f80f9471046167856	0	f
TOP - Swap Memory GB	0.020300000000000002	1716071765734	152fedec44c34c0f80f9471046167856	0	f
TOP - Swap Memory GB	0.020300000000000002	1716071766733	152fedec44c34c0f80f9471046167856	0	f
TOP - Swap Memory GB	0.020300000000000002	1716071767728	152fedec44c34c0f80f9471046167856	0	f
TOP - Swap Memory GB	0.020300000000000002	1716071768738	152fedec44c34c0f80f9471046167856	0	f
TOP - Swap Memory GB	0.020300000000000002	1716071769742	152fedec44c34c0f80f9471046167856	0	f
TOP - Swap Memory GB	0.020300000000000002	1716071770743	152fedec44c34c0f80f9471046167856	0	f
TOP - Swap Memory GB	0.020300000000000002	1716071771744	152fedec44c34c0f80f9471046167856	0	f
TOP - Swap Memory GB	0.020300000000000002	1716071772749	152fedec44c34c0f80f9471046167856	0	f
TOP - Swap Memory GB	0.020300000000000002	1716071773742	152fedec44c34c0f80f9471046167856	0	f
TOP - Swap Memory GB	0.020300000000000002	1716071774754	152fedec44c34c0f80f9471046167856	0	f
TOP - Swap Memory GB	0.020300000000000002	1716071775755	152fedec44c34c0f80f9471046167856	0	f
TOP - Swap Memory GB	0.020300000000000002	1716071776758	152fedec44c34c0f80f9471046167856	0	f
TOP - Swap Memory GB	0.020300000000000002	1716071777761	152fedec44c34c0f80f9471046167856	0	f
TOP - Swap Memory GB	0.020300000000000002	1716071778757	152fedec44c34c0f80f9471046167856	0	f
TOP - Swap Memory GB	0.020300000000000002	1716071779765	152fedec44c34c0f80f9471046167856	0	f
TOP - Swap Memory GB	0.020300000000000002	1716071780767	152fedec44c34c0f80f9471046167856	0	f
TOP - Swap Memory GB	0.020300000000000002	1716071781771	152fedec44c34c0f80f9471046167856	0	f
TOP - Swap Memory GB	0.020300000000000002	1716071782773	152fedec44c34c0f80f9471046167856	0	f
TOP - Swap Memory GB	0.020300000000000002	1716071783774	152fedec44c34c0f80f9471046167856	0	f
TOP - Swap Memory GB	0.020300000000000002	1716071784777	152fedec44c34c0f80f9471046167856	0	f
TOP - Swap Memory GB	0.020300000000000002	1716071785781	152fedec44c34c0f80f9471046167856	0	f
TOP - Swap Memory GB	0.020300000000000002	1716071786782	152fedec44c34c0f80f9471046167856	0	f
TOP - Swap Memory GB	0.020300000000000002	1716071787778	152fedec44c34c0f80f9471046167856	0	f
TOP - Swap Memory GB	0.020300000000000002	1716071788787	152fedec44c34c0f80f9471046167856	0	f
TOP - Swap Memory GB	0.020300000000000002	1716071789789	152fedec44c34c0f80f9471046167856	0	f
TOP - Swap Memory GB	0.020300000000000002	1716071790793	152fedec44c34c0f80f9471046167856	0	f
TOP - Swap Memory GB	0.020300000000000002	1716071791790	152fedec44c34c0f80f9471046167856	0	f
TOP - Swap Memory GB	0.020300000000000002	1716071792787	152fedec44c34c0f80f9471046167856	0	f
TOP - Swap Memory GB	0.020300000000000002	1716071793799	152fedec44c34c0f80f9471046167856	0	f
TOP - Swap Memory GB	0.020300000000000002	1716071794799	152fedec44c34c0f80f9471046167856	0	f
TOP - Swap Memory GB	0.020300000000000002	1716071795802	152fedec44c34c0f80f9471046167856	0	f
TOP - Swap Memory GB	0.020300000000000002	1716071796811	152fedec44c34c0f80f9471046167856	0	f
TOP - Swap Memory GB	0.020300000000000002	1716071797806	152fedec44c34c0f80f9471046167856	0	f
TOP - Swap Memory GB	0.020300000000000002	1716071798815	152fedec44c34c0f80f9471046167856	0	f
TOP - Swap Memory GB	0.020300000000000002	1716071799816	152fedec44c34c0f80f9471046167856	0	f
TOP - Swap Memory GB	0.020300000000000002	1716071800820	152fedec44c34c0f80f9471046167856	0	f
TOP - Memory Utilization	7.500000000000001	1716071757685	152fedec44c34c0f80f9471046167856	0	f
TOP - Memory Usage GB	1.8952	1716071757685	152fedec44c34c0f80f9471046167856	0	f
TOP - CPU Utilization	102	1716071758687	152fedec44c34c0f80f9471046167856	0	f
TOP - Memory Utilization	5.800000000000001	1716071758687	152fedec44c34c0f80f9471046167856	0	f
TOP - Memory Usage GB	1.8952	1716071758687	152fedec44c34c0f80f9471046167856	0	f
TOP - CPU Utilization	102	1716071759689	152fedec44c34c0f80f9471046167856	0	f
TOP - Memory Utilization	7.500000000000001	1716071759689	152fedec44c34c0f80f9471046167856	0	f
TOP - Memory Usage GB	1.8978	1716071759689	152fedec44c34c0f80f9471046167856	0	f
TOP - CPU Utilization	104	1716071760692	152fedec44c34c0f80f9471046167856	0	f
TOP - Memory Utilization	7.500000000000001	1716071760692	152fedec44c34c0f80f9471046167856	0	f
TOP - Memory Usage GB	1.8978	1716071760692	152fedec44c34c0f80f9471046167856	0	f
TOP - CPU Utilization	103	1716071761694	152fedec44c34c0f80f9471046167856	0	f
TOP - Memory Utilization	5.800000000000001	1716071761694	152fedec44c34c0f80f9471046167856	0	f
TOP - Memory Usage GB	1.8978	1716071761694	152fedec44c34c0f80f9471046167856	0	f
TOP - CPU Utilization	103	1716071762697	152fedec44c34c0f80f9471046167856	0	f
TOP - Memory Utilization	7.500000000000001	1716071762697	152fedec44c34c0f80f9471046167856	0	f
TOP - Memory Usage GB	1.8965	1716071762697	152fedec44c34c0f80f9471046167856	0	f
TOP - CPU Utilization	102	1716071763699	152fedec44c34c0f80f9471046167856	0	f
TOP - Memory Utilization	7.500000000000001	1716071763699	152fedec44c34c0f80f9471046167856	0	f
TOP - Memory Usage GB	1.8965	1716071763699	152fedec44c34c0f80f9471046167856	0	f
TOP - CPU Utilization	105	1716071764702	152fedec44c34c0f80f9471046167856	0	f
TOP - Memory Utilization	7.500000000000001	1716071764702	152fedec44c34c0f80f9471046167856	0	f
TOP - Memory Usage GB	1.8965	1716071764702	152fedec44c34c0f80f9471046167856	0	f
TOP - CPU Utilization	102	1716071765704	152fedec44c34c0f80f9471046167856	0	f
TOP - Memory Utilization	5.800000000000001	1716071765704	152fedec44c34c0f80f9471046167856	0	f
TOP - Memory Usage GB	1.8971	1716071765704	152fedec44c34c0f80f9471046167856	0	f
TOP - CPU Utilization	103	1716071766708	152fedec44c34c0f80f9471046167856	0	f
TOP - Memory Utilization	7.500000000000001	1716071766708	152fedec44c34c0f80f9471046167856	0	f
TOP - Memory Usage GB	1.8971	1716071766708	152fedec44c34c0f80f9471046167856	0	f
TOP - CPU Utilization	102	1716071767709	152fedec44c34c0f80f9471046167856	0	f
TOP - Memory Utilization	7.500000000000001	1716071767709	152fedec44c34c0f80f9471046167856	0	f
TOP - Memory Usage GB	1.8971	1716071767709	152fedec44c34c0f80f9471046167856	0	f
TOP - CPU Utilization	103	1716071768712	152fedec44c34c0f80f9471046167856	0	f
TOP - Memory Utilization	5.800000000000001	1716071768712	152fedec44c34c0f80f9471046167856	0	f
TOP - Memory Usage GB	1.8941	1716071768712	152fedec44c34c0f80f9471046167856	0	f
TOP - CPU Utilization	102	1716071769715	152fedec44c34c0f80f9471046167856	0	f
TOP - Memory Utilization	7.500000000000001	1716071769715	152fedec44c34c0f80f9471046167856	0	f
TOP - Memory Usage GB	1.8941	1716071769715	152fedec44c34c0f80f9471046167856	0	f
TOP - CPU Utilization	102	1716071770717	152fedec44c34c0f80f9471046167856	0	f
TOP - Memory Utilization	5.800000000000001	1716071770717	152fedec44c34c0f80f9471046167856	0	f
TOP - Memory Usage GB	1.8941	1716071770717	152fedec44c34c0f80f9471046167856	0	f
TOP - CPU Utilization	103	1716071771719	152fedec44c34c0f80f9471046167856	0	f
TOP - Memory Utilization	7.500000000000001	1716071771719	152fedec44c34c0f80f9471046167856	0	f
TOP - Memory Usage GB	1.8965999999999998	1716071771719	152fedec44c34c0f80f9471046167856	0	f
TOP - CPU Utilization	103	1716071772721	152fedec44c34c0f80f9471046167856	0	f
TOP - Memory Utilization	7.500000000000001	1716071772721	152fedec44c34c0f80f9471046167856	0	f
TOP - Memory Usage GB	1.8965999999999998	1716071772721	152fedec44c34c0f80f9471046167856	0	f
TOP - CPU Utilization	103	1716071773725	152fedec44c34c0f80f9471046167856	0	f
TOP - Memory Utilization	7.500000000000001	1716071773725	152fedec44c34c0f80f9471046167856	0	f
TOP - Memory Usage GB	1.8965999999999998	1716071773725	152fedec44c34c0f80f9471046167856	0	f
TOP - CPU Utilization	103	1716071774727	152fedec44c34c0f80f9471046167856	0	f
TOP - Memory Utilization	6.1000000000000005	1716071774727	152fedec44c34c0f80f9471046167856	0	f
TOP - Memory Usage GB	1.8945999999999998	1716071774727	152fedec44c34c0f80f9471046167856	0	f
TOP - CPU Utilization	103	1716071775730	152fedec44c34c0f80f9471046167856	0	f
TOP - Memory Utilization	7.500000000000001	1716071775730	152fedec44c34c0f80f9471046167856	0	f
TOP - Memory Usage GB	1.8945999999999998	1716071775730	152fedec44c34c0f80f9471046167856	0	f
TOP - CPU Utilization	104	1716071776732	152fedec44c34c0f80f9471046167856	0	f
TOP - Memory Utilization	7.500000000000001	1716071776732	152fedec44c34c0f80f9471046167856	0	f
TOP - Memory Usage GB	1.8945999999999998	1716071776732	152fedec44c34c0f80f9471046167856	0	f
TOP - CPU Utilization	102	1716071777735	152fedec44c34c0f80f9471046167856	0	f
TOP - Memory Utilization	5.800000000000001	1716071777735	152fedec44c34c0f80f9471046167856	0	f
TOP - Memory Usage GB	1.8954000000000002	1716071777735	152fedec44c34c0f80f9471046167856	0	f
TOP - CPU Utilization	104	1716071778737	152fedec44c34c0f80f9471046167856	0	f
TOP - Memory Utilization	7.500000000000001	1716071778737	152fedec44c34c0f80f9471046167856	0	f
TOP - Memory Usage GB	1.8954000000000002	1716071778737	152fedec44c34c0f80f9471046167856	0	f
TOP - CPU Utilization	102	1716071779739	152fedec44c34c0f80f9471046167856	0	f
TOP - Memory Utilization	7.500000000000001	1716071779739	152fedec44c34c0f80f9471046167856	0	f
TOP - Memory Usage GB	1.8954000000000002	1716071779739	152fedec44c34c0f80f9471046167856	0	f
TOP - CPU Utilization	102	1716071780741	152fedec44c34c0f80f9471046167856	0	f
TOP - Memory Utilization	5.800000000000001	1716071780741	152fedec44c34c0f80f9471046167856	0	f
TOP - Memory Usage GB	1.8953	1716071780741	152fedec44c34c0f80f9471046167856	0	f
TOP - CPU Utilization	104	1716071781744	152fedec44c34c0f80f9471046167856	0	f
TOP - Memory Utilization	7.500000000000001	1716071781744	152fedec44c34c0f80f9471046167856	0	f
TOP - Memory Usage GB	1.8953	1716071781744	152fedec44c34c0f80f9471046167856	0	f
TOP - CPU Utilization	103	1716071782746	152fedec44c34c0f80f9471046167856	0	f
TOP - Memory Utilization	7.500000000000001	1716071782746	152fedec44c34c0f80f9471046167856	0	f
TOP - Memory Usage GB	1.8953	1716071782746	152fedec44c34c0f80f9471046167856	0	f
TOP - CPU Utilization	101	1716071783749	152fedec44c34c0f80f9471046167856	0	f
TOP - Memory Utilization	5.800000000000001	1716071783749	152fedec44c34c0f80f9471046167856	0	f
TOP - Memory Usage GB	1.8953	1716071783749	152fedec44c34c0f80f9471046167856	0	f
TOP - CPU Utilization	104	1716071784751	152fedec44c34c0f80f9471046167856	0	f
TOP - Memory Utilization	7.500000000000001	1716071784751	152fedec44c34c0f80f9471046167856	0	f
TOP - Memory Usage GB	1.8953	1716071784751	152fedec44c34c0f80f9471046167856	0	f
TOP - CPU Utilization	103	1716071785754	152fedec44c34c0f80f9471046167856	0	f
TOP - Memory Utilization	7.500000000000001	1716071785754	152fedec44c34c0f80f9471046167856	0	f
TOP - Memory Usage GB	1.8953	1716071785754	152fedec44c34c0f80f9471046167856	0	f
TOP - CPU Utilization	103	1716071786757	152fedec44c34c0f80f9471046167856	0	f
TOP - Memory Utilization	7.500000000000001	1716071786757	152fedec44c34c0f80f9471046167856	0	f
TOP - Memory Usage GB	1.8955	1716071786757	152fedec44c34c0f80f9471046167856	0	f
TOP - CPU Utilization	101	1716071787759	152fedec44c34c0f80f9471046167856	0	f
TOP - Memory Utilization	5.800000000000001	1716071787759	152fedec44c34c0f80f9471046167856	0	f
TOP - Memory Usage GB	1.8955	1716071787759	152fedec44c34c0f80f9471046167856	0	f
TOP - CPU Utilization	104	1716071788761	152fedec44c34c0f80f9471046167856	0	f
TOP - Memory Utilization	7.500000000000001	1716071788761	152fedec44c34c0f80f9471046167856	0	f
TOP - Memory Usage GB	1.8955	1716071788761	152fedec44c34c0f80f9471046167856	0	f
TOP - CPU Utilization	103	1716071789764	152fedec44c34c0f80f9471046167856	0	f
TOP - Memory Utilization	7.500000000000001	1716071789764	152fedec44c34c0f80f9471046167856	0	f
TOP - Memory Usage GB	1.8981	1716071789764	152fedec44c34c0f80f9471046167856	0	f
TOP - CPU Utilization	103	1716071790766	152fedec44c34c0f80f9471046167856	0	f
TOP - Memory Utilization	7.500000000000001	1716071790766	152fedec44c34c0f80f9471046167856	0	f
TOP - Memory Usage GB	1.8981	1716071790766	152fedec44c34c0f80f9471046167856	0	f
TOP - CPU Utilization	102	1716071791768	152fedec44c34c0f80f9471046167856	0	f
TOP - Memory Utilization	7.500000000000001	1716071791768	152fedec44c34c0f80f9471046167856	0	f
TOP - Memory Usage GB	1.8981	1716071791768	152fedec44c34c0f80f9471046167856	0	f
TOP - CPU Utilization	103	1716071792771	152fedec44c34c0f80f9471046167856	0	f
TOP - Memory Utilization	5.800000000000001	1716071792771	152fedec44c34c0f80f9471046167856	0	f
TOP - Memory Usage GB	1.8959000000000001	1716071792771	152fedec44c34c0f80f9471046167856	0	f
TOP - CPU Utilization	103	1716071793773	152fedec44c34c0f80f9471046167856	0	f
TOP - Memory Utilization	7.500000000000001	1716071793773	152fedec44c34c0f80f9471046167856	0	f
TOP - Memory Usage GB	1.8959000000000001	1716071793773	152fedec44c34c0f80f9471046167856	0	f
TOP - CPU Utilization	103	1716071794775	152fedec44c34c0f80f9471046167856	0	f
TOP - Memory Utilization	7.500000000000001	1716071794775	152fedec44c34c0f80f9471046167856	0	f
TOP - Memory Usage GB	1.8959000000000001	1716071794775	152fedec44c34c0f80f9471046167856	0	f
TOP - CPU Utilization	102	1716071795777	152fedec44c34c0f80f9471046167856	0	f
TOP - Memory Utilization	5.800000000000001	1716071795777	152fedec44c34c0f80f9471046167856	0	f
TOP - Memory Usage GB	1.8967	1716071795777	152fedec44c34c0f80f9471046167856	0	f
TOP - CPU Utilization	103	1716071796784	152fedec44c34c0f80f9471046167856	0	f
TOP - Memory Utilization	7.500000000000001	1716071796784	152fedec44c34c0f80f9471046167856	0	f
TOP - Memory Usage GB	1.8967	1716071796784	152fedec44c34c0f80f9471046167856	0	f
TOP - CPU Utilization	104	1716071797786	152fedec44c34c0f80f9471046167856	0	f
TOP - Memory Utilization	7.500000000000001	1716071797786	152fedec44c34c0f80f9471046167856	0	f
TOP - Memory Usage GB	1.8967	1716071797786	152fedec44c34c0f80f9471046167856	0	f
TOP - CPU Utilization	101	1716071798789	152fedec44c34c0f80f9471046167856	0	f
TOP - Memory Utilization	5.800000000000001	1716071798789	152fedec44c34c0f80f9471046167856	0	f
TOP - Memory Usage GB	1.8977	1716071798789	152fedec44c34c0f80f9471046167856	0	f
TOP - CPU Utilization	104	1716071799791	152fedec44c34c0f80f9471046167856	0	f
TOP - Memory Utilization	7.500000000000001	1716071799791	152fedec44c34c0f80f9471046167856	0	f
TOP - Memory Usage GB	1.8977	1716071799791	152fedec44c34c0f80f9471046167856	0	f
TOP - CPU Utilization	103	1716071800794	152fedec44c34c0f80f9471046167856	0	f
TOP - Memory Utilization	7.500000000000001	1716071800794	152fedec44c34c0f80f9471046167856	0	f
TOP - Memory Usage GB	1.8977	1716071800794	152fedec44c34c0f80f9471046167856	0	f
TOP - CPU Utilization	102	1716071801796	152fedec44c34c0f80f9471046167856	0	f
TOP - Memory Utilization	5.800000000000001	1716071801796	152fedec44c34c0f80f9471046167856	0	f
TOP - Memory Usage GB	1.8975	1716071801796	152fedec44c34c0f80f9471046167856	0	f
TOP - CPU Utilization	102	1716071802799	152fedec44c34c0f80f9471046167856	0	f
TOP - Memory Utilization	7.500000000000001	1716071802799	152fedec44c34c0f80f9471046167856	0	f
TOP - Memory Usage GB	1.8975	1716071802799	152fedec44c34c0f80f9471046167856	0	f
TOP - CPU Utilization	104	1716071803801	152fedec44c34c0f80f9471046167856	0	f
TOP - Memory Utilization	7.500000000000001	1716071803801	152fedec44c34c0f80f9471046167856	0	f
TOP - Memory Usage GB	1.8975	1716071803801	152fedec44c34c0f80f9471046167856	0	f
TOP - CPU Utilization	102	1716071804803	152fedec44c34c0f80f9471046167856	0	f
TOP - Memory Utilization	7.500000000000001	1716071804803	152fedec44c34c0f80f9471046167856	0	f
TOP - Memory Usage GB	1.8951	1716071804803	152fedec44c34c0f80f9471046167856	0	f
TOP - CPU Utilization	103	1716071805806	152fedec44c34c0f80f9471046167856	0	f
TOP - Memory Utilization	5.800000000000001	1716071805806	152fedec44c34c0f80f9471046167856	0	f
TOP - Memory Usage GB	1.8951	1716071805806	152fedec44c34c0f80f9471046167856	0	f
TOP - CPU Utilization	102	1716071806811	152fedec44c34c0f80f9471046167856	0	f
TOP - Memory Utilization	7.500000000000001	1716071806811	152fedec44c34c0f80f9471046167856	0	f
TOP - Memory Usage GB	1.8951	1716071806811	152fedec44c34c0f80f9471046167856	0	f
TOP - CPU Utilization	102	1716071807813	152fedec44c34c0f80f9471046167856	0	f
TOP - Memory Utilization	5.800000000000001	1716071807813	152fedec44c34c0f80f9471046167856	0	f
TOP - Memory Usage GB	1.8976	1716071807813	152fedec44c34c0f80f9471046167856	0	f
TOP - CPU Utilization	103	1716071808815	152fedec44c34c0f80f9471046167856	0	f
TOP - Memory Utilization	7.500000000000001	1716071808815	152fedec44c34c0f80f9471046167856	0	f
TOP - Memory Usage GB	1.8976	1716071808815	152fedec44c34c0f80f9471046167856	0	f
TOP - CPU Utilization	103	1716071809817	152fedec44c34c0f80f9471046167856	0	f
TOP - Memory Utilization	7.500000000000001	1716071809817	152fedec44c34c0f80f9471046167856	0	f
TOP - Memory Usage GB	1.8976	1716071809817	152fedec44c34c0f80f9471046167856	0	f
TOP - CPU Utilization	102	1716071810820	152fedec44c34c0f80f9471046167856	0	f
TOP - Memory Utilization	7.500000000000001	1716071810820	152fedec44c34c0f80f9471046167856	0	f
TOP - Memory Usage GB	1.8982	1716071810820	152fedec44c34c0f80f9471046167856	0	f
TOP - CPU Utilization	103	1716071811822	152fedec44c34c0f80f9471046167856	0	f
TOP - Memory Utilization	5.800000000000001	1716071811822	152fedec44c34c0f80f9471046167856	0	f
TOP - Memory Usage GB	1.8982	1716071811822	152fedec44c34c0f80f9471046167856	0	f
TOP - CPU Utilization	103	1716071812824	152fedec44c34c0f80f9471046167856	0	f
TOP - Memory Utilization	7.500000000000001	1716071812824	152fedec44c34c0f80f9471046167856	0	f
TOP - Memory Usage GB	1.8982	1716071812824	152fedec44c34c0f80f9471046167856	0	f
TOP - CPU Utilization	104	1716071813826	152fedec44c34c0f80f9471046167856	0	f
TOP - Memory Utilization	7.500000000000001	1716071813826	152fedec44c34c0f80f9471046167856	0	f
TOP - Memory Usage GB	1.8991	1716071813826	152fedec44c34c0f80f9471046167856	0	f
TOP - CPU Utilization	102	1716071814829	152fedec44c34c0f80f9471046167856	0	f
TOP - Memory Utilization	7.500000000000001	1716071814829	152fedec44c34c0f80f9471046167856	0	f
TOP - Memory Usage GB	1.8991	1716071814829	152fedec44c34c0f80f9471046167856	0	f
TOP - CPU Utilization	104	1716071815831	152fedec44c34c0f80f9471046167856	0	f
TOP - Memory Utilization	7.500000000000001	1716071815831	152fedec44c34c0f80f9471046167856	0	f
TOP - Memory Usage GB	1.8991	1716071815831	152fedec44c34c0f80f9471046167856	0	f
TOP - CPU Utilization	103	1716071816834	152fedec44c34c0f80f9471046167856	0	f
TOP - Memory Utilization	5.800000000000001	1716071816834	152fedec44c34c0f80f9471046167856	0	f
TOP - Memory Usage GB	1.8993	1716071816834	152fedec44c34c0f80f9471046167856	0	f
TOP - CPU Utilization	102	1716071817836	152fedec44c34c0f80f9471046167856	0	f
TOP - Memory Utilization	7.500000000000001	1716071817836	152fedec44c34c0f80f9471046167856	0	f
TOP - Memory Usage GB	1.8993	1716071817836	152fedec44c34c0f80f9471046167856	0	f
TOP - CPU Utilization	102	1716071818838	152fedec44c34c0f80f9471046167856	0	f
TOP - Memory Utilization	7.500000000000001	1716071818838	152fedec44c34c0f80f9471046167856	0	f
TOP - Memory Usage GB	1.8993	1716071818838	152fedec44c34c0f80f9471046167856	0	f
TOP - CPU Utilization	105	1716071819841	152fedec44c34c0f80f9471046167856	0	f
TOP - Memory Utilization	7.500000000000001	1716071819841	152fedec44c34c0f80f9471046167856	0	f
TOP - Memory Usage GB	1.8973	1716071819841	152fedec44c34c0f80f9471046167856	0	f
TOP - CPU Utilization	102	1716071820843	152fedec44c34c0f80f9471046167856	0	f
TOP - Memory Utilization	5.800000000000001	1716071820843	152fedec44c34c0f80f9471046167856	0	f
TOP - Memory Usage GB	1.8973	1716071820843	152fedec44c34c0f80f9471046167856	0	f
TOP - CPU Utilization	103	1716071821846	152fedec44c34c0f80f9471046167856	0	f
TOP - Swap Memory GB	0.020300000000000002	1716071801828	152fedec44c34c0f80f9471046167856	0	f
TOP - Swap Memory GB	0.020300000000000002	1716071802826	152fedec44c34c0f80f9471046167856	0	f
TOP - Swap Memory GB	0.020300000000000002	1716071803817	152fedec44c34c0f80f9471046167856	0	f
TOP - Swap Memory GB	0.020300000000000002	1716071804830	152fedec44c34c0f80f9471046167856	0	f
TOP - Swap Memory GB	0.020300000000000002	1716071805835	152fedec44c34c0f80f9471046167856	0	f
TOP - Swap Memory GB	0.020300000000000002	1716071806836	152fedec44c34c0f80f9471046167856	0	f
TOP - Swap Memory GB	0.020300000000000002	1716071807842	152fedec44c34c0f80f9471046167856	0	f
TOP - Swap Memory GB	0.020300000000000002	1716071808833	152fedec44c34c0f80f9471046167856	0	f
TOP - Swap Memory GB	0.020300000000000002	1716071809842	152fedec44c34c0f80f9471046167856	0	f
TOP - Swap Memory GB	0.020300000000000002	1716071810849	152fedec44c34c0f80f9471046167856	0	f
TOP - Swap Memory GB	0.020300000000000002	1716071811847	152fedec44c34c0f80f9471046167856	0	f
TOP - Swap Memory GB	0.020300000000000002	1716071812850	152fedec44c34c0f80f9471046167856	0	f
TOP - Swap Memory GB	0.020300000000000002	1716071813857	152fedec44c34c0f80f9471046167856	0	f
TOP - Swap Memory GB	0.020300000000000002	1716071814857	152fedec44c34c0f80f9471046167856	0	f
TOP - Swap Memory GB	0.020300000000000002	1716071815859	152fedec44c34c0f80f9471046167856	0	f
TOP - Swap Memory GB	0.020300000000000002	1716071816858	152fedec44c34c0f80f9471046167856	0	f
TOP - Swap Memory GB	0.020300000000000002	1716071817856	152fedec44c34c0f80f9471046167856	0	f
TOP - Swap Memory GB	0.020300000000000002	1716071818866	152fedec44c34c0f80f9471046167856	0	f
TOP - Swap Memory GB	0.020300000000000002	1716071819867	152fedec44c34c0f80f9471046167856	0	f
TOP - Swap Memory GB	0.020300000000000002	1716071820873	152fedec44c34c0f80f9471046167856	0	f
TOP - Swap Memory GB	0.020300000000000002	1716071821872	152fedec44c34c0f80f9471046167856	0	f
TOP - Swap Memory GB	0.020300000000000002	1716071822869	152fedec44c34c0f80f9471046167856	0	f
TOP - Swap Memory GB	0.020300000000000002	1716071823878	152fedec44c34c0f80f9471046167856	0	f
TOP - Swap Memory GB	0.020300000000000002	1716071824882	152fedec44c34c0f80f9471046167856	0	f
TOP - Swap Memory GB	0.020300000000000002	1716071825884	152fedec44c34c0f80f9471046167856	0	f
TOP - Swap Memory GB	0.020300000000000002	1716071826887	152fedec44c34c0f80f9471046167856	0	f
TOP - Swap Memory GB	0.020300000000000002	1716071827879	152fedec44c34c0f80f9471046167856	0	f
TOP - Swap Memory GB	0.020300000000000002	1716071828889	152fedec44c34c0f80f9471046167856	0	f
TOP - Swap Memory GB	0.020300000000000002	1716071829895	152fedec44c34c0f80f9471046167856	0	f
TOP - Swap Memory GB	0.020300000000000002	1716071830896	152fedec44c34c0f80f9471046167856	0	f
TOP - Swap Memory GB	0.020300000000000002	1716071831898	152fedec44c34c0f80f9471046167856	0	f
TOP - Swap Memory GB	0.020300000000000002	1716071832900	152fedec44c34c0f80f9471046167856	0	f
TOP - Swap Memory GB	0.020300000000000002	1716071833895	152fedec44c34c0f80f9471046167856	0	f
TOP - Swap Memory GB	0.020300000000000002	1716071834902	152fedec44c34c0f80f9471046167856	0	f
TOP - Swap Memory GB	0.020300000000000002	1716071835904	152fedec44c34c0f80f9471046167856	0	f
TOP - Swap Memory GB	0.020300000000000002	1716071836910	152fedec44c34c0f80f9471046167856	0	f
TOP - Swap Memory GB	0.020300000000000002	1716071837911	152fedec44c34c0f80f9471046167856	0	f
TOP - Swap Memory GB	0.020300000000000002	1716071838908	152fedec44c34c0f80f9471046167856	0	f
TOP - Swap Memory GB	0.020300000000000002	1716071839915	152fedec44c34c0f80f9471046167856	0	f
TOP - Swap Memory GB	0.020300000000000002	1716071840920	152fedec44c34c0f80f9471046167856	0	f
TOP - Swap Memory GB	0.020300000000000002	1716071841924	152fedec44c34c0f80f9471046167856	0	f
TOP - Swap Memory GB	0.020300000000000002	1716071842923	152fedec44c34c0f80f9471046167856	0	f
TOP - Swap Memory GB	0.020300000000000002	1716071843926	152fedec44c34c0f80f9471046167856	0	f
TOP - CPU Utilization	103	1716071974209	152fedec44c34c0f80f9471046167856	0	f
TOP - Memory Utilization	7.6000000000000005	1716071974209	152fedec44c34c0f80f9471046167856	0	f
TOP - Memory Usage GB	1.9052	1716071974209	152fedec44c34c0f80f9471046167856	0	f
TOP - CPU Utilization	102	1716071975212	152fedec44c34c0f80f9471046167856	0	f
TOP - Memory Utilization	5.9	1716071975212	152fedec44c34c0f80f9471046167856	0	f
TOP - Memory Usage GB	1.9052	1716071975212	152fedec44c34c0f80f9471046167856	0	f
TOP - CPU Utilization	103	1716071976214	152fedec44c34c0f80f9471046167856	0	f
TOP - Memory Utilization	7.6000000000000005	1716071976214	152fedec44c34c0f80f9471046167856	0	f
TOP - Memory Usage GB	1.9047	1716071976214	152fedec44c34c0f80f9471046167856	0	f
TOP - CPU Utilization	103	1716071977216	152fedec44c34c0f80f9471046167856	0	f
TOP - Memory Utilization	7.6000000000000005	1716071977216	152fedec44c34c0f80f9471046167856	0	f
TOP - Memory Usage GB	1.9047	1716071977216	152fedec44c34c0f80f9471046167856	0	f
TOP - CPU Utilization	102	1716071978219	152fedec44c34c0f80f9471046167856	0	f
TOP - Memory Utilization	5.9	1716071978219	152fedec44c34c0f80f9471046167856	0	f
TOP - Memory Usage GB	1.9047	1716071978219	152fedec44c34c0f80f9471046167856	0	f
TOP - CPU Utilization	104	1716071979221	152fedec44c34c0f80f9471046167856	0	f
TOP - Memory Utilization	7.6000000000000005	1716071979221	152fedec44c34c0f80f9471046167856	0	f
TOP - Memory Usage GB	1.9041	1716071979221	152fedec44c34c0f80f9471046167856	0	f
TOP - CPU Utilization	103	1716071980224	152fedec44c34c0f80f9471046167856	0	f
TOP - Memory Utilization	7.6000000000000005	1716071980224	152fedec44c34c0f80f9471046167856	0	f
TOP - Memory Usage GB	1.9041	1716071980224	152fedec44c34c0f80f9471046167856	0	f
TOP - CPU Utilization	103	1716071981226	152fedec44c34c0f80f9471046167856	0	f
TOP - Memory Utilization	7.500000000000001	1716071821846	152fedec44c34c0f80f9471046167856	0	f
TOP - Memory Usage GB	1.8973	1716071821846	152fedec44c34c0f80f9471046167856	0	f
TOP - CPU Utilization	103	1716071822848	152fedec44c34c0f80f9471046167856	0	f
TOP - Memory Utilization	7.500000000000001	1716071822848	152fedec44c34c0f80f9471046167856	0	f
TOP - Memory Usage GB	1.8968	1716071822848	152fedec44c34c0f80f9471046167856	0	f
TOP - CPU Utilization	102	1716071823851	152fedec44c34c0f80f9471046167856	0	f
TOP - Memory Utilization	5.800000000000001	1716071823851	152fedec44c34c0f80f9471046167856	0	f
TOP - Memory Usage GB	1.8968	1716071823851	152fedec44c34c0f80f9471046167856	0	f
TOP - CPU Utilization	103	1716071824855	152fedec44c34c0f80f9471046167856	0	f
TOP - Memory Utilization	7.500000000000001	1716071824855	152fedec44c34c0f80f9471046167856	0	f
TOP - Memory Usage GB	1.8968	1716071824855	152fedec44c34c0f80f9471046167856	0	f
TOP - CPU Utilization	104	1716071825857	152fedec44c34c0f80f9471046167856	0	f
TOP - Memory Utilization	7.500000000000001	1716071825857	152fedec44c34c0f80f9471046167856	0	f
TOP - Memory Usage GB	1.9018	1716071825857	152fedec44c34c0f80f9471046167856	0	f
TOP - CPU Utilization	101	1716071826859	152fedec44c34c0f80f9471046167856	0	f
TOP - Memory Utilization	5.800000000000001	1716071826859	152fedec44c34c0f80f9471046167856	0	f
TOP - Memory Usage GB	1.9018	1716071826859	152fedec44c34c0f80f9471046167856	0	f
TOP - CPU Utilization	104	1716071827861	152fedec44c34c0f80f9471046167856	0	f
TOP - Memory Utilization	7.500000000000001	1716071827861	152fedec44c34c0f80f9471046167856	0	f
TOP - Memory Usage GB	1.9018	1716071827861	152fedec44c34c0f80f9471046167856	0	f
TOP - CPU Utilization	104	1716071828864	152fedec44c34c0f80f9471046167856	0	f
TOP - Memory Utilization	7.500000000000001	1716071828864	152fedec44c34c0f80f9471046167856	0	f
TOP - Memory Usage GB	1.8982	1716071828864	152fedec44c34c0f80f9471046167856	0	f
TOP - CPU Utilization	102	1716071829866	152fedec44c34c0f80f9471046167856	0	f
TOP - Memory Utilization	5.800000000000001	1716071829866	152fedec44c34c0f80f9471046167856	0	f
TOP - Memory Usage GB	1.8982	1716071829866	152fedec44c34c0f80f9471046167856	0	f
TOP - CPU Utilization	103	1716071830868	152fedec44c34c0f80f9471046167856	0	f
TOP - Memory Utilization	7.500000000000001	1716071830868	152fedec44c34c0f80f9471046167856	0	f
TOP - Memory Usage GB	1.8982	1716071830868	152fedec44c34c0f80f9471046167856	0	f
TOP - CPU Utilization	103	1716071831871	152fedec44c34c0f80f9471046167856	0	f
TOP - Memory Utilization	7.500000000000001	1716071831871	152fedec44c34c0f80f9471046167856	0	f
TOP - Memory Usage GB	1.8989	1716071831871	152fedec44c34c0f80f9471046167856	0	f
TOP - CPU Utilization	103	1716071832873	152fedec44c34c0f80f9471046167856	0	f
TOP - Memory Utilization	7.500000000000001	1716071832873	152fedec44c34c0f80f9471046167856	0	f
TOP - Memory Usage GB	1.8989	1716071832873	152fedec44c34c0f80f9471046167856	0	f
TOP - CPU Utilization	103	1716071833875	152fedec44c34c0f80f9471046167856	0	f
TOP - Memory Utilization	7.500000000000001	1716071833875	152fedec44c34c0f80f9471046167856	0	f
TOP - Memory Usage GB	1.8989	1716071833875	152fedec44c34c0f80f9471046167856	0	f
TOP - CPU Utilization	103	1716071834877	152fedec44c34c0f80f9471046167856	0	f
TOP - Memory Utilization	5.800000000000001	1716071834877	152fedec44c34c0f80f9471046167856	0	f
TOP - Memory Usage GB	1.8985999999999998	1716071834877	152fedec44c34c0f80f9471046167856	0	f
TOP - CPU Utilization	102	1716071835880	152fedec44c34c0f80f9471046167856	0	f
TOP - Memory Utilization	7.500000000000001	1716071835880	152fedec44c34c0f80f9471046167856	0	f
TOP - Memory Usage GB	1.8985999999999998	1716071835880	152fedec44c34c0f80f9471046167856	0	f
TOP - CPU Utilization	103	1716071836883	152fedec44c34c0f80f9471046167856	0	f
TOP - Memory Utilization	7.500000000000001	1716071836883	152fedec44c34c0f80f9471046167856	0	f
TOP - Memory Usage GB	1.8985999999999998	1716071836883	152fedec44c34c0f80f9471046167856	0	f
TOP - CPU Utilization	102	1716071837886	152fedec44c34c0f80f9471046167856	0	f
TOP - Memory Utilization	5.800000000000001	1716071837886	152fedec44c34c0f80f9471046167856	0	f
TOP - Memory Usage GB	1.8989	1716071837886	152fedec44c34c0f80f9471046167856	0	f
TOP - CPU Utilization	103	1716071838889	152fedec44c34c0f80f9471046167856	0	f
TOP - Memory Utilization	7.500000000000001	1716071838889	152fedec44c34c0f80f9471046167856	0	f
TOP - Memory Usage GB	1.8989	1716071838889	152fedec44c34c0f80f9471046167856	0	f
TOP - CPU Utilization	102	1716071839892	152fedec44c34c0f80f9471046167856	0	f
TOP - Memory Utilization	5.9	1716071839892	152fedec44c34c0f80f9471046167856	0	f
TOP - Memory Usage GB	1.8989	1716071839892	152fedec44c34c0f80f9471046167856	0	f
TOP - CPU Utilization	103	1716071840894	152fedec44c34c0f80f9471046167856	0	f
TOP - Memory Utilization	7.6000000000000005	1716071840894	152fedec44c34c0f80f9471046167856	0	f
TOP - Memory Usage GB	1.8932	1716071840894	152fedec44c34c0f80f9471046167856	0	f
TOP - CPU Utilization	102	1716071841897	152fedec44c34c0f80f9471046167856	0	f
TOP - Memory Utilization	7.6000000000000005	1716071841897	152fedec44c34c0f80f9471046167856	0	f
TOP - Memory Usage GB	1.8932	1716071841897	152fedec44c34c0f80f9471046167856	0	f
TOP - CPU Utilization	101	1716071842899	152fedec44c34c0f80f9471046167856	0	f
TOP - Memory Utilization	5.9	1716071842899	152fedec44c34c0f80f9471046167856	0	f
TOP - Memory Usage GB	1.8932	1716071842899	152fedec44c34c0f80f9471046167856	0	f
TOP - CPU Utilization	105	1716071843901	152fedec44c34c0f80f9471046167856	0	f
TOP - Memory Utilization	7.6000000000000005	1716071843901	152fedec44c34c0f80f9471046167856	0	f
TOP - Memory Usage GB	1.896	1716071843901	152fedec44c34c0f80f9471046167856	0	f
TOP - CPU Utilization	103	1716071844903	152fedec44c34c0f80f9471046167856	0	f
TOP - Memory Utilization	7.6000000000000005	1716071844903	152fedec44c34c0f80f9471046167856	0	f
TOP - Memory Usage GB	1.896	1716071844903	152fedec44c34c0f80f9471046167856	0	f
TOP - Swap Memory GB	0.020300000000000002	1716071844925	152fedec44c34c0f80f9471046167856	0	f
TOP - CPU Utilization	103	1716071845905	152fedec44c34c0f80f9471046167856	0	f
TOP - Memory Utilization	7.6000000000000005	1716071845905	152fedec44c34c0f80f9471046167856	0	f
TOP - Memory Usage GB	1.896	1716071845905	152fedec44c34c0f80f9471046167856	0	f
TOP - Swap Memory GB	0.020300000000000002	1716071845931	152fedec44c34c0f80f9471046167856	0	f
TOP - CPU Utilization	102	1716071846907	152fedec44c34c0f80f9471046167856	0	f
TOP - Memory Utilization	5.9	1716071846907	152fedec44c34c0f80f9471046167856	0	f
TOP - Memory Usage GB	1.8973	1716071846907	152fedec44c34c0f80f9471046167856	0	f
TOP - Swap Memory GB	0.020300000000000002	1716071846933	152fedec44c34c0f80f9471046167856	0	f
TOP - CPU Utilization	102	1716071847909	152fedec44c34c0f80f9471046167856	0	f
TOP - Memory Utilization	7.6000000000000005	1716071847909	152fedec44c34c0f80f9471046167856	0	f
TOP - Memory Usage GB	1.8973	1716071847909	152fedec44c34c0f80f9471046167856	0	f
TOP - Swap Memory GB	0.020300000000000002	1716071847930	152fedec44c34c0f80f9471046167856	0	f
TOP - CPU Utilization	104	1716071848911	152fedec44c34c0f80f9471046167856	0	f
TOP - Memory Utilization	7.6000000000000005	1716071848911	152fedec44c34c0f80f9471046167856	0	f
TOP - Memory Usage GB	1.8973	1716071848911	152fedec44c34c0f80f9471046167856	0	f
TOP - Swap Memory GB	0.020300000000000002	1716071848937	152fedec44c34c0f80f9471046167856	0	f
TOP - CPU Utilization	103	1716071849914	152fedec44c34c0f80f9471046167856	0	f
TOP - Memory Utilization	7.6000000000000005	1716071849914	152fedec44c34c0f80f9471046167856	0	f
TOP - Memory Usage GB	1.897	1716071849914	152fedec44c34c0f80f9471046167856	0	f
TOP - Swap Memory GB	0.020300000000000002	1716071849941	152fedec44c34c0f80f9471046167856	0	f
TOP - CPU Utilization	102	1716071850916	152fedec44c34c0f80f9471046167856	0	f
TOP - Memory Utilization	5.9	1716071850916	152fedec44c34c0f80f9471046167856	0	f
TOP - Memory Usage GB	1.897	1716071850916	152fedec44c34c0f80f9471046167856	0	f
TOP - Swap Memory GB	0.020300000000000002	1716071850942	152fedec44c34c0f80f9471046167856	0	f
TOP - CPU Utilization	101	1716071851919	152fedec44c34c0f80f9471046167856	0	f
TOP - Memory Utilization	7.6000000000000005	1716071851919	152fedec44c34c0f80f9471046167856	0	f
TOP - Memory Usage GB	1.897	1716071851919	152fedec44c34c0f80f9471046167856	0	f
TOP - Swap Memory GB	0.020300000000000002	1716071851944	152fedec44c34c0f80f9471046167856	0	f
TOP - CPU Utilization	105	1716071852921	152fedec44c34c0f80f9471046167856	0	f
TOP - Memory Utilization	7.6000000000000005	1716071852921	152fedec44c34c0f80f9471046167856	0	f
TOP - Memory Usage GB	1.897	1716071852921	152fedec44c34c0f80f9471046167856	0	f
TOP - Swap Memory GB	0.020300000000000002	1716071852941	152fedec44c34c0f80f9471046167856	0	f
TOP - CPU Utilization	103	1716071853923	152fedec44c34c0f80f9471046167856	0	f
TOP - Memory Utilization	5.9	1716071853923	152fedec44c34c0f80f9471046167856	0	f
TOP - Memory Usage GB	1.897	1716071853923	152fedec44c34c0f80f9471046167856	0	f
TOP - Swap Memory GB	0.020300000000000002	1716071853948	152fedec44c34c0f80f9471046167856	0	f
TOP - CPU Utilization	103	1716071854925	152fedec44c34c0f80f9471046167856	0	f
TOP - Memory Utilization	7.6000000000000005	1716071854925	152fedec44c34c0f80f9471046167856	0	f
TOP - Memory Usage GB	1.897	1716071854925	152fedec44c34c0f80f9471046167856	0	f
TOP - Swap Memory GB	0.020300000000000002	1716071854951	152fedec44c34c0f80f9471046167856	0	f
TOP - CPU Utilization	102	1716071855927	152fedec44c34c0f80f9471046167856	0	f
TOP - Memory Utilization	6.199999999999999	1716071855927	152fedec44c34c0f80f9471046167856	0	f
TOP - Memory Usage GB	1.8957	1716071855927	152fedec44c34c0f80f9471046167856	0	f
TOP - Swap Memory GB	0.020300000000000002	1716071855954	152fedec44c34c0f80f9471046167856	0	f
TOP - CPU Utilization	102	1716071856930	152fedec44c34c0f80f9471046167856	0	f
TOP - Memory Utilization	7.6000000000000005	1716071856930	152fedec44c34c0f80f9471046167856	0	f
TOP - Memory Usage GB	1.8957	1716071856930	152fedec44c34c0f80f9471046167856	0	f
TOP - Swap Memory GB	0.020300000000000002	1716071856956	152fedec44c34c0f80f9471046167856	0	f
TOP - CPU Utilization	104	1716071857932	152fedec44c34c0f80f9471046167856	0	f
TOP - Memory Utilization	7.6000000000000005	1716071857932	152fedec44c34c0f80f9471046167856	0	f
TOP - Memory Usage GB	1.8957	1716071857932	152fedec44c34c0f80f9471046167856	0	f
TOP - Swap Memory GB	0.020300000000000002	1716071857958	152fedec44c34c0f80f9471046167856	0	f
TOP - CPU Utilization	102	1716071858934	152fedec44c34c0f80f9471046167856	0	f
TOP - Memory Utilization	5.9	1716071858934	152fedec44c34c0f80f9471046167856	0	f
TOP - Memory Usage GB	1.8972	1716071858934	152fedec44c34c0f80f9471046167856	0	f
TOP - Swap Memory GB	0.020300000000000002	1716071858959	152fedec44c34c0f80f9471046167856	0	f
TOP - CPU Utilization	103	1716071859936	152fedec44c34c0f80f9471046167856	0	f
TOP - Memory Utilization	7.6000000000000005	1716071859936	152fedec44c34c0f80f9471046167856	0	f
TOP - Memory Usage GB	1.8972	1716071859936	152fedec44c34c0f80f9471046167856	0	f
TOP - CPU Utilization	102	1716071860938	152fedec44c34c0f80f9471046167856	0	f
TOP - Memory Utilization	7.6000000000000005	1716071860938	152fedec44c34c0f80f9471046167856	0	f
TOP - Memory Usage GB	1.8972	1716071860938	152fedec44c34c0f80f9471046167856	0	f
TOP - CPU Utilization	105	1716071861941	152fedec44c34c0f80f9471046167856	0	f
TOP - Memory Utilization	5.9	1716071861941	152fedec44c34c0f80f9471046167856	0	f
TOP - Memory Usage GB	1.8977	1716071861941	152fedec44c34c0f80f9471046167856	0	f
TOP - CPU Utilization	103	1716071862944	152fedec44c34c0f80f9471046167856	0	f
TOP - Memory Utilization	7.6000000000000005	1716071862944	152fedec44c34c0f80f9471046167856	0	f
TOP - Memory Usage GB	1.8977	1716071862944	152fedec44c34c0f80f9471046167856	0	f
TOP - CPU Utilization	103	1716071863946	152fedec44c34c0f80f9471046167856	0	f
TOP - Memory Utilization	7.6000000000000005	1716071863946	152fedec44c34c0f80f9471046167856	0	f
TOP - Memory Usage GB	1.8977	1716071863946	152fedec44c34c0f80f9471046167856	0	f
TOP - CPU Utilization	101	1716071864949	152fedec44c34c0f80f9471046167856	0	f
TOP - Memory Utilization	5.9	1716071864949	152fedec44c34c0f80f9471046167856	0	f
TOP - Memory Usage GB	1.8982	1716071864949	152fedec44c34c0f80f9471046167856	0	f
TOP - CPU Utilization	104	1716071865952	152fedec44c34c0f80f9471046167856	0	f
TOP - Memory Utilization	7.6000000000000005	1716071865952	152fedec44c34c0f80f9471046167856	0	f
TOP - Memory Usage GB	1.8982	1716071865952	152fedec44c34c0f80f9471046167856	0	f
TOP - CPU Utilization	101	1716071866954	152fedec44c34c0f80f9471046167856	0	f
TOP - Memory Utilization	5.9	1716071866954	152fedec44c34c0f80f9471046167856	0	f
TOP - Memory Usage GB	1.8982	1716071866954	152fedec44c34c0f80f9471046167856	0	f
TOP - CPU Utilization	103	1716071867956	152fedec44c34c0f80f9471046167856	0	f
TOP - Memory Utilization	7.6000000000000005	1716071867956	152fedec44c34c0f80f9471046167856	0	f
TOP - Memory Usage GB	1.8991	1716071867956	152fedec44c34c0f80f9471046167856	0	f
TOP - CPU Utilization	102	1716071868958	152fedec44c34c0f80f9471046167856	0	f
TOP - Memory Utilization	7.6000000000000005	1716071868958	152fedec44c34c0f80f9471046167856	0	f
TOP - Memory Usage GB	1.8991	1716071868958	152fedec44c34c0f80f9471046167856	0	f
TOP - CPU Utilization	105	1716071869960	152fedec44c34c0f80f9471046167856	0	f
TOP - Memory Utilization	7.6000000000000005	1716071869960	152fedec44c34c0f80f9471046167856	0	f
TOP - Memory Usage GB	1.8991	1716071869960	152fedec44c34c0f80f9471046167856	0	f
TOP - CPU Utilization	103	1716071870962	152fedec44c34c0f80f9471046167856	0	f
TOP - Memory Utilization	7.6000000000000005	1716071870962	152fedec44c34c0f80f9471046167856	0	f
TOP - Memory Usage GB	1.8993	1716071870962	152fedec44c34c0f80f9471046167856	0	f
TOP - CPU Utilization	102	1716071871965	152fedec44c34c0f80f9471046167856	0	f
TOP - Memory Utilization	5.9	1716071871965	152fedec44c34c0f80f9471046167856	0	f
TOP - Memory Usage GB	1.8993	1716071871965	152fedec44c34c0f80f9471046167856	0	f
TOP - CPU Utilization	104	1716071872967	152fedec44c34c0f80f9471046167856	0	f
TOP - Memory Utilization	7.6000000000000005	1716071872967	152fedec44c34c0f80f9471046167856	0	f
TOP - Memory Usage GB	1.8993	1716071872967	152fedec44c34c0f80f9471046167856	0	f
TOP - CPU Utilization	101	1716071873969	152fedec44c34c0f80f9471046167856	0	f
TOP - Memory Utilization	7.6000000000000005	1716071873969	152fedec44c34c0f80f9471046167856	0	f
TOP - Memory Usage GB	1.8993	1716071873969	152fedec44c34c0f80f9471046167856	0	f
TOP - CPU Utilization	105	1716071874971	152fedec44c34c0f80f9471046167856	0	f
TOP - Memory Utilization	7.6000000000000005	1716071874971	152fedec44c34c0f80f9471046167856	0	f
TOP - Memory Usage GB	1.8993	1716071874971	152fedec44c34c0f80f9471046167856	0	f
TOP - CPU Utilization	103	1716071875973	152fedec44c34c0f80f9471046167856	0	f
TOP - Memory Utilization	7.6000000000000005	1716071875973	152fedec44c34c0f80f9471046167856	0	f
TOP - Memory Usage GB	1.8993	1716071875973	152fedec44c34c0f80f9471046167856	0	f
TOP - CPU Utilization	103	1716071876976	152fedec44c34c0f80f9471046167856	0	f
TOP - Memory Utilization	5.9	1716071876976	152fedec44c34c0f80f9471046167856	0	f
TOP - Memory Usage GB	1.895	1716071876976	152fedec44c34c0f80f9471046167856	0	f
TOP - CPU Utilization	100	1716071877978	152fedec44c34c0f80f9471046167856	0	f
TOP - Memory Utilization	7.6000000000000005	1716071877978	152fedec44c34c0f80f9471046167856	0	f
TOP - Memory Usage GB	1.895	1716071877978	152fedec44c34c0f80f9471046167856	0	f
TOP - CPU Utilization	104	1716071878980	152fedec44c34c0f80f9471046167856	0	f
TOP - Memory Utilization	7.6000000000000005	1716071878980	152fedec44c34c0f80f9471046167856	0	f
TOP - Memory Usage GB	1.895	1716071878980	152fedec44c34c0f80f9471046167856	0	f
TOP - CPU Utilization	103	1716071879983	152fedec44c34c0f80f9471046167856	0	f
TOP - Memory Utilization	7.6000000000000005	1716071879983	152fedec44c34c0f80f9471046167856	0	f
TOP - Memory Usage GB	1.8978	1716071879983	152fedec44c34c0f80f9471046167856	0	f
TOP - CPU Utilization	103	1716071880985	152fedec44c34c0f80f9471046167856	0	f
TOP - Swap Memory GB	0.020300000000000002	1716071859962	152fedec44c34c0f80f9471046167856	0	f
TOP - Swap Memory GB	0.020300000000000002	1716071860965	152fedec44c34c0f80f9471046167856	0	f
TOP - Swap Memory GB	0.020300000000000002	1716071861966	152fedec44c34c0f80f9471046167856	0	f
TOP - Swap Memory GB	0.020300000000000002	1716071862962	152fedec44c34c0f80f9471046167856	0	f
TOP - Swap Memory GB	0.020300000000000002	1716071863973	152fedec44c34c0f80f9471046167856	0	f
TOP - Swap Memory GB	0.020300000000000002	1716071864974	152fedec44c34c0f80f9471046167856	0	f
TOP - Swap Memory GB	0.020300000000000002	1716071865976	152fedec44c34c0f80f9471046167856	0	f
TOP - Swap Memory GB	0.020300000000000002	1716071866982	152fedec44c34c0f80f9471046167856	0	f
TOP - Swap Memory GB	0.020300000000000002	1716071867977	152fedec44c34c0f80f9471046167856	0	f
TOP - Swap Memory GB	0.020300000000000002	1716071868986	152fedec44c34c0f80f9471046167856	0	f
TOP - Swap Memory GB	0.020300000000000002	1716071869988	152fedec44c34c0f80f9471046167856	0	f
TOP - Swap Memory GB	0.020300000000000002	1716071870988	152fedec44c34c0f80f9471046167856	0	f
TOP - Swap Memory GB	0.020300000000000002	1716071871991	152fedec44c34c0f80f9471046167856	0	f
TOP - Swap Memory GB	0.020300000000000002	1716071872995	152fedec44c34c0f80f9471046167856	0	f
TOP - Swap Memory GB	0.020300000000000002	1716071874000	152fedec44c34c0f80f9471046167856	0	f
TOP - Swap Memory GB	0.020300000000000002	1716071874999	152fedec44c34c0f80f9471046167856	0	f
TOP - Swap Memory GB	0.020300000000000002	1716071875999	152fedec44c34c0f80f9471046167856	0	f
TOP - Swap Memory GB	0.020300000000000002	1716071877003	152fedec44c34c0f80f9471046167856	0	f
TOP - Swap Memory GB	0.020300000000000002	1716071878005	152fedec44c34c0f80f9471046167856	0	f
TOP - Swap Memory GB	0.020300000000000002	1716071878999	152fedec44c34c0f80f9471046167856	0	f
TOP - Swap Memory GB	0.020300000000000002	1716071880003	152fedec44c34c0f80f9471046167856	0	f
TOP - Swap Memory GB	0.020300000000000002	1716071881012	152fedec44c34c0f80f9471046167856	0	f
TOP - Swap Memory GB	0.020300000000000002	1716071882016	152fedec44c34c0f80f9471046167856	0	f
TOP - Swap Memory GB	0.020300000000000002	1716071883017	152fedec44c34c0f80f9471046167856	0	f
TOP - Swap Memory GB	0.020300000000000002	1716071884012	152fedec44c34c0f80f9471046167856	0	f
TOP - Swap Memory GB	0.020300000000000002	1716071885015	152fedec44c34c0f80f9471046167856	0	f
TOP - Swap Memory GB	0.020300000000000002	1716071886022	152fedec44c34c0f80f9471046167856	0	f
TOP - Swap Memory GB	0.020300000000000002	1716071887023	152fedec44c34c0f80f9471046167856	0	f
TOP - Swap Memory GB	0.020300000000000002	1716071888029	152fedec44c34c0f80f9471046167856	0	f
TOP - Swap Memory GB	0.020300000000000002	1716071889031	152fedec44c34c0f80f9471046167856	0	f
TOP - Swap Memory GB	0.020300000000000002	1716071890026	152fedec44c34c0f80f9471046167856	0	f
TOP - Swap Memory GB	0.020300000000000002	1716071891028	152fedec44c34c0f80f9471046167856	0	f
TOP - Swap Memory GB	0.020300000000000002	1716071892037	152fedec44c34c0f80f9471046167856	0	f
TOP - Swap Memory GB	0.020300000000000002	1716071893034	152fedec44c34c0f80f9471046167856	0	f
TOP - Swap Memory GB	0.020300000000000002	1716071894037	152fedec44c34c0f80f9471046167856	0	f
TOP - Swap Memory GB	0.020300000000000002	1716071895045	152fedec44c34c0f80f9471046167856	0	f
TOP - Swap Memory GB	0.020300000000000002	1716071896046	152fedec44c34c0f80f9471046167856	0	f
TOP - Swap Memory GB	0.020300000000000002	1716071897047	152fedec44c34c0f80f9471046167856	0	f
TOP - Swap Memory GB	0.020300000000000002	1716071898044	152fedec44c34c0f80f9471046167856	0	f
TOP - Swap Memory GB	0.020300000000000002	1716071899054	152fedec44c34c0f80f9471046167856	0	f
TOP - Swap Memory GB	0.020300000000000002	1716071900057	152fedec44c34c0f80f9471046167856	0	f
TOP - Swap Memory GB	0.020300000000000002	1716071901057	152fedec44c34c0f80f9471046167856	0	f
TOP - Swap Memory GB	0.020300000000000002	1716071902063	152fedec44c34c0f80f9471046167856	0	f
TOP - Swap Memory GB	0.020300000000000002	1716071903062	152fedec44c34c0f80f9471046167856	0	f
TOP - Swap Memory GB	0.020300000000000002	1716071904059	152fedec44c34c0f80f9471046167856	0	f
TOP - Swap Memory GB	0.020300000000000002	1716071905061	152fedec44c34c0f80f9471046167856	0	f
TOP - Swap Memory GB	0.020300000000000002	1716071906072	152fedec44c34c0f80f9471046167856	0	f
TOP - Swap Memory GB	0.020300000000000002	1716071907074	152fedec44c34c0f80f9471046167856	0	f
TOP - Swap Memory GB	0.020300000000000002	1716071908069	152fedec44c34c0f80f9471046167856	0	f
TOP - Swap Memory GB	0.020300000000000002	1716071909081	152fedec44c34c0f80f9471046167856	0	f
TOP - Swap Memory GB	0.020300000000000002	1716071910082	152fedec44c34c0f80f9471046167856	0	f
TOP - Swap Memory GB	0.020300000000000002	1716071911080	152fedec44c34c0f80f9471046167856	0	f
TOP - Swap Memory GB	0.020300000000000002	1716071912088	152fedec44c34c0f80f9471046167856	0	f
TOP - Swap Memory GB	0.020300000000000002	1716071913076	152fedec44c34c0f80f9471046167856	0	f
TOP - Swap Memory GB	0.020300000000000002	1716071914090	152fedec44c34c0f80f9471046167856	0	f
TOP - Swap Memory GB	0.020300000000000002	1716071915094	152fedec44c34c0f80f9471046167856	0	f
TOP - Swap Memory GB	0.020300000000000002	1716071916096	152fedec44c34c0f80f9471046167856	0	f
TOP - Swap Memory GB	0.020300000000000002	1716071917099	152fedec44c34c0f80f9471046167856	0	f
TOP - Swap Memory GB	0.020300000000000002	1716071918100	152fedec44c34c0f80f9471046167856	0	f
TOP - Swap Memory GB	0.020300000000000002	1716071919105	152fedec44c34c0f80f9471046167856	0	f
TOP - Swap Memory GB	0.020300000000000002	1716071920106	152fedec44c34c0f80f9471046167856	0	f
TOP - Swap Memory GB	0.020300000000000002	1716071921104	152fedec44c34c0f80f9471046167856	0	f
TOP - Swap Memory GB	0.020300000000000002	1716071922110	152fedec44c34c0f80f9471046167856	0	f
TOP - Swap Memory GB	0.020300000000000002	1716071923103	152fedec44c34c0f80f9471046167856	0	f
TOP - Swap Memory GB	0.020300000000000002	1716071924110	152fedec44c34c0f80f9471046167856	0	f
TOP - Memory Utilization	7.6000000000000005	1716071880985	152fedec44c34c0f80f9471046167856	0	f
TOP - Memory Usage GB	1.8978	1716071880985	152fedec44c34c0f80f9471046167856	0	f
TOP - CPU Utilization	102	1716071881988	152fedec44c34c0f80f9471046167856	0	f
TOP - Memory Utilization	5.9	1716071881988	152fedec44c34c0f80f9471046167856	0	f
TOP - Memory Usage GB	1.8978	1716071881988	152fedec44c34c0f80f9471046167856	0	f
TOP - CPU Utilization	102	1716071882990	152fedec44c34c0f80f9471046167856	0	f
TOP - Memory Utilization	7.6000000000000005	1716071882990	152fedec44c34c0f80f9471046167856	0	f
TOP - Memory Usage GB	1.8994000000000002	1716071882990	152fedec44c34c0f80f9471046167856	0	f
TOP - CPU Utilization	105	1716071883992	152fedec44c34c0f80f9471046167856	0	f
TOP - Memory Utilization	7.6000000000000005	1716071883992	152fedec44c34c0f80f9471046167856	0	f
TOP - Memory Usage GB	1.8994000000000002	1716071883992	152fedec44c34c0f80f9471046167856	0	f
TOP - CPU Utilization	102	1716071884995	152fedec44c34c0f80f9471046167856	0	f
TOP - Memory Utilization	5.9	1716071884995	152fedec44c34c0f80f9471046167856	0	f
TOP - Memory Usage GB	1.8994000000000002	1716071884995	152fedec44c34c0f80f9471046167856	0	f
TOP - CPU Utilization	103	1716071885997	152fedec44c34c0f80f9471046167856	0	f
TOP - Memory Utilization	7.6000000000000005	1716071885997	152fedec44c34c0f80f9471046167856	0	f
TOP - Memory Usage GB	1.8982999999999999	1716071885997	152fedec44c34c0f80f9471046167856	0	f
TOP - CPU Utilization	102	1716071886999	152fedec44c34c0f80f9471046167856	0	f
TOP - Memory Utilization	5.9	1716071886999	152fedec44c34c0f80f9471046167856	0	f
TOP - Memory Usage GB	1.8982999999999999	1716071886999	152fedec44c34c0f80f9471046167856	0	f
TOP - CPU Utilization	104	1716071888001	152fedec44c34c0f80f9471046167856	0	f
TOP - Memory Utilization	7.6000000000000005	1716071888001	152fedec44c34c0f80f9471046167856	0	f
TOP - Memory Usage GB	1.8982999999999999	1716071888001	152fedec44c34c0f80f9471046167856	0	f
TOP - CPU Utilization	103	1716071889004	152fedec44c34c0f80f9471046167856	0	f
TOP - Memory Utilization	7.6000000000000005	1716071889004	152fedec44c34c0f80f9471046167856	0	f
TOP - Memory Usage GB	1.8991	1716071889004	152fedec44c34c0f80f9471046167856	0	f
TOP - CPU Utilization	102	1716071890006	152fedec44c34c0f80f9471046167856	0	f
TOP - Memory Utilization	5.9	1716071890006	152fedec44c34c0f80f9471046167856	0	f
TOP - Memory Usage GB	1.8991	1716071890006	152fedec44c34c0f80f9471046167856	0	f
TOP - CPU Utilization	103	1716071891008	152fedec44c34c0f80f9471046167856	0	f
TOP - Memory Utilization	7.6000000000000005	1716071891008	152fedec44c34c0f80f9471046167856	0	f
TOP - Memory Usage GB	1.8991	1716071891008	152fedec44c34c0f80f9471046167856	0	f
TOP - CPU Utilization	104	1716071892011	152fedec44c34c0f80f9471046167856	0	f
TOP - Memory Utilization	7.6000000000000005	1716071892011	152fedec44c34c0f80f9471046167856	0	f
TOP - Memory Usage GB	1.9005999999999998	1716071892011	152fedec44c34c0f80f9471046167856	0	f
TOP - CPU Utilization	103	1716071893014	152fedec44c34c0f80f9471046167856	0	f
TOP - Memory Utilization	7.6000000000000005	1716071893014	152fedec44c34c0f80f9471046167856	0	f
TOP - Memory Usage GB	1.9005999999999998	1716071893014	152fedec44c34c0f80f9471046167856	0	f
TOP - CPU Utilization	102	1716071894016	152fedec44c34c0f80f9471046167856	0	f
TOP - Memory Utilization	5.9	1716071894016	152fedec44c34c0f80f9471046167856	0	f
TOP - Memory Usage GB	1.9005999999999998	1716071894016	152fedec44c34c0f80f9471046167856	0	f
TOP - CPU Utilization	102	1716071895018	152fedec44c34c0f80f9471046167856	0	f
TOP - Memory Utilization	7.6000000000000005	1716071895018	152fedec44c34c0f80f9471046167856	0	f
TOP - Memory Usage GB	1.9001	1716071895018	152fedec44c34c0f80f9471046167856	0	f
TOP - CPU Utilization	105	1716071896021	152fedec44c34c0f80f9471046167856	0	f
TOP - Memory Utilization	7.6000000000000005	1716071896021	152fedec44c34c0f80f9471046167856	0	f
TOP - Memory Usage GB	1.9001	1716071896021	152fedec44c34c0f80f9471046167856	0	f
TOP - CPU Utilization	102	1716071897023	152fedec44c34c0f80f9471046167856	0	f
TOP - Memory Utilization	5.9	1716071897023	152fedec44c34c0f80f9471046167856	0	f
TOP - Memory Usage GB	1.9001	1716071897023	152fedec44c34c0f80f9471046167856	0	f
TOP - CPU Utilization	103	1716071898025	152fedec44c34c0f80f9471046167856	0	f
TOP - Memory Utilization	7.6000000000000005	1716071898025	152fedec44c34c0f80f9471046167856	0	f
TOP - Memory Usage GB	1.9019000000000001	1716071898025	152fedec44c34c0f80f9471046167856	0	f
TOP - CPU Utilization	102	1716071899027	152fedec44c34c0f80f9471046167856	0	f
TOP - Memory Utilization	5.9	1716071899027	152fedec44c34c0f80f9471046167856	0	f
TOP - Memory Usage GB	1.9019000000000001	1716071899027	152fedec44c34c0f80f9471046167856	0	f
TOP - CPU Utilization	102	1716071900029	152fedec44c34c0f80f9471046167856	0	f
TOP - Memory Utilization	7.6000000000000005	1716071900029	152fedec44c34c0f80f9471046167856	0	f
TOP - Memory Usage GB	1.9019000000000001	1716071900029	152fedec44c34c0f80f9471046167856	0	f
TOP - CPU Utilization	104	1716071901031	152fedec44c34c0f80f9471046167856	0	f
TOP - Memory Utilization	7.6000000000000005	1716071901031	152fedec44c34c0f80f9471046167856	0	f
TOP - Memory Usage GB	1.9022999999999999	1716071901031	152fedec44c34c0f80f9471046167856	0	f
TOP - CPU Utilization	103	1716071902034	152fedec44c34c0f80f9471046167856	0	f
TOP - Memory Utilization	7.6000000000000005	1716071902034	152fedec44c34c0f80f9471046167856	0	f
TOP - Memory Usage GB	1.9022999999999999	1716071902034	152fedec44c34c0f80f9471046167856	0	f
TOP - CPU Utilization	102	1716071903037	152fedec44c34c0f80f9471046167856	0	f
TOP - Memory Utilization	5.9	1716071903037	152fedec44c34c0f80f9471046167856	0	f
TOP - Memory Usage GB	1.9022999999999999	1716071903037	152fedec44c34c0f80f9471046167856	0	f
TOP - CPU Utilization	103	1716071904039	152fedec44c34c0f80f9471046167856	0	f
TOP - Memory Utilization	7.6000000000000005	1716071904039	152fedec44c34c0f80f9471046167856	0	f
TOP - Memory Usage GB	1.9033	1716071904039	152fedec44c34c0f80f9471046167856	0	f
TOP - CPU Utilization	103	1716071905041	152fedec44c34c0f80f9471046167856	0	f
TOP - Memory Utilization	7.6000000000000005	1716071905041	152fedec44c34c0f80f9471046167856	0	f
TOP - Memory Usage GB	1.9033	1716071905041	152fedec44c34c0f80f9471046167856	0	f
TOP - CPU Utilization	103	1716071906046	152fedec44c34c0f80f9471046167856	0	f
TOP - Memory Utilization	5.9	1716071906046	152fedec44c34c0f80f9471046167856	0	f
TOP - Memory Usage GB	1.9033	1716071906046	152fedec44c34c0f80f9471046167856	0	f
TOP - CPU Utilization	103	1716071907048	152fedec44c34c0f80f9471046167856	0	f
TOP - Memory Utilization	7.6000000000000005	1716071907048	152fedec44c34c0f80f9471046167856	0	f
TOP - Memory Usage GB	1.9036	1716071907048	152fedec44c34c0f80f9471046167856	0	f
TOP - CPU Utilization	102	1716071908050	152fedec44c34c0f80f9471046167856	0	f
TOP - Memory Utilization	5.9	1716071908050	152fedec44c34c0f80f9471046167856	0	f
TOP - Memory Usage GB	1.9036	1716071908050	152fedec44c34c0f80f9471046167856	0	f
TOP - CPU Utilization	103	1716071909053	152fedec44c34c0f80f9471046167856	0	f
TOP - Memory Utilization	7.6000000000000005	1716071909053	152fedec44c34c0f80f9471046167856	0	f
TOP - Memory Usage GB	1.9036	1716071909053	152fedec44c34c0f80f9471046167856	0	f
TOP - CPU Utilization	103	1716071910055	152fedec44c34c0f80f9471046167856	0	f
TOP - Memory Utilization	7.6000000000000005	1716071910055	152fedec44c34c0f80f9471046167856	0	f
TOP - Memory Usage GB	1.9035	1716071910055	152fedec44c34c0f80f9471046167856	0	f
TOP - CPU Utilization	103	1716071911057	152fedec44c34c0f80f9471046167856	0	f
TOP - Memory Utilization	7.6000000000000005	1716071911057	152fedec44c34c0f80f9471046167856	0	f
TOP - Memory Usage GB	1.9035	1716071911057	152fedec44c34c0f80f9471046167856	0	f
TOP - CPU Utilization	101	1716071912059	152fedec44c34c0f80f9471046167856	0	f
TOP - Memory Utilization	5.9	1716071912059	152fedec44c34c0f80f9471046167856	0	f
TOP - Memory Usage GB	1.9035	1716071912059	152fedec44c34c0f80f9471046167856	0	f
TOP - CPU Utilization	103	1716071913061	152fedec44c34c0f80f9471046167856	0	f
TOP - Memory Utilization	7.6000000000000005	1716071913061	152fedec44c34c0f80f9471046167856	0	f
TOP - Memory Usage GB	1.9022000000000001	1716071913061	152fedec44c34c0f80f9471046167856	0	f
TOP - CPU Utilization	104	1716071914063	152fedec44c34c0f80f9471046167856	0	f
TOP - Memory Utilization	7.6000000000000005	1716071914063	152fedec44c34c0f80f9471046167856	0	f
TOP - Memory Usage GB	1.9022000000000001	1716071914063	152fedec44c34c0f80f9471046167856	0	f
TOP - CPU Utilization	101	1716071915066	152fedec44c34c0f80f9471046167856	0	f
TOP - Memory Utilization	5.9	1716071915066	152fedec44c34c0f80f9471046167856	0	f
TOP - Memory Usage GB	1.9022000000000001	1716071915066	152fedec44c34c0f80f9471046167856	0	f
TOP - CPU Utilization	102	1716071916070	152fedec44c34c0f80f9471046167856	0	f
TOP - Memory Utilization	7.6000000000000005	1716071916070	152fedec44c34c0f80f9471046167856	0	f
TOP - Memory Usage GB	1.8977	1716071916070	152fedec44c34c0f80f9471046167856	0	f
TOP - CPU Utilization	103	1716071917072	152fedec44c34c0f80f9471046167856	0	f
TOP - Memory Utilization	7.6000000000000005	1716071917072	152fedec44c34c0f80f9471046167856	0	f
TOP - Memory Usage GB	1.8977	1716071917072	152fedec44c34c0f80f9471046167856	0	f
TOP - CPU Utilization	103	1716071918075	152fedec44c34c0f80f9471046167856	0	f
TOP - Memory Utilization	7.6000000000000005	1716071918075	152fedec44c34c0f80f9471046167856	0	f
TOP - Memory Usage GB	1.8977	1716071918075	152fedec44c34c0f80f9471046167856	0	f
TOP - CPU Utilization	102	1716071919077	152fedec44c34c0f80f9471046167856	0	f
TOP - Memory Utilization	5.9	1716071919077	152fedec44c34c0f80f9471046167856	0	f
TOP - Memory Usage GB	1.9002999999999999	1716071919077	152fedec44c34c0f80f9471046167856	0	f
TOP - CPU Utilization	102	1716071920079	152fedec44c34c0f80f9471046167856	0	f
TOP - Memory Utilization	7.6000000000000005	1716071920079	152fedec44c34c0f80f9471046167856	0	f
TOP - Memory Usage GB	1.9002999999999999	1716071920079	152fedec44c34c0f80f9471046167856	0	f
TOP - CPU Utilization	105	1716071921081	152fedec44c34c0f80f9471046167856	0	f
TOP - Memory Utilization	7.6000000000000005	1716071921081	152fedec44c34c0f80f9471046167856	0	f
TOP - Memory Usage GB	1.9002999999999999	1716071921081	152fedec44c34c0f80f9471046167856	0	f
TOP - CPU Utilization	103	1716071922083	152fedec44c34c0f80f9471046167856	0	f
TOP - Memory Utilization	7.6000000000000005	1716071922083	152fedec44c34c0f80f9471046167856	0	f
TOP - Memory Usage GB	1.8997	1716071922083	152fedec44c34c0f80f9471046167856	0	f
TOP - CPU Utilization	101	1716071923085	152fedec44c34c0f80f9471046167856	0	f
TOP - Memory Utilization	5.9	1716071923085	152fedec44c34c0f80f9471046167856	0	f
TOP - Memory Usage GB	1.8997	1716071923085	152fedec44c34c0f80f9471046167856	0	f
TOP - CPU Utilization	104	1716071924087	152fedec44c34c0f80f9471046167856	0	f
TOP - Memory Utilization	7.6000000000000005	1716071924087	152fedec44c34c0f80f9471046167856	0	f
TOP - Memory Usage GB	1.8997	1716071924087	152fedec44c34c0f80f9471046167856	0	f
TOP - CPU Utilization	102	1716071925090	152fedec44c34c0f80f9471046167856	0	f
TOP - Memory Utilization	7.6000000000000005	1716071925090	152fedec44c34c0f80f9471046167856	0	f
TOP - Memory Usage GB	1.8982999999999999	1716071925090	152fedec44c34c0f80f9471046167856	0	f
TOP - CPU Utilization	102	1716071926092	152fedec44c34c0f80f9471046167856	0	f
TOP - Memory Utilization	5.9	1716071926092	152fedec44c34c0f80f9471046167856	0	f
TOP - Memory Usage GB	1.8982999999999999	1716071926092	152fedec44c34c0f80f9471046167856	0	f
TOP - CPU Utilization	103	1716071927095	152fedec44c34c0f80f9471046167856	0	f
TOP - Memory Utilization	7.6000000000000005	1716071927095	152fedec44c34c0f80f9471046167856	0	f
TOP - Memory Usage GB	1.8982999999999999	1716071927095	152fedec44c34c0f80f9471046167856	0	f
TOP - CPU Utilization	103	1716071928097	152fedec44c34c0f80f9471046167856	0	f
TOP - Memory Utilization	7.6000000000000005	1716071928097	152fedec44c34c0f80f9471046167856	0	f
TOP - Memory Usage GB	1.8985	1716071928097	152fedec44c34c0f80f9471046167856	0	f
TOP - CPU Utilization	101	1716071929099	152fedec44c34c0f80f9471046167856	0	f
TOP - Memory Utilization	5.9	1716071929099	152fedec44c34c0f80f9471046167856	0	f
TOP - Memory Usage GB	1.8985	1716071929099	152fedec44c34c0f80f9471046167856	0	f
TOP - CPU Utilization	105	1716071930102	152fedec44c34c0f80f9471046167856	0	f
TOP - Memory Utilization	7.6000000000000005	1716071930102	152fedec44c34c0f80f9471046167856	0	f
TOP - Memory Usage GB	1.8985	1716071930102	152fedec44c34c0f80f9471046167856	0	f
TOP - CPU Utilization	103	1716071931104	152fedec44c34c0f80f9471046167856	0	f
TOP - Memory Utilization	7.6000000000000005	1716071931104	152fedec44c34c0f80f9471046167856	0	f
TOP - Memory Usage GB	1.8977	1716071931104	152fedec44c34c0f80f9471046167856	0	f
TOP - CPU Utilization	101	1716071932106	152fedec44c34c0f80f9471046167856	0	f
TOP - Memory Utilization	5.9	1716071932106	152fedec44c34c0f80f9471046167856	0	f
TOP - Memory Usage GB	1.8977	1716071932106	152fedec44c34c0f80f9471046167856	0	f
TOP - CPU Utilization	103	1716071933108	152fedec44c34c0f80f9471046167856	0	f
TOP - Memory Utilization	7.6000000000000005	1716071933108	152fedec44c34c0f80f9471046167856	0	f
TOP - Memory Usage GB	1.8977	1716071933108	152fedec44c34c0f80f9471046167856	0	f
TOP - CPU Utilization	103	1716071934111	152fedec44c34c0f80f9471046167856	0	f
TOP - Memory Utilization	7.6000000000000005	1716071934111	152fedec44c34c0f80f9471046167856	0	f
TOP - Memory Usage GB	1.9001	1716071934111	152fedec44c34c0f80f9471046167856	0	f
TOP - CPU Utilization	102	1716071935113	152fedec44c34c0f80f9471046167856	0	f
TOP - Memory Utilization	5.9	1716071935113	152fedec44c34c0f80f9471046167856	0	f
TOP - Memory Usage GB	1.9001	1716071935113	152fedec44c34c0f80f9471046167856	0	f
TOP - CPU Utilization	103	1716071936115	152fedec44c34c0f80f9471046167856	0	f
TOP - Memory Utilization	7.6000000000000005	1716071936115	152fedec44c34c0f80f9471046167856	0	f
TOP - Memory Usage GB	1.9001	1716071936115	152fedec44c34c0f80f9471046167856	0	f
TOP - CPU Utilization	105	1716071937117	152fedec44c34c0f80f9471046167856	0	f
TOP - Memory Utilization	7.9	1716071937117	152fedec44c34c0f80f9471046167856	0	f
TOP - Memory Usage GB	1.9009	1716071937117	152fedec44c34c0f80f9471046167856	0	f
TOP - CPU Utilization	101	1716071938119	152fedec44c34c0f80f9471046167856	0	f
TOP - Memory Utilization	5.9	1716071938119	152fedec44c34c0f80f9471046167856	0	f
TOP - Memory Usage GB	1.9009	1716071938119	152fedec44c34c0f80f9471046167856	0	f
TOP - CPU Utilization	104	1716071939121	152fedec44c34c0f80f9471046167856	0	f
TOP - Memory Utilization	7.6000000000000005	1716071939121	152fedec44c34c0f80f9471046167856	0	f
TOP - Memory Usage GB	1.9009	1716071939121	152fedec44c34c0f80f9471046167856	0	f
TOP - CPU Utilization	103	1716071940124	152fedec44c34c0f80f9471046167856	0	f
TOP - Memory Utilization	7.6000000000000005	1716071940124	152fedec44c34c0f80f9471046167856	0	f
TOP - Memory Usage GB	1.9014000000000002	1716071940124	152fedec44c34c0f80f9471046167856	0	f
TOP - CPU Utilization	102	1716071941126	152fedec44c34c0f80f9471046167856	0	f
TOP - Memory Utilization	5.9	1716071941126	152fedec44c34c0f80f9471046167856	0	f
TOP - Memory Usage GB	1.9014000000000002	1716071941126	152fedec44c34c0f80f9471046167856	0	f
TOP - CPU Utilization	103	1716071942128	152fedec44c34c0f80f9471046167856	0	f
TOP - Memory Utilization	7.6000000000000005	1716071942128	152fedec44c34c0f80f9471046167856	0	f
TOP - Memory Usage GB	1.9014000000000002	1716071942128	152fedec44c34c0f80f9471046167856	0	f
TOP - CPU Utilization	104	1716071943131	152fedec44c34c0f80f9471046167856	0	f
TOP - Memory Utilization	7.6000000000000005	1716071943131	152fedec44c34c0f80f9471046167856	0	f
TOP - Memory Usage GB	1.902	1716071943131	152fedec44c34c0f80f9471046167856	0	f
TOP - CPU Utilization	102	1716071944133	152fedec44c34c0f80f9471046167856	0	f
TOP - Memory Utilization	5.9	1716071944133	152fedec44c34c0f80f9471046167856	0	f
TOP - Memory Usage GB	1.902	1716071944133	152fedec44c34c0f80f9471046167856	0	f
TOP - CPU Utilization	103	1716071945135	152fedec44c34c0f80f9471046167856	0	f
TOP - Swap Memory GB	0.020300000000000002	1716071925116	152fedec44c34c0f80f9471046167856	0	f
TOP - Swap Memory GB	0.020300000000000002	1716071926117	152fedec44c34c0f80f9471046167856	0	f
TOP - Swap Memory GB	0.020300000000000002	1716071927122	152fedec44c34c0f80f9471046167856	0	f
TOP - Swap Memory GB	0.020300000000000002	1716071928113	152fedec44c34c0f80f9471046167856	0	f
TOP - Swap Memory GB	0.020300000000000002	1716071929127	152fedec44c34c0f80f9471046167856	0	f
TOP - Swap Memory GB	0.020300000000000002	1716071930128	152fedec44c34c0f80f9471046167856	0	f
TOP - Swap Memory GB	0.020300000000000002	1716071931131	152fedec44c34c0f80f9471046167856	0	f
TOP - Swap Memory GB	0.020300000000000002	1716071932124	152fedec44c34c0f80f9471046167856	0	f
TOP - Swap Memory GB	0.020300000000000002	1716071933133	152fedec44c34c0f80f9471046167856	0	f
TOP - Swap Memory GB	0.020300000000000002	1716071934137	152fedec44c34c0f80f9471046167856	0	f
TOP - Swap Memory GB	0.020300000000000002	1716071935134	152fedec44c34c0f80f9471046167856	0	f
TOP - Swap Memory GB	0.020300000000000002	1716071936142	152fedec44c34c0f80f9471046167856	0	f
TOP - Swap Memory GB	0.020300000000000002	1716071937142	152fedec44c34c0f80f9471046167856	0	f
TOP - Swap Memory GB	0.020300000000000002	1716071938145	152fedec44c34c0f80f9471046167856	0	f
TOP - Swap Memory GB	0.020300000000000002	1716071939149	152fedec44c34c0f80f9471046167856	0	f
TOP - Swap Memory GB	0.020300000000000002	1716071940142	152fedec44c34c0f80f9471046167856	0	f
TOP - Swap Memory GB	0.020300000000000002	1716071941154	152fedec44c34c0f80f9471046167856	0	f
TOP - Swap Memory GB	0.020300000000000002	1716071942157	152fedec44c34c0f80f9471046167856	0	f
TOP - Swap Memory GB	0.020300000000000002	1716071943160	152fedec44c34c0f80f9471046167856	0	f
TOP - Swap Memory GB	0.020300000000000002	1716071944161	152fedec44c34c0f80f9471046167856	0	f
TOP - Swap Memory GB	0.020300000000000002	1716071945162	152fedec44c34c0f80f9471046167856	0	f
TOP - Swap Memory GB	0.020300000000000002	1716071946163	152fedec44c34c0f80f9471046167856	0	f
TOP - Swap Memory GB	0.020300000000000002	1716071947160	152fedec44c34c0f80f9471046167856	0	f
TOP - Swap Memory GB	0.020300000000000002	1716071948169	152fedec44c34c0f80f9471046167856	0	f
TOP - Swap Memory GB	0.020300000000000002	1716071949165	152fedec44c34c0f80f9471046167856	0	f
TOP - Swap Memory GB	0.020300000000000002	1716071950177	152fedec44c34c0f80f9471046167856	0	f
TOP - Swap Memory GB	0.020300000000000002	1716071951172	152fedec44c34c0f80f9471046167856	0	f
TOP - Swap Memory GB	0.020300000000000002	1716071952176	152fedec44c34c0f80f9471046167856	0	f
TOP - Swap Memory GB	0.020300000000000002	1716071953172	152fedec44c34c0f80f9471046167856	0	f
TOP - Swap Memory GB	0.020300000000000002	1716071954182	152fedec44c34c0f80f9471046167856	0	f
TOP - Swap Memory GB	0.020300000000000002	1716071955184	152fedec44c34c0f80f9471046167856	0	f
TOP - Swap Memory GB	0.020300000000000002	1716071956190	152fedec44c34c0f80f9471046167856	0	f
TOP - Swap Memory GB	0.020300000000000002	1716071957190	152fedec44c34c0f80f9471046167856	0	f
TOP - Swap Memory GB	0.020300000000000002	1716071958193	152fedec44c34c0f80f9471046167856	0	f
TOP - Swap Memory GB	0.020300000000000002	1716071959194	152fedec44c34c0f80f9471046167856	0	f
TOP - Swap Memory GB	0.020300000000000002	1716071960200	152fedec44c34c0f80f9471046167856	0	f
TOP - Swap Memory GB	0.020300000000000002	1716071961205	152fedec44c34c0f80f9471046167856	0	f
TOP - Swap Memory GB	0.020300000000000002	1716071962202	152fedec44c34c0f80f9471046167856	0	f
TOP - Swap Memory GB	0.020300000000000002	1716071963207	152fedec44c34c0f80f9471046167856	0	f
TOP - Memory Utilization	5.9	1716071981226	152fedec44c34c0f80f9471046167856	0	f
TOP - Memory Usage GB	1.9041	1716071981226	152fedec44c34c0f80f9471046167856	0	f
TOP - CPU Utilization	101	1716071982228	152fedec44c34c0f80f9471046167856	0	f
TOP - Memory Utilization	7.6000000000000005	1716071982228	152fedec44c34c0f80f9471046167856	0	f
TOP - Memory Usage GB	1.9041	1716071982228	152fedec44c34c0f80f9471046167856	0	f
TOP - CPU Utilization	104	1716071983230	152fedec44c34c0f80f9471046167856	0	f
TOP - Memory Utilization	7.6000000000000005	1716071983230	152fedec44c34c0f80f9471046167856	0	f
TOP - Memory Usage GB	1.9041	1716071983230	152fedec44c34c0f80f9471046167856	0	f
TOP - CPU Utilization	103	1716071984232	152fedec44c34c0f80f9471046167856	0	f
TOP - Memory Utilization	5.9	1716071984232	152fedec44c34c0f80f9471046167856	0	f
TOP - Memory Usage GB	1.9041	1716071984232	152fedec44c34c0f80f9471046167856	0	f
TOP - CPU Utilization	103	1716071985235	152fedec44c34c0f80f9471046167856	0	f
TOP - Memory Utilization	7.6000000000000005	1716071985235	152fedec44c34c0f80f9471046167856	0	f
TOP - Memory Usage GB	1.9034	1716071985235	152fedec44c34c0f80f9471046167856	0	f
TOP - CPU Utilization	104	1716071986237	152fedec44c34c0f80f9471046167856	0	f
TOP - Memory Utilization	7.6000000000000005	1716071986237	152fedec44c34c0f80f9471046167856	0	f
TOP - Memory Usage GB	1.9034	1716071986237	152fedec44c34c0f80f9471046167856	0	f
TOP - CPU Utilization	101	1716071987240	152fedec44c34c0f80f9471046167856	0	f
TOP - Memory Utilization	5.9	1716071987240	152fedec44c34c0f80f9471046167856	0	f
TOP - Memory Usage GB	1.9034	1716071987240	152fedec44c34c0f80f9471046167856	0	f
TOP - CPU Utilization	104	1716071988242	152fedec44c34c0f80f9471046167856	0	f
TOP - Memory Utilization	7.6000000000000005	1716071988242	152fedec44c34c0f80f9471046167856	0	f
TOP - Memory Usage GB	1.9009	1716071988242	152fedec44c34c0f80f9471046167856	0	f
TOP - Memory Utilization	7.6000000000000005	1716071945135	152fedec44c34c0f80f9471046167856	0	f
TOP - Memory Usage GB	1.902	1716071945135	152fedec44c34c0f80f9471046167856	0	f
TOP - CPU Utilization	103	1716071946137	152fedec44c34c0f80f9471046167856	0	f
TOP - Memory Utilization	7.6000000000000005	1716071946137	152fedec44c34c0f80f9471046167856	0	f
TOP - Memory Usage GB	1.9031	1716071946137	152fedec44c34c0f80f9471046167856	0	f
TOP - CPU Utilization	103	1716071947140	152fedec44c34c0f80f9471046167856	0	f
TOP - Memory Utilization	7.6000000000000005	1716071947140	152fedec44c34c0f80f9471046167856	0	f
TOP - Memory Usage GB	1.9031	1716071947140	152fedec44c34c0f80f9471046167856	0	f
TOP - CPU Utilization	102	1716071948141	152fedec44c34c0f80f9471046167856	0	f
TOP - Memory Utilization	5.9	1716071948141	152fedec44c34c0f80f9471046167856	0	f
TOP - Memory Usage GB	1.9031	1716071948141	152fedec44c34c0f80f9471046167856	0	f
TOP - CPU Utilization	103	1716071949147	152fedec44c34c0f80f9471046167856	0	f
TOP - Memory Utilization	7.6000000000000005	1716071949147	152fedec44c34c0f80f9471046167856	0	f
TOP - Memory Usage GB	1.9022000000000001	1716071949147	152fedec44c34c0f80f9471046167856	0	f
TOP - CPU Utilization	104	1716071950148	152fedec44c34c0f80f9471046167856	0	f
TOP - Memory Utilization	7.6000000000000005	1716071950148	152fedec44c34c0f80f9471046167856	0	f
TOP - Memory Usage GB	1.9022000000000001	1716071950148	152fedec44c34c0f80f9471046167856	0	f
TOP - CPU Utilization	103	1716071951150	152fedec44c34c0f80f9471046167856	0	f
TOP - Memory Utilization	7.6000000000000005	1716071951150	152fedec44c34c0f80f9471046167856	0	f
TOP - Memory Usage GB	1.9022000000000001	1716071951150	152fedec44c34c0f80f9471046167856	0	f
TOP - CPU Utilization	104	1716071952152	152fedec44c34c0f80f9471046167856	0	f
TOP - Memory Utilization	7.6000000000000005	1716071952152	152fedec44c34c0f80f9471046167856	0	f
TOP - Memory Usage GB	1.8949	1716071952152	152fedec44c34c0f80f9471046167856	0	f
TOP - CPU Utilization	101	1716071953154	152fedec44c34c0f80f9471046167856	0	f
TOP - Memory Utilization	7.6000000000000005	1716071953154	152fedec44c34c0f80f9471046167856	0	f
TOP - Memory Usage GB	1.8949	1716071953154	152fedec44c34c0f80f9471046167856	0	f
TOP - CPU Utilization	102	1716071954156	152fedec44c34c0f80f9471046167856	0	f
TOP - Memory Utilization	5.9	1716071954156	152fedec44c34c0f80f9471046167856	0	f
TOP - Memory Usage GB	1.8949	1716071954156	152fedec44c34c0f80f9471046167856	0	f
TOP - CPU Utilization	102	1716071955158	152fedec44c34c0f80f9471046167856	0	f
TOP - Memory Utilization	7.6000000000000005	1716071955158	152fedec44c34c0f80f9471046167856	0	f
TOP - Memory Usage GB	1.8969	1716071955158	152fedec44c34c0f80f9471046167856	0	f
TOP - CPU Utilization	103	1716071956161	152fedec44c34c0f80f9471046167856	0	f
TOP - Memory Utilization	5.9	1716071956161	152fedec44c34c0f80f9471046167856	0	f
TOP - Memory Usage GB	1.8969	1716071956161	152fedec44c34c0f80f9471046167856	0	f
TOP - CPU Utilization	104	1716071957163	152fedec44c34c0f80f9471046167856	0	f
TOP - Memory Utilization	7.6000000000000005	1716071957163	152fedec44c34c0f80f9471046167856	0	f
TOP - Memory Usage GB	1.8969	1716071957163	152fedec44c34c0f80f9471046167856	0	f
TOP - CPU Utilization	103	1716071958165	152fedec44c34c0f80f9471046167856	0	f
TOP - Memory Utilization	7.6	1716071958165	152fedec44c34c0f80f9471046167856	0	f
TOP - Memory Usage GB	1.8984	1716071958165	152fedec44c34c0f80f9471046167856	0	f
TOP - CPU Utilization	104	1716071959167	152fedec44c34c0f80f9471046167856	0	f
TOP - Memory Utilization	7.6000000000000005	1716071959167	152fedec44c34c0f80f9471046167856	0	f
TOP - Memory Usage GB	1.8984	1716071959167	152fedec44c34c0f80f9471046167856	0	f
TOP - CPU Utilization	101	1716071960172	152fedec44c34c0f80f9471046167856	0	f
TOP - Memory Utilization	5.9	1716071960172	152fedec44c34c0f80f9471046167856	0	f
TOP - Memory Usage GB	1.8984	1716071960172	152fedec44c34c0f80f9471046167856	0	f
TOP - CPU Utilization	104	1716071961175	152fedec44c34c0f80f9471046167856	0	f
TOP - Memory Utilization	7.6000000000000005	1716071961175	152fedec44c34c0f80f9471046167856	0	f
TOP - Memory Usage GB	1.8985999999999998	1716071961175	152fedec44c34c0f80f9471046167856	0	f
TOP - CPU Utilization	103	1716071962177	152fedec44c34c0f80f9471046167856	0	f
TOP - Memory Utilization	7.6000000000000005	1716071962177	152fedec44c34c0f80f9471046167856	0	f
TOP - Memory Usage GB	1.8985999999999998	1716071962177	152fedec44c34c0f80f9471046167856	0	f
TOP - CPU Utilization	102	1716071963179	152fedec44c34c0f80f9471046167856	0	f
TOP - Memory Utilization	5.9	1716071963179	152fedec44c34c0f80f9471046167856	0	f
TOP - Memory Usage GB	1.8985999999999998	1716071963179	152fedec44c34c0f80f9471046167856	0	f
TOP - Swap Memory GB	0.020300000000000002	1716071981255	152fedec44c34c0f80f9471046167856	0	f
TOP - Swap Memory GB	0.020300000000000002	1716071982256	152fedec44c34c0f80f9471046167856	0	f
TOP - Swap Memory GB	0.020300000000000002	1716071983247	152fedec44c34c0f80f9471046167856	0	f
TOP - Swap Memory GB	0.020300000000000002	1716071984263	152fedec44c34c0f80f9471046167856	0	f
TOP - Swap Memory GB	0.020300000000000002	1716071985263	152fedec44c34c0f80f9471046167856	0	f
TOP - Swap Memory GB	0.020300000000000002	1716071986263	152fedec44c34c0f80f9471046167856	0	f
TOP - Swap Memory GB	0.020300000000000002	1716071987263	152fedec44c34c0f80f9471046167856	0	f
TOP - Swap Memory GB	0.020300000000000002	1716071988262	152fedec44c34c0f80f9471046167856	0	f
\.


--
-- Data for Name: model_version_tags; Type: TABLE DATA; Schema: public; Owner: mlflow_user
--

COPY public.model_version_tags (key, value, name, version) FROM stdin;
\.


--
-- Data for Name: model_versions; Type: TABLE DATA; Schema: public; Owner: mlflow_user
--

COPY public.model_versions (name, version, creation_time, last_updated_time, description, user_id, current_stage, source, run_id, status, status_message, run_link, storage_location) FROM stdin;
\.


--
-- Data for Name: params; Type: TABLE DATA; Schema: public; Owner: mlflow_user
--

COPY public.params (key, value, run_uuid) FROM stdin;
letter	0	358d0e43586944da83b2add4da9bcbb5
workload	0	358d0e43586944da83b2add4da9bcbb5
listeners	smi+top+dcgmi	358d0e43586944da83b2add4da9bcbb5
params	'"-"'	358d0e43586944da83b2add4da9bcbb5
file	cifar10.py	358d0e43586944da83b2add4da9bcbb5
workload_listener	''	358d0e43586944da83b2add4da9bcbb5
letter	0	152fedec44c34c0f80f9471046167856
workload	0	152fedec44c34c0f80f9471046167856
listeners	smi+top+dcgmi	152fedec44c34c0f80f9471046167856
params	'"-"'	152fedec44c34c0f80f9471046167856
file	cifar10.py	152fedec44c34c0f80f9471046167856
workload_listener	''	152fedec44c34c0f80f9471046167856
model	cifar10.py	152fedec44c34c0f80f9471046167856
manual	False	152fedec44c34c0f80f9471046167856
max_epoch	5	152fedec44c34c0f80f9471046167856
max_time	172800	152fedec44c34c0f80f9471046167856
\.


--
-- Data for Name: registered_model_aliases; Type: TABLE DATA; Schema: public; Owner: mlflow_user
--

COPY public.registered_model_aliases (alias, version, name) FROM stdin;
\.


--
-- Data for Name: registered_model_tags; Type: TABLE DATA; Schema: public; Owner: mlflow_user
--

COPY public.registered_model_tags (key, value, name) FROM stdin;
\.


--
-- Data for Name: registered_models; Type: TABLE DATA; Schema: public; Owner: mlflow_user
--

COPY public.registered_models (name, creation_time, last_updated_time, description) FROM stdin;
\.


--
-- Data for Name: runs; Type: TABLE DATA; Schema: public; Owner: mlflow_user
--

COPY public.runs (run_uuid, name, source_type, source_name, entry_point_name, user_id, status, start_time, end_time, source_version, lifecycle_stage, artifact_uri, experiment_id, deleted_time) FROM stdin;
358d0e43586944da83b2add4da9bcbb5	fearless-snipe-520	UNKNOWN			daga	FAILED	1716070805671	1716070933538		active	s3://mlflow-storage/0/358d0e43586944da83b2add4da9bcbb5/artifacts	0	\N
152fedec44c34c0f80f9471046167856	(0 0) sassy-conch-188	UNKNOWN			daga	FINISHED	1716071207057	1716071989571		active	s3://mlflow-storage/0/152fedec44c34c0f80f9471046167856/artifacts	0	\N
\.


--
-- Data for Name: tags; Type: TABLE DATA; Schema: public; Owner: mlflow_user
--

COPY public.tags (key, value, run_uuid) FROM stdin;
mlflow.user	daga	358d0e43586944da83b2add4da9bcbb5
mlflow.source.name	file:///home/daga/radt#examples/pytorch	358d0e43586944da83b2add4da9bcbb5
mlflow.source.type	PROJECT	358d0e43586944da83b2add4da9bcbb5
mlflow.project.entryPoint	main	358d0e43586944da83b2add4da9bcbb5
mlflow.source.git.commit	7d2e33f2e8153fce7cd5f872f07ee41424602571	358d0e43586944da83b2add4da9bcbb5
mlflow.source.git.repoURL	https://github.com/Resource-Aware-Data-systems-RAD/radt.git	358d0e43586944da83b2add4da9bcbb5
mlflow.gitRepoURL	https://github.com/Resource-Aware-Data-systems-RAD/radt.git	358d0e43586944da83b2add4da9bcbb5
mlflow.runName	fearless-snipe-520	358d0e43586944da83b2add4da9bcbb5
mlflow.project.env	conda	358d0e43586944da83b2add4da9bcbb5
mlflow.project.backend	local	358d0e43586944da83b2add4da9bcbb5
mlflow.user	daga	152fedec44c34c0f80f9471046167856
mlflow.source.name	file:///home/daga/radt#examples/pytorch	152fedec44c34c0f80f9471046167856
mlflow.source.type	PROJECT	152fedec44c34c0f80f9471046167856
mlflow.project.entryPoint	main	152fedec44c34c0f80f9471046167856
mlflow.source.git.commit	7d2e33f2e8153fce7cd5f872f07ee41424602571	152fedec44c34c0f80f9471046167856
mlflow.source.git.repoURL	https://github.com/Resource-Aware-Data-systems-RAD/radt.git	152fedec44c34c0f80f9471046167856
mlflow.gitRepoURL	https://github.com/Resource-Aware-Data-systems-RAD/radt.git	152fedec44c34c0f80f9471046167856
mlflow.project.env	conda	152fedec44c34c0f80f9471046167856
mlflow.project.backend	local	152fedec44c34c0f80f9471046167856
mlflow.runName	(0 0) sassy-conch-188	152fedec44c34c0f80f9471046167856
\.


--
-- Name: experiment_id; Type: SEQUENCE SET; Schema: public; Owner: mlflow_user
--

SELECT pg_catalog.setval('public.experiment_id', 1, false);


--
-- Name: alembic_version alembic_version_pkc; Type: CONSTRAINT; Schema: public; Owner: mlflow_user
--

ALTER TABLE ONLY public.alembic_version
    ADD CONSTRAINT alembic_version_pkc PRIMARY KEY (version_num);


--
-- Name: datasets dataset_pk; Type: CONSTRAINT; Schema: public; Owner: mlflow_user
--

ALTER TABLE ONLY public.datasets
    ADD CONSTRAINT dataset_pk PRIMARY KEY (experiment_id, name, digest);


--
-- Name: experiments experiment_pk; Type: CONSTRAINT; Schema: public; Owner: mlflow_user
--

ALTER TABLE ONLY public.experiments
    ADD CONSTRAINT experiment_pk PRIMARY KEY (experiment_id);


--
-- Name: experiment_tags experiment_tag_pk; Type: CONSTRAINT; Schema: public; Owner: mlflow_user
--

ALTER TABLE ONLY public.experiment_tags
    ADD CONSTRAINT experiment_tag_pk PRIMARY KEY (key, experiment_id);


--
-- Name: experiments experiments_name_key; Type: CONSTRAINT; Schema: public; Owner: mlflow_user
--

ALTER TABLE ONLY public.experiments
    ADD CONSTRAINT experiments_name_key UNIQUE (name);


--
-- Name: input_tags input_tags_pk; Type: CONSTRAINT; Schema: public; Owner: mlflow_user
--

ALTER TABLE ONLY public.input_tags
    ADD CONSTRAINT input_tags_pk PRIMARY KEY (input_uuid, name);


--
-- Name: inputs inputs_pk; Type: CONSTRAINT; Schema: public; Owner: mlflow_user
--

ALTER TABLE ONLY public.inputs
    ADD CONSTRAINT inputs_pk PRIMARY KEY (source_type, source_id, destination_type, destination_id);


--
-- Name: latest_metrics latest_metric_pk; Type: CONSTRAINT; Schema: public; Owner: mlflow_user
--

ALTER TABLE ONLY public.latest_metrics
    ADD CONSTRAINT latest_metric_pk PRIMARY KEY (key, run_uuid);


--
-- Name: metrics metric_pk; Type: CONSTRAINT; Schema: public; Owner: mlflow_user
--

ALTER TABLE ONLY public.metrics
    ADD CONSTRAINT metric_pk PRIMARY KEY (key, "timestamp", step, run_uuid, value, is_nan);


--
-- Name: model_versions model_version_pk; Type: CONSTRAINT; Schema: public; Owner: mlflow_user
--

ALTER TABLE ONLY public.model_versions
    ADD CONSTRAINT model_version_pk PRIMARY KEY (name, version);


--
-- Name: model_version_tags model_version_tag_pk; Type: CONSTRAINT; Schema: public; Owner: mlflow_user
--

ALTER TABLE ONLY public.model_version_tags
    ADD CONSTRAINT model_version_tag_pk PRIMARY KEY (key, name, version);


--
-- Name: params param_pk; Type: CONSTRAINT; Schema: public; Owner: mlflow_user
--

ALTER TABLE ONLY public.params
    ADD CONSTRAINT param_pk PRIMARY KEY (key, run_uuid);


--
-- Name: registered_model_aliases registered_model_alias_pk; Type: CONSTRAINT; Schema: public; Owner: mlflow_user
--

ALTER TABLE ONLY public.registered_model_aliases
    ADD CONSTRAINT registered_model_alias_pk PRIMARY KEY (name, alias);


--
-- Name: registered_models registered_model_pk; Type: CONSTRAINT; Schema: public; Owner: mlflow_user
--

ALTER TABLE ONLY public.registered_models
    ADD CONSTRAINT registered_model_pk PRIMARY KEY (name);


--
-- Name: registered_model_tags registered_model_tag_pk; Type: CONSTRAINT; Schema: public; Owner: mlflow_user
--

ALTER TABLE ONLY public.registered_model_tags
    ADD CONSTRAINT registered_model_tag_pk PRIMARY KEY (key, name);


--
-- Name: runs run_pk; Type: CONSTRAINT; Schema: public; Owner: mlflow_user
--

ALTER TABLE ONLY public.runs
    ADD CONSTRAINT run_pk PRIMARY KEY (run_uuid);


--
-- Name: tags tag_pk; Type: CONSTRAINT; Schema: public; Owner: mlflow_user
--

ALTER TABLE ONLY public.tags
    ADD CONSTRAINT tag_pk PRIMARY KEY (key, run_uuid);


--
-- Name: index_datasets_dataset_uuid; Type: INDEX; Schema: public; Owner: mlflow_user
--

CREATE INDEX index_datasets_dataset_uuid ON public.datasets USING btree (dataset_uuid);


--
-- Name: index_datasets_experiment_id_dataset_source_type; Type: INDEX; Schema: public; Owner: mlflow_user
--

CREATE INDEX index_datasets_experiment_id_dataset_source_type ON public.datasets USING btree (experiment_id, dataset_source_type);


--
-- Name: index_inputs_destination_type_destination_id_source_type; Type: INDEX; Schema: public; Owner: mlflow_user
--

CREATE INDEX index_inputs_destination_type_destination_id_source_type ON public.inputs USING btree (destination_type, destination_id, source_type);


--
-- Name: index_inputs_input_uuid; Type: INDEX; Schema: public; Owner: mlflow_user
--

CREATE INDEX index_inputs_input_uuid ON public.inputs USING btree (input_uuid);


--
-- Name: index_latest_metrics_run_uuid; Type: INDEX; Schema: public; Owner: mlflow_user
--

CREATE INDEX index_latest_metrics_run_uuid ON public.latest_metrics USING btree (run_uuid);


--
-- Name: index_metrics_run_uuid; Type: INDEX; Schema: public; Owner: mlflow_user
--

CREATE INDEX index_metrics_run_uuid ON public.metrics USING btree (run_uuid);


--
-- Name: index_params_run_uuid; Type: INDEX; Schema: public; Owner: mlflow_user
--

CREATE INDEX index_params_run_uuid ON public.params USING btree (run_uuid);


--
-- Name: index_tags_run_uuid; Type: INDEX; Schema: public; Owner: mlflow_user
--

CREATE INDEX index_tags_run_uuid ON public.tags USING btree (run_uuid);


--
-- Name: datasets datasets_experiment_id_fkey; Type: FK CONSTRAINT; Schema: public; Owner: mlflow_user
--

ALTER TABLE ONLY public.datasets
    ADD CONSTRAINT datasets_experiment_id_fkey FOREIGN KEY (experiment_id) REFERENCES public.experiments(experiment_id);


--
-- Name: experiment_tags experiment_tags_experiment_id_fkey; Type: FK CONSTRAINT; Schema: public; Owner: mlflow_user
--

ALTER TABLE ONLY public.experiment_tags
    ADD CONSTRAINT experiment_tags_experiment_id_fkey FOREIGN KEY (experiment_id) REFERENCES public.experiments(experiment_id);


--
-- Name: latest_metrics latest_metrics_run_uuid_fkey; Type: FK CONSTRAINT; Schema: public; Owner: mlflow_user
--

ALTER TABLE ONLY public.latest_metrics
    ADD CONSTRAINT latest_metrics_run_uuid_fkey FOREIGN KEY (run_uuid) REFERENCES public.runs(run_uuid);


--
-- Name: metrics metrics_run_uuid_fkey; Type: FK CONSTRAINT; Schema: public; Owner: mlflow_user
--

ALTER TABLE ONLY public.metrics
    ADD CONSTRAINT metrics_run_uuid_fkey FOREIGN KEY (run_uuid) REFERENCES public.runs(run_uuid);


--
-- Name: model_version_tags model_version_tags_name_version_fkey; Type: FK CONSTRAINT; Schema: public; Owner: mlflow_user
--

ALTER TABLE ONLY public.model_version_tags
    ADD CONSTRAINT model_version_tags_name_version_fkey FOREIGN KEY (name, version) REFERENCES public.model_versions(name, version) ON UPDATE RESTRICT;


--
-- Name: model_versions model_versions_name_fkey; Type: FK CONSTRAINT; Schema: public; Owner: mlflow_user
--

ALTER TABLE ONLY public.model_versions
    ADD CONSTRAINT model_versions_name_fkey FOREIGN KEY (name) REFERENCES public.registered_models(name) ON UPDATE RESTRICT;


--
-- Name: params params_run_uuid_fkey; Type: FK CONSTRAINT; Schema: public; Owner: mlflow_user
--

ALTER TABLE ONLY public.params
    ADD CONSTRAINT params_run_uuid_fkey FOREIGN KEY (run_uuid) REFERENCES public.runs(run_uuid);


--
-- Name: registered_model_aliases registered_model_alias_name_fkey; Type: FK CONSTRAINT; Schema: public; Owner: mlflow_user
--

ALTER TABLE ONLY public.registered_model_aliases
    ADD CONSTRAINT registered_model_alias_name_fkey FOREIGN KEY (name) REFERENCES public.registered_models(name) ON UPDATE RESTRICT ON DELETE RESTRICT;


--
-- Name: registered_model_tags registered_model_tags_name_fkey; Type: FK CONSTRAINT; Schema: public; Owner: mlflow_user
--

ALTER TABLE ONLY public.registered_model_tags
    ADD CONSTRAINT registered_model_tags_name_fkey FOREIGN KEY (name) REFERENCES public.registered_models(name) ON UPDATE RESTRICT;


--
-- Name: runs runs_experiment_id_fkey; Type: FK CONSTRAINT; Schema: public; Owner: mlflow_user
--

ALTER TABLE ONLY public.runs
    ADD CONSTRAINT runs_experiment_id_fkey FOREIGN KEY (experiment_id) REFERENCES public.experiments(experiment_id);


--
-- Name: tags tags_run_uuid_fkey; Type: FK CONSTRAINT; Schema: public; Owner: mlflow_user
--

ALTER TABLE ONLY public.tags
    ADD CONSTRAINT tags_run_uuid_fkey FOREIGN KEY (run_uuid) REFERENCES public.runs(run_uuid);


--
-- PostgreSQL database dump complete
--

